uberColorU uberColorG uberColorR uberColorI
1.804981 1.061403 0.5090675 0.4188862
1.247118 0.7442646 0.3974915 0.2621431
0.5885162 0.6434917 -0.2291737 0.1715679
1.749491 0.9846516 0.457962 0.2555199
1.793972 1.147392 0.4759312 0.3509617
1.981758 1.046143 0.4273052 0.3640728
1.711191 0.9564724 0.4430904 0.3291359
1.448145 0.8627758 0.4876556 0.3044815
0.946312 0.3524418 0.2734241 0.09265137
2.452045 1.074661 0.3659744 0.322176
1.713863 0.9343338 0.4078865 0.3347931
1.209305 0.4998989 0.3485889 0.141386
1.952671 1.039577 0.4395504 0.365531
1.505081 0.791584 0.4253502 0.2773466
2.654485 0.5303545 -0.2697783 0.5474854
1.975548 0.9805622 0.4645882 0.3761806
1.700928 0.833786 0.442318 0.3763313
1.045012 0.7432156 0.4187717 0.2681713
1.30715 0.680212 0.4309425 0.2714329
2.037212 0.8854141 0.440937 0.2501831
1.857773 0.8409271 0.4013443 0.3218794
1.971121 0.9515572 0.4090767 0.3506985
2.006264 1.15358 0.4791107 0.3682613
2.730059 1.315285 0.492239 0.3264809
1.536936 0.6961699 0.3539228 0.2568407
1.751539 0.891716 0.3961697 0.2929897
1.534317 0.8366261 0.4182243 0.2856293
1.831394 0.8797264 0.385006 0.2817402
1.684504 0.9374619 0.4723473 0.3397522
1.5896 0.7584686 0.516161 0.2940445
1.95426 1.163832 0.4786091 0.2981358
1.939207 1.220871 0.4380531 0.301281
1.953852 0.9708481 0.4260883 0.372963
2.084948 1.262951 0.4585419 0.2994423
1.23806 0.8775711 0.405468 0.2428799
1.888052 1.12604 0.4703274 0.3211212
1.828472 0.8920326 0.4189835 0.2879944
1.643976 0.7964096 0.4520149 0.3233814
1.800924 0.8132591 0.3588572 0.2733679
1.268803 0.7659893 0.4384708 0.2933083
1.995571 1.056599 0.4574795 0.3504848
1.834505 1.026575 0.4364433 0.3394623
1.519283 0.7641659 0.3840618 0.3027372
2.122494 1.362326 0.4673615 0.3754406
1.519836 0.8990326 0.4310627 0.2803612
1.444563 0.7848511 0.4021816 0.2778511
1.065763 0.5012112 0.3415775 0.1819134
1.794767 0.86973 0.3756161 0.3113317
1.452177 0.7758331 0.4141655 0.286274
0.9276752 0.3633537 0.1767788 0.1734867
1.931364 1.079838 0.4405842 0.3697586
1.442955 0.7336826 0.3772354 0.3085232
1.868748 1.040331 0.3843365 0.3477707
1.85858 0.8300323 0.3868122 0.3082457
1.745113 0.9340401 0.4785461 0.4052029
1.274712 0.6226654 0.4100399 0.2628384
1.520523 0.7193928 0.3695145 0.3442802
1.90473 0.8614769 0.4059944 0.2857714
1.452073 0.711688 0.4043102 0.265358
1.62001 0.7573528 0.3601189 0.296545
1.843636 0.9202662 0.4107475 0.3249903
1.236914 0.61203 0.3582935 0.3212299
1.753008 0.9612103 0.4155579 0.3433704
1.768816 0.9537792 0.4003582 0.3251438
1.745113 0.8625984 0.3441696 0.2849121
1.703707 0.9646549 0.3964558 0.3215618
1.301573 0.5394173 0.2769032 0.1886215
1.959745 1.042643 0.4543743 0.3325434
1.565445 0.8681717 0.4554806 0.3431625
1.689741 0.9181175 0.4561138 0.3187599
1.823576 0.8973808 0.4097595 0.3163815
1.760328 0.7942791 0.3985519 0.3060846
1.912222 0.8829174 0.4236069 0.3143053
1.588823 0.6374283 0.2866869 0.2666683
0.9442253 0.3283577 0.1847115 -0.05772495
1.46489 0.8363247 0.3798199 0.3294487
2.115227 1.101664 0.4089527 0.3799877
2.057091 0.9587154 0.4143524 0.3283081
1.91087 1.011503 0.4465904 0.3716373
1.458403 0.7697659 0.4357319 0.2584572
1.121855 0.5162373 0.307457 0.178545
1.869219 0.9572449 0.5261002 0.393261
1.538687 0.8759365 0.4336796 0.388979
1.374863 0.6203785 0.3889885 0.2633209
1.25857 0.6145935 0.3752823 0.2121105
1.703205 0.814909 0.4288149 0.3258572
1.923923 1.043846 0.4184303 0.4137106
1.862192 0.8436451 0.399065 0.3578386
1.795744 1.117548 0.4989719 0.3754425
1.687363 1.206326 0.4865875 0.3388195
1.366468 0.6823673 0.4008465 0.2421551
1.887924 1.16503 0.4937286 0.2698345
1.751244 1.024157 0.4083748 0.3575802
1.870024 0.9924698 0.3930283 0.3296051
1.140919 0.5510654 0.361187 0.1990433
1.036203 0.4246292 0.316 0.1160221
2.036161 1.277811 0.4563217 0.3400936
1.191778 0.5462799 0.3201752 0.1699219
1.237709 0.5370922 0.3428783 0.2420692
1.607996 0.7736263 0.3592529 0.4719658
1.289793 0.8463898 0.4158363 0.3047504
0.8593388 0.1844788 0.2741432 0.08430004
1.538807 0.9259033 0.4115067 0.2784805
1.721724 1.002907 0.4274845 0.3366108
1.424837 0.7413387 0.4105396 0.3177261
1.519203 0.6900673 0.4118519 0.2429237
1.627119 0.8129845 0.3764286 0.2766352
1.341984 0.6952267 0.4041557 0.2105923
1.61413 0.7988911 0.4418011 0.2984209
1.87188 0.863369 0.4011021 0.2878485
1.285713 0.6537857 0.3580284 0.1957798
1.370615 0.6225739 0.3488541 0.1575432
1.928934 1.032743 0.4371128 0.295866
1.257544 0.5811768 0.3447533 0.2000027
1.781582 0.7390308 0.3634548 0.2552376
1.883751 0.8730145 0.4212151 0.2873993
1.144972 0.6555824 0.3565063 0.2524376
1.735395 0.8327732 0.3752003 0.2894382
1.170454 0.5610046 0.3495712 0.2044544
0.9234009 0.5552807 0.3144455 0.1934414
1.641424 1.294674 0.4607487 0.3758812
1.958225 1.31391 0.4962978 0.3109016
1.599564 0.8786964 0.3866358 0.2989483
1.38295 0.6354847 0.3688507 0.2483463
1.851854 0.8769188 0.3972588 0.3310337
1.152021 0.4439297 0.2760639 0.1250496
1.633801 0.7467098 0.4171638 0.3072948
1.663752 0.8386412 0.4080477 0.3596296
1.682669 0.7804794 0.3542452 0.26863
2.429779 1.305435 0.4985542 0.3484459
2.185223 1.072144 0.4678116 0.3666286
1.13456 0.5575695 0.3448429 0.1342506
0.9985332 0.4019604 0.3180752 0.1509647
2.054327 1.144415 0.4339008 0.3900223
1.822294 0.8574181 0.4274292 0.3234539
0.9871712 0.3430939 0.2875061 0.03720093
1.978388 1.232992 0.4544544 0.3146381
1.468216 1.047379 0.4336815 0.2916203
1.140919 0.4453506 0.2648468 0.1276188
1.976414 0.9754677 0.4225464 0.317111
1.193985 0.537899 0.3482552 0.1490154
2.023619 0.8468552 0.390152 0.2597599
1.438845 0.8228741 0.4369812 0.2543344
1.200535 0.4849052 0.2338781 0.1592684
0.9121876 0.3705587 0.1952009 0.1507425
1.52441 0.7268486 0.3698616 0.2522602
0.9832954 0.3906288 0.2116032 0.1599693
1.10211 0.5832481 0.3150063 0.1980419
1.931307 1.004576 0.3989773 0.3760681
1.5996 0.9244003 0.4560432 0.3165321
1.798729 1.000822 0.4152012 0.3195515
1.763025 0.8859615 0.4118004 0.2830343
1.580059 0.6692543 0.3385944 0.219883
1.710632 1.19516 0.5005875 0.4200096
2.059227 1.078915 0.4569111 0.298584
1.20442 0.4746952 0.3547287 0.1871891
1.853127 0.886898 0.3983326 0.3247223
1.451845 0.881731 0.440527 0.3250751
1.90663 1.003773 0.4307308 0.341259
1.465849 1.150303 0.3849449 0.4275455
1.537054 0.794838 0.3851147 0.2683649
2.019474 0.8817139 0.4115524 0.3391933
1.988577 0.986702 0.5135679 0.3770943
1.29961 0.8106556 0.4102535 0.2976732
1.42351 0.6566944 0.3429394 0.2730579
1.732903 0.9653912 0.4510765 0.3759766
1.562229 0.6793995 0.3772831 0.2443237
1.924786 0.96908 0.4652481 0.3876572
1.874216 0.9572926 0.4093704 0.3343048
1.529133 0.7631969 0.4344788 0.2518444
1.818268 0.9608002 0.4082031 0.2848148
1.990507 1.054741 0.4395599 0.3487959
1.848442 1.069063 0.4087353 0.4010201
1.976046 1.043034 0.4508991 0.3054867
1.668421 1.035999 0.4171104 0.3657951
1.775866 0.8292103 0.4218378 0.2782211
1.94486 1.177593 0.4751034 0.3589325
1.989544 0.9409637 0.4333668 0.3591518
1.016451 0.5108337 0.3173637 0.1284695
1.848566 1.113985 0.4343147 0.32864
1.878115 0.9123306 0.3997517 0.3130007
1.373777 0.7829971 0.40769 0.2687263
2.03863 0.9960899 0.4179993 0.3210144
1.901344 0.9019527 0.4166965 0.3207331
1.978174 1.067715 0.4438019 0.3467903
1.683018 0.8320389 0.3491535 0.2932243
1.187025 0.4856453 0.306778 0.168808
1.741911 0.8360233 0.4124632 0.3078613
1.559937 0.8240929 0.4717407 0.353323
1.728498 0.9157639 0.3863735 0.3064823
1.766577 0.9397125 0.406517 0.2964859
1.097847 0.4684982 0.3147583 0.1455917
1.382215 0.8133163 0.4640503 0.3098469
1.216169 0.6797295 0.4604244 0.2321625
1.856661 1.03587 0.4157619 0.2420025
1.43465 0.8388214 0.4173298 0.2507515
1.126764 0.6046467 0.3439903 0.2048874
1.378834 0.7481251 0.4273796 0.3233719
1.466677 0.7503815 0.3791504 0.2588959
1.754797 1.067163 0.3939886 0.3238173
1.362659 0.8567696 0.416626 0.3010864
2.276783 1.027441 0.4706898 0.3615894
1.857185 0.9093533 0.3700428 0.300271
1.532688 0.7908573 0.4702473 0.3577576
1.7367 1.161625 0.4812279 0.4266548
1.421627 0.6747475 0.287344 0.3425026
1.164944 0.9623566 0.4007664 0.300663
2.092192 1.084528 0.4570904 0.3302708
1.529499 0.7901955 0.3769512 0.2473068
1.177422 0.9098167 0.3643646 0.1493874
0.9663372 0.3046951 0.1051903 0.1395397
1.708801 0.9938316 0.4166183 0.341692
1.924162 1.011864 0.4442062 0.3466759
1.201555 0.7139606 0.4404564 0.2064781
1.930706 1.010305 0.408577 0.3721008
1.498978 0.8773041 0.4214935 0.3599052
1.78306 0.9547348 0.4156437 0.3431473
1.2894 0.6924324 0.3628845 0.1616364
1.873734 0.9418507 0.408659 0.3503876
1.24058 0.5768719 0.2966938 0.1300831
1.648184 0.9830437 0.5328178 0.3840923
1.279751 0.4895515 0.3241959 0.1474323
2.118038 1.119909 0.524025 0.3923683
1.350721 0.6220169 0.3699646 0.2334585
1.053236 0.4636669 0.2521839 0.1747036
1.756226 0.8705139 0.4764786 0.3331203
0.784893 0.2844543 0.2173653 -1.6705
1.524214 0.9527092 0.4266453 0.2665272
1.426865 0.723568 0.3815365 0.2581654
1.894455 0.9649811 0.4249878 0.3418083
2.009726 1.061462 0.4154778 0.3685646
1.349411 0.7357979 0.3829651 0.2513332
1.633356 0.8307724 0.4641342 0.3407326
1.607454 0.8087788 0.4473057 0.3317738
0.9265938 0.3806591 0.2933235 0.02511406
1.455154 0.8890095 0.4437828 0.3202915
1.908203 1.089617 0.5054111 0.4079456
2.089024 1.374594 0.4686985 0.2425003
1.2777 0.5899792 0.373539 0.2011166
1.39028 0.8127213 0.3836994 0.2982121
1.635775 0.9228611 0.4009228 0.2600403
1.709803 0.8836918 0.445241 0.351675
2.80246 1.105776 0.380619 0.3245983
1.057589 0.2385654 0.2561684 0.02226639
1.103626 0.6503181 0.3704357 0.2349548
2.355854 1.190857 0.4836426 0.2726631
1.901968 1.026255 0.4028816 0.3135624
1.371994 0.6827698 0.3455238 0.2198162
2.286226 1.201744 0.4601154 0.3365898
0.9026222 0.2209167 0.2552834 0.003917694
1.725124 0.8946571 0.4826698 0.2837715
1.616743 0.8679619 0.3942852 0.2962894
1.249187 0.7455692 0.3652954 0.2697258
1.824987 1.027191 0.4335918 0.3528938
1.269583 0.3304348 0.1570492 0.1192322
1.292139 0.5687008 0.2894783 0.1637707
1.467972 0.883646 0.3923378 0.2937508
1.31665 0.9430466 0.4576836 0.2661057
1.626255 0.7590408 0.3623657 0.2826958
1.073015 0.3807602 0.3439617 0.1530075
1.712898 0.9313984 0.402462 0.3458118
1.731726 1.046682 0.4538345 0.3675308
1.16078 0.5231609 0.3318462 0.1501369
1.746426 0.8815002 0.4402122 0.3210239
2.081888 1.223984 0.486145 0.3350029
1.658728 0.8074894 0.3794613 0.2944374
1.18829 0.7994576 0.4236069 0.238615
1.519123 0.9530773 0.4465714 0.3377476
1.197548 0.6173649 0.3442707 0.2183266
1.818523 0.96595 0.4120045 0.319479
1.701084 0.838522 0.47925 0.3490906
1.962357 0.9054928 0.4128094 0.3488979
1.817305 0.8507023 0.3956699 0.3286934
1.7939 0.9551754 0.4132671 0.2751541
1.236235 0.4197521 0.1956654 0.1060085
1.27603 0.5930996 0.3525295 0.2565575
1.817362 0.874567 0.4041328 0.3020477
1.284657 0.6037636 0.311121 0.2430696
1.331293 0.829731 0.3858833 0.3392544
1.254072 0.8910046 0.4122028 0.2577629
1.826593 1.096672 0.4332409 0.2728329
1.94277 1.238913 0.4690285 0.3447857
1.877295 0.8618393 0.3523216 0.2590675
1.78635 1.005333 0.4444046 0.3196144
1.86628 0.9002628 0.4688511 0.3151474
1.162678 0.7375755 0.4006596 0.2264576
1.661798 0.9395123 0.4928379 0.4002876
1.636377 0.8660755 0.4386578 0.3177338
1.627054 0.7425594 0.4106789 0.3296318
1.937351 1.03829 0.4091949 0.3431091
1.725683 0.8547192 0.4863911 0.352582
1.172344 0.509346 0.3094406 0.1749096
1.093008 0.6584778 0.3330402 0.1334457
1.24761 0.4955311 0.3041878 0.2196865
1.139414 0.6487389 0.3417168 0.2731743
1.56666 1.060558 0.5009232 0.3853054
1.348822 0.6109715 0.355629 0.2622242
2.066164 0.9916954 0.4111195 0.3490906
1.067015 0.4726181 0.3610859 0.196146
1.81954 0.8536491 0.4065933 0.3505163
0.9114246 0.3366947 0.2479401 0.1399212
1.201801 0.5081043 0.3154888 0.2404461
1.825769 1.007053 0.4788265 0.3899059
1.836317 0.9635868 0.4116325 0.35676
1.747034 0.8834038 0.3954353 0.3292084
1.385309 0.7263374 0.3831539 0.2723417
1.713564 1.18788 0.4735298 0.3612785
1.028627 0.5160923 0.4344273 0.1580467
1.778473 1.14526 0.4698734 0.3414574
2.030752 1.289574 0.4888535 0.363842
1.272184 0.5136738 0.3526173 0.2830448
1.342436 0.6974182 0.4269505 0.3129444
1.888882 0.9346542 0.3787727 0.3367577
1.798845 0.9174442 0.4079037 0.2822094
1.586361 1.478252 0.4345245 0.3855381
1.678238 0.8949776 0.4118271 0.3040466
1.289516 0.6026897 0.3400707 0.2516689
2.195074 1.165678 0.5145664 0.3740978
1.122492 0.4758015 0.2824955 0.2185516
1.70496 0.9239349 0.4510841 0.3500767
1.541174 0.824295 0.3851986 0.3263779
1.374943 0.7863808 0.5621548 0.1323433
1.452681 0.5948219 0.3283558 0.3069515
1.789789 0.8723564 0.3594456 0.3154869
1.885559 1.156055 0.4748478 0.4137383
1.428207 0.8225136 0.3718166 0.2532825
2.124039 1.277597 0.4996872 0.347168
1.106421 0.5290623 0.352726 0.170948
1.417324 0.9208736 0.3900928 0.2354774
2.077017 1.119333 0.4428596 0.318346
1.739603 0.9762516 0.4455376 0.3345261
1.924191 0.938694 0.4147186 0.3321619
1.877234 0.8763409 0.3995457 0.3027496
2.169727 1.218832 0.4813766 0.3949261
2.023361 0.9155579 0.4448967 0.3359814
1.161213 0.7329712 0.3723793 0.2505474
1.355566 0.5599766 0.3169327 0.2598476
0.9856129 0.4402027 0.298687 0.1981163
1.216516 0.6136589 0.4246998 0.2000198
1.965111 1.01367 0.4400005 0.3157921
0.9609489 0.3242378 0.1996174 0.1500149
1.065508 0.3698711 0.2948246 0.09968376
1.141405 0.4950581 0.2846985 0.1926174
1.420389 0.5953789 0.2990551 0.1917915
1.778259 0.8741493 0.3862228 0.2985134
1.343685 0.6109848 0.3280182 0.1646328
1.108912 0.3802319 0.1751137 0.1567726
1.613804 0.8855686 0.3977909 0.3385048
1.929932 1.001848 0.4241695 0.358861
2.075212 1.029882 0.4270382 0.4029522
1.444574 0.6663704 0.3207836 0.2226315
2.010958 1.019402 0.4172649 0.342001
0.9317627 0.351181 0.2687168 0.1156673
0.979784 0.4238167 0.2874546 0.2134809
1.736628 0.9770412 0.437849 0.3419285
1.429592 0.7690601 0.3824997 0.2892323
1.246918 0.3911171 0.2105484 0.1843319
0.9174156 0.3128757 0.2386417 0.1003933
1.343685 0.728035 0.3823128 0.251462
1.314495 0.6750374 0.3682213 0.2552948
1.411873 0.6310654 0.354744 0.236105
1.516197 0.663084 0.3954792 0.2853765
2.018879 1.024303 0.40695 0.3020153
1.750355 0.8920689 0.3676739 0.2955246
2.117716 1.003069 0.4684238 0.3267956
2.030865 0.976099 0.4192524 0.338974
1.510231 0.6856937 0.3979206 0.2421331
1.462593 0.8597393 0.404398 0.2671223
1.082172 0.4876862 0.3638706 0.1655293
1.30932 0.6161785 0.2903481 0.2073956
1.758482 1.021559 0.4712429 0.3546486
1.667128 0.8279953 0.3943119 0.2751579
2.077339 1.027533 0.3895283 0.3138981
1.003405 0.4729958 0.3345165 0.191349
1.591488 0.8092499 0.4144115 0.2730703
1.105989 0.3335876 0.1756268 0.09351921
1.793407 0.8336678 0.4149475 0.3339748
1.489208 0.656414 0.3383331 0.2268448
1.980783 0.9174271 0.4140491 0.35182
1.948643 1.074884 0.4242973 0.3324165
1.90914 0.9237843 0.40201 0.3293953
1.120739 0.6084976 0.3407421 0.2059803
1.874792 1.009998 0.4144268 0.3421726
1.792963 0.8867245 0.3789902 0.2622986
1.226805 0.6125412 0.3275528 0.2427988
1.801409 0.92416 0.3889179 0.2951527
1.907572 0.8728218 0.4040947 0.3053465
1.461962 0.6762276 0.384182 0.2557869
1.744587 0.9122524 0.4235592 0.3285856
1.536961 0.6682358 0.3555279 0.2657948
1.765734 0.9129772 0.3754997 0.3193474
1.398315 0.846529 0.4467525 0.3286076
1.92705 0.8908262 0.401906 0.2942581
1.480547 0.7628479 0.4647179 0.331852
1.032482 0.4455891 0.3620567 0.1769466
1.908161 1.122231 0.4820366 0.3204002
1.836777 0.8930016 0.4090767 0.3425093
1.728493 0.8603611 0.403986 0.321126
1.966696 0.932415 0.4207745 0.3275661
1.066965 0.4767342 0.3729477 0.1241169
1.938084 0.8806725 0.3834724 0.3357258
1.959585 1.163845 0.4482403 0.3144398
1.786148 0.8480015 0.3852768 0.3047647
1.891005 1.019987 0.4416599 0.3588142
1.67037 0.8275986 0.4353657 0.2916584
1.305506 0.6955986 0.4725637 0.303627
1.114407 0.5936966 0.3473415 0.1286507
1.765301 0.8026447 0.3411484 0.2234936
2.090729 0.990715 0.3852234 0.3487988
1.782375 0.9886398 0.5262794 0.3882542
1.857401 1.228029 0.4733143 0.3900509
1.563202 0.9241276 0.3958359 0.2873211
1.817177 0.912302 0.455925 0.3451719
1.570255 0.593029 0.3370762 0.2623539
1.497513 0.8862782 0.4328423 0.3220558
1.227591 0.6953583 0.3642673 0.308588
1.713402 0.9437027 0.3798428 0.3355007
1.801105 1.192106 0.4694157 0.3190022
2.258802 1.159197 0.3944225 0.398243
1.262434 0.6354198 0.3634062 0.2471628
1.413738 0.7207928 0.3674412 0.2882233
1.939186 1.047829 0.4707394 0.3441734
0.9960804 0.3277512 0.2288303 0.1070557
1.504097 0.8814716 0.3922729 0.3591404
1.513914 0.7327557 0.4063816 0.3745804
2.067575 0.9313717 0.3847046 0.3417263
1.781712 0.850399 0.3668022 0.2957268
1.175169 0.5515919 0.3677082 0.1974583
1.11405 0.5417271 0.354845 0.2348232
1.782452 0.7776356 0.3351803 0.20364
1.287178 0.5465622 0.2786207 0.2076616
1.198092 0.5163212 0.3197193 0.2102709
1.487352 0.7952309 0.4048862 0.3583221
1.909918 0.9274387 0.4777908 0.4038439
1.269459 0.4591541 0.2693691 0.1459694
1.827408 1.022457 0.4231682 0.3458548
1.986124 0.8925371 0.4066639 0.3172827
1.815857 1.191408 0.4072285 0.2827148
1.708866 0.9385242 0.4174938 0.3443623
1.487175 0.6892281 0.3356419 0.2235022
1.013062 0.4514961 0.2810125 0.2325258
1.740879 0.8468742 0.368494 0.3270721
1.832544 0.8226585 0.3984489 0.3235588
-0.4795704 -0.8980122 2.074707 -0.1974812
1.413515 0.8349285 0.4766369 0.3467045
0.9938717 0.5142746 0.3574066 0.1667213
1.755913 0.7056541 0.3421707 0.3021202
1.698553 0.740324 0.3593216 0.2906265
1.443083 0.8367882 0.428627 0.343317
2.053257 1.05304 0.4426346 0.3375416
1.133339 0.5772724 0.3672962 0.2221909
1.666889 0.9458866 0.4457474 0.3306675
1.83827 1.126495 0.416853 0.3351192
1.857872 0.9971848 0.4061508 0.2998447
1.554073 0.6562672 0.3442421 0.2403812
1.278917 0.6032352 0.3008928 0.2333784
1.557886 0.8978596 0.4685688 0.3733215
1.865229 1.110434 0.4029503 0.2713509
1.416885 0.5970078 0.2785006 0.2139215
1.47047 0.6934738 0.3882599 0.2979336
1.840706 1.001648 0.4149418 0.3021317
1.809887 0.8587112 0.3878822 0.2888756
1.699696 0.8384304 0.3816586 0.2767906
1.894005 0.9620113 0.4252987 0.3215961
1.755468 0.9172077 0.4263916 0.323535
1.266096 0.5971718 0.3483105 0.2362785
1.871281 1.012941 0.3991661 0.3519802
1.920271 0.7987385 0.363308 0.2610645
0.9259815 0.3193798 0.2102547 0.06222153
1.106483 0.594305 0.3463001 0.1669483
1.052128 0.3800716 0.286623 0.09298515
1.370934 0.6481876 0.3426924 0.3110743
1.824165 0.937645 0.3661118 0.2391968
1.871994 0.8714619 0.3934193 0.3195724
1.809109 0.924242 0.3687439 0.3788395
1.202765 0.3209 0.2572536 0.1195202
0.8934135 0.2733974 0.1520615 0.1591415
1.45244 0.7571526 0.4579964 0.2626534
1.341251 0.8143692 0.4210091 0.2748089
1.702433 0.805357 0.3666725 0.3055067
1.717646 0.9093857 0.3656597 0.3041916
1.579223 0.7688494 0.4031591 0.3025732
0.9466209 0.2724018 0.2409649 -0.02930069
1.347147 0.6258144 0.3812885 0.2504749
1.685261 0.7960491 0.3631096 0.2545395
1.38803 0.5945759 0.3514709 0.2697716
1.042503 0.5115967 0.2998676 0.1257839
1.990389 0.8773155 0.3845959 0.2894897
1.506323 0.6771402 0.3576345 0.2354422
1.698114 0.900629 0.4178028 0.317749
1.350601 0.7599163 0.4056587 0.2523346
1.264925 0.5617485 0.3269882 0.1663628
1.591576 0.6951962 0.3242779 0.249567
1.95746 0.9056664 0.449316 0.3314514
1.890289 1.041239 0.4223137 0.3807945
1.862 0.8709221 0.4017572 0.3091373
1.293741 0.6982689 0.4067478 0.2849808
1.185537 0.6075535 0.2657433 0.2971725
1.54619 0.7931023 0.4115753 0.3478251
1.218014 0.5419331 0.3220062 0.2072296
1.574738 0.8752441 0.5041733 0.3081532
1.806555 0.9063625 0.4473515 0.3242645
1.964104 1.066715 0.4993668 0.3990364
1.244287 0.6610165 0.3691826 0.2574043
1.60412 0.7483854 0.3706379 0.2865524
1.791693 0.9449501 0.3658409 0.2205753
1.387793 0.5992165 0.3399487 0.1985016
0.9819241 0.4547939 0.3807869 0.09068298
1.896339 1.266027 0.4858665 0.3266888
1.537054 0.8611946 0.4671021 0.272747
2.073151 1.068821 0.4377346 0.3633223
1.634233 0.9394531 0.3920393 0.3599081
1.482862 0.731699 0.3857565 0.2635098
1.113453 0.4511642 0.3441486 0.1304359
1.090191 0.6660767 0.2900372 0.2655258
1.110044 0.3769207 0.2341366 0.1511459
2.097427 0.9498577 0.409317 0.3745174
1.716951 0.8611355 0.3727074 0.2763901
1.763905 0.7078094 0.3314915 0.27491
1.759794 1.221254 0.4957695 0.4058952
0.9968624 0.707201 0.3605099 0.2580395
2.016273 0.9759254 0.4028244 0.3894787
1.745359 0.733181 0.333046 0.2940311
1.543621 0.8298225 0.4519768 0.376833
2.105751 0.8756618 0.3976383 0.294343
1.698812 0.9037132 0.4190121 0.307106
1.850122 0.9056358 0.4210091 0.3048401
1.908363 1.073565 0.4359226 0.3401871
1.910984 0.8875561 0.3849411 0.2961349
1.09726 0.5355778 0.3025665 0.1634293
1.626497 0.79809 0.443572 0.351264
1.745361 0.8684807 0.3881416 0.3210354
1.384659 0.393259 0.215456 0.05497932
1.572893 0.5364437 0.2841358 -0.1467876
1.676699 0.8703442 0.4363136 0.3050861
1.594225 0.6610012 0.3693352 0.2733698
1.28668 0.795536 0.4249821 0.2605019
2.065859 0.9887428 0.446476 0.3346214
2.058659 1.189451 0.4875278 0.3429756
1.967768 0.9906616 0.4630985 0.3632011
1.33433 0.8940258 0.4190464 0.2506523
1.042274 0.4265041 0.2837162 0.1330624
1.342718 0.8744831 0.408371 0.2269688
2.027531 1.091724 0.4403343 0.3580723
1.695223 0.7654495 0.3444977 0.2150097
1.855944 0.98559 0.426239 0.3096657
2.073278 1.063467 0.4952583 0.395546
1.573191 0.7985325 0.4058704 0.2846317
2.026272 1.312603 0.4983654 0.3756046
1.977436 1.196577 0.4237137 0.3149128
1.124619 0.4763317 0.3009186 0.169426
1.318356 0.7178211 0.427557 0.2500324
2.058874 1.29034 0.4743767 0.320488
1.46545 0.7108097 0.3704529 0.3036585
1.727728 0.9302273 0.4138069 0.3162403
1.983973 0.9741669 0.4219112 0.3790693
1.718132 1.200895 0.4488125 0.3602676
1.160688 0.534811 0.3185272 0.2175827
1.806614 1.169376 0.4669075 0.3678741
1.133554 0.5925617 0.3420906 0.224205
1.199614 0.4187603 0.243597 -0.009260178
1.310846 0.7511559 0.3668613 0.3032684
0.992897 0.3363914 0.2518806 0.1008949
1.839966 1.020514 0.4227352 0.3341789
1.690031 0.8318691 0.4915981 0.2958698
1.156059 0.4370041 0.138792 0.09932804
1.474796 0.8831539 0.421896 0.265852
1.648634 1.138054 0.485878 0.3043728
1.027235 0.3235321 0.2276745 0.06416225
1.673351 1.054073 0.4348774 0.2486172
1.665476 0.8655376 0.4073009 0.3087902
1.629953 0.8408833 0.3609524 0.2939568
1.870565 1.154741 0.446125 0.3039398
1.624241 0.9721146 0.5230827 0.2583313
1.332611 0.570653 0.3141098 0.1837826
1.185743 0.5568237 0.3391666 0.2391243
1.384184 0.5204964 0.3123798 0.1811237
1.725296 0.8250504 0.4109669 0.294302
1.172073 0.4891777 0.2649994 0.1875973
1.204451 0.5581932 0.3524036 0.1924114
1.722685 1.047077 0.451004 0.357748
1.594454 0.7713585 0.3775997 0.2658386
1.838011 0.8999138 0.3694344 0.3430138
2.126886 0.991993 0.37714 0.3350477
1.787172 0.9483147 0.5255299 0.3477478
1.639042 0.7937641 0.4046144 0.31814
1.693419 0.7899456 0.374115 0.2264748
2.19039 1.042734 0.4460239 0.3559494
1.257803 0.5483265 0.3392315 0.1685877
1.953503 0.9167404 0.3999195 0.3127594
1.943102 1.068672 0.4534607 0.3808317
1.604954 0.8389969 0.4825916 0.4132185
1.860453 1.178301 0.4995766 0.4219627
1.639397 0.8467388 0.3764 0.2561474
1.067467 0.3190918 0.2140999 0.1279335
2.362867 1.257444 0.5035591 0.3565483
1.318857 0.674181 0.4312229 0.2889462
1.189266 0.40769 0.2314796 0.1470804
1.036108 0.3775616 0.3217831 0.1106129
1.232336 0.5092487 0.2564049 0.1867065
1.159416 0.4562931 0.3266621 0.1355762
2.027018 1.160433 0.4610748 0.3299465
1.455009 0.7527981 0.4126301 0.3157673
1.050604 0.286417 0.1688385 -0.04961395
1.724684 0.93396 0.4375992 0.3179092
1.43902 0.7793655 0.4214153 0.3076687
1.10733 0.4463081 0.3349438 0.1937637
2.208078 1.004881 0.4371834 0.3547802
2.305208 1.194723 0.4373226 0.3105583
1.206842 0.9137669 0.4435883 0.2926197
1.553679 0.8591328 0.4118595 0.3351326
2.081961 1.109741 0.4120808 0.3542881
1.471615 1.131817 0.4864311 0.2904148
2.014402 1.101377 0.4326286 0.3370285
1.685547 0.5458965 0.3440838 0.127655
1.216667 0.557457 0.3435574 0.2102051
1.684088 0.8490143 0.4081631 0.3045921
1.354237 0.5923004 0.2557163 0.2052498
1.877562 1.07135 0.4583149 0.3380566
1.392277 0.6935978 0.3289433 0.2507305
1.019943 0.2854118 0.1887264 0.1527309
1.177704 0.3633976 0.2181816 0.1459675
1.798704 0.9623928 0.3936291 0.3278141
1.497932 0.7326031 0.3633347 0.2939825
1.189184 0.6185684 0.3459568 0.1748943
1.340382 0.574873 0.324995 0.2875118
0.8562393 0.2580128 0.2061844 0.1178646
1.595905 0.7872238 0.4393969 0.4051447
1.819094 0.8160496 0.3852167 0.3279495
1.018963 0.4457626 0.3119469 0.2082062
1.466825 0.7863846 0.4340363 0.3026276
1.895124 0.8951988 0.4012585 0.355875
1.793758 0.8520145 0.3801775 0.2803917
1.100441 0.5769196 0.2989159 0.1813507
1.207872 0.5069904 0.3182144 0.1912708
1.158886 0.4369736 0.1149712 0.3310947
2.104694 0.9495506 0.3932457 0.3034019
1.062925 0.4227943 0.276598 0.1370878
1.686247 0.9170933 0.415638 0.3253298
1.318341 0.5197058 0.2951365 0.1977005
1.735121 0.998003 0.4426975 0.293541
1.379416 1.120892 0.4852676 0.3367577
0.9725533 0.3204594 0.2477551 0.1304722
1.780718 0.8644409 0.3915596 0.304306
1.227901 0.493845 0.2649155 0.2127781
1.450794 0.8700562 0.4228516 0.3196869
1.03677 0.5155888 0.2987442 0.1761551
2.017416 1.045708 0.452219 0.3748407
1.962406 1.040506 0.4512615 0.3332176
1.277855 0.6240406 0.3561783 0.3616352
1.784609 0.9458427 0.4470749 0.3609161
2.186865 1.402021 0.5039864 0.3277435
1.608782 0.9080963 0.4162407 0.2832432
1.217072 0.6026192 0.3804703 0.2270508
0.8955383 0.4778042 0.2581186 0.2093687
1.455681 0.6997032 0.3956776 0.2545614
1.379444 0.6838646 0.3523502 0.2629757
1.395571 0.6220055 0.3745499 0.231225
2.847036 1.247339 0.4724216 0.3488789
1.670073 1.006422 0.4460621 0.305748
2.031719 1.077719 0.4792461 0.3796959
2.253914 1.028584 0.3764248 0.3804207
2.00559 1.090729 0.4390945 0.3435593
1.747114 1.009083 0.4621925 0.1794357
1.234568 0.6050701 0.3234711 0.3076801
1.020649 0.5195751 0.5103741 0.1143494
1.562786 0.861269 0.3564901 0.2627573
1.767324 0.7781658 0.345335 0.3239651
1.159595 0.3909245 0.2951927 0.140995
1.145092 0.811985 0.3791847 0.2701569
1.100161 0.4023972 0.1602802 0.1428051
1.657146 0.8095741 0.4414234 0.3070259
1.125404 0.4090309 0.2419662 0.2061424
2.234447 1.090496 0.4280682 0.3754673
1.152037 0.5505314 0.303339 0.1891117
1.196404 0.5858402 0.2456093 0.07158089
2.084221 1.038067 0.4347229 0.3542652
1.78289 0.8371983 0.3489666 0.2646599
1.154322 0.5390968 0.3984451 0.1824474
1.243427 0.5620632 0.2859316 0.2012854
2.011292 0.8720989 0.4209023 0.3554535
1.230564 0.5586929 0.2581692 0.149271
1.791864 1.052931 0.4755707 0.3615961
1.731588 0.8493767 0.4066963 0.3055515
1.346182 0.4554405 0.2992306 0.1428509
1.164167 0.4936562 0.352993 0.2253513
1.075981 0.8708 0.4373245 0.2939072
1.870302 0.9970264 0.3990135 0.3944798
1.802877 1.060324 0.4670773 0.3670483
1.362108 0.755106 0.3960876 0.2591476
1.893677 0.8139076 0.3814411 0.2791481
1.179525 0.2653618 0.1598225 -0.019701
1.267765 0.661787 0.37323 0.131567
1.939772 1.199436 0.4541836 0.3463879
1.859478 0.7940235 0.3427706 0.3117666
1.133917 0.5174198 0.3038292 0.1732311
1.833544 0.8479462 0.3930111 0.2670221
1.438322 0.7654896 0.3929653 0.2126293
1.497225 0.8312378 0.4775143 0.3529263
1.490709 0.6324329 0.3168583 0.1747208
2.229935 1.043268 0.5023785 0.4199734
1.927719 1.132467 0.4215755 0.3701782
1.252033 0.3589134 0.227499 0.0333252
1.862453 0.8466244 0.3931656 0.2891951
1.808716 0.957283 0.3918152 0.328722
1.198111 0.6829529 0.3200397 0.1496429
1.676939 1.119806 0.4894199 0.3561363
1.7936 0.8510113 0.4148731 0.3016176
0.9909763 0.5917225 0.3653584 0.1691132
1.305904 0.6644955 0.4001713 0.1876621
1.295549 0.522398 0.3173294 0.1749897
1.872791 0.9355202 0.4074879 0.3291187
1.042858 0.4877434 0.2356567 0.1801262
1.299578 0.5636301 0.3388844 0.209939
1.414557 0.5293045 0.3193817 0.2368507
0.9529552 0.3683414 0.2732582 0.1230011
1.952902 0.8952293 0.3980103 0.3508129
1.466064 0.7655296 0.3645649 0.2580357
1.870565 0.8672314 0.3910751 0.2770119
1.21484 0.5213118 0.2985287 0.2259188
1.366436 0.7986221 0.4448891 0.284193
1.186863 0.5875683 0.3452415 0.2288532
1.197376 0.5705452 0.3261108 0.207262
1.73321 1.014368 0.5139389 0.4502659
1.159172 0.7884617 0.4387245 0.2552662
1.906942 0.8728352 0.3970871 0.2901001
1.035608 0.6296997 0.3842373 0.1664715
1.199284 0.4276829 0.261982 0.1879654
1.838156 1.269199 0.512085 0.33465
1.32988 0.7025547 0.4143848 0.2010031
1.834913 1.094128 0.4557648 0.3824425
1.87397 0.955265 0.4402847 0.3425465
1.260975 0.4340057 0.1632299 0.1399403
2.127079 0.8951416 0.4283142 0.3581276
1.698256 1.038424 0.4195099 0.3345909
1.285595 0.4673004 0.2753792 0.1183395
1.309427 1.069204 0.4749851 0.3421326
1.639261 0.7914371 0.3730125 0.1707439
1.804266 0.8831844 0.437335 0.336257
1.966286 0.9166794 0.43223 0.2997408
1.830324 1.000967 0.4036064 0.3628998
1.623713 0.699625 0.3638802 0.1935158
1.699877 1.049404 0.4386539 0.3317642
1.469917 1.001087 0.479351 0.2923126
2.297169 1.011948 0.4372997 0.3539925
1.695189 1.075029 0.4462852 0.3796673
1.378519 0.8281021 0.3950157 0.2829952
1.952341 1.077858 0.5031109 0.3906231
1.811464 1.007732 0.39884 0.3466873
1.058889 0.5550995 0.3784294 0.1860275
1.774422 0.859663 0.3887119 0.2913399
1.625658 0.9977951 0.4689102 0.4017372
0.9138956 0.3007402 0.1722393 0.120121
1.830833 0.9257145 0.3936825 0.3566113
1.619795 0.7202435 0.3400459 0.2289333
1.249374 0.6954365 0.3707542 0.2344303
1.11569 0.4315681 0.2806931 0.1546726
1.339792 0.5750847 0.3386784 0.196785
1.75325 0.8018656 0.3588581 0.2992611
2.140806 0.9015236 0.4253845 0.2674484
1.746204 0.8735046 0.4510136 0.2841711
1.341516 0.5523033 0.334775 0.1921854
1.50691 0.8199825 0.4576931 0.3525333
0.940979 0.335165 0.3145676 0.07455063
1.746298 0.9156647 0.3868942 0.2727604
1.825884 1.154659 0.4881496 0.375515
2.240032 1.136852 0.4557781 0.3512192
1.66091 0.7843266 0.3532152 0.2660847
1.680687 0.8157291 0.3791943 0.3334951
1.163624 0.5959435 0.3428555 0.217865
0.971426 0.4483166 0.2613411 0.21735
1.881586 0.8711605 0.3779116 0.3192139
1.5268 1.225468 0.4957371 0.3193893
1.754837 0.8112831 0.3984909 0.3147907
1.878204 1.099024 0.415226 0.3780537
1.093788 0.5648232 0.3128662 0.1746101
1.18232 1.059431 0.4493656 0.3534584
1.329367 0.6629372 0.3674717 0.3039722
1.948259 0.9183331 0.4501848 0.3354969
1.349775 0.8027763 0.497015 0.2477226
1.914776 1.128075 0.4700222 0.3506489
0.914835 0.3347073 0.2103233 0.09083557
1.139078 0.3526764 0.2123013 -0.01018524
1.607302 0.8842907 0.438221 0.3358841
1.430338 0.7684364 0.4027414 0.2953358
1.307314 0.6684208 0.4129715 0.3352098
1.831184 1.070578 0.4369755 0.3506241
1.899054 0.9801025 0.4219646 0.3359413
2.164923 1.012074 0.4271221 0.3287983
1.553997 0.7356281 0.4018698 0.3359251
0.8268261 0.4688854 0.3643093 0.06484413
1.922148 0.986866 0.4857407 0.3800106
1.219915 0.5709686 0.3279791 0.2289591
1.083174 0.5179806 0.2956238 0.2472038
1.143835 0.5098076 0.2845917 0.2138672
1.795782 1.120218 0.4584217 0.3790703
1.574902 0.8322001 0.3889303 0.3304043
1.099295 0.5558548 0.2927361 0.1732845
1.8216 1.003128 0.4251976 0.363945
2.015984 0.9538403 0.4371834 0.3650761
2.112896 1.231886 0.3506718 0.4398937
1.350296 0.819849 0.3707943 0.2296581
1.334539 0.6370602 0.3466969 0.2599907
1.279123 0.6581793 0.4103708 0.2879677
1.781803 1.046635 0.4311314 0.3620853
1.341349 0.6366301 0.3395424 0.2492895
1.08176 0.404356 0.211277 0.1586227
1.127399 0.7586823 0.7203941 0.2541924
1.219217 0.6447563 0.3831711 0.1920433
1.75135 1.051004 0.4374542 0.3576927
1.883867 1.130808 0.4348049 0.4085865
1.201223 0.4894848 0.2717638 0.500062
1.844069 0.8912296 0.3896351 0.310359
1.961603 0.7820377 0.4331589 0.3306599
1.859144 0.9896564 0.412632 0.3401051
1.885401 0.8305464 0.3740807 0.3138523
1.746964 1.033289 0.4793205 0.3316307
1.736198 1.215616 0.4983082 0.3288784
1.791185 0.9288616 0.4107361 0.3256531
1.90383 1.272511 0.5169067 0.3237629
1.772652 0.8133163 0.3554001 0.2704353
1.762323 0.8358803 0.4163036 0.2850037
2.032515 1.025524 0.448822 0.400897
2.857428 1.383404 0.519598 0.3600006
1.699604 0.8006363 0.4092808 0.3397036
2.000965 1.047226 0.5077133 0.3466244
1.211197 0.7894115 0.4521141 0.2880402
1.849247 0.870636 0.3996468 0.3210068
1.125469 0.3901939 0.2550812 0.17066
1.83733 1.004446 0.4071007 0.2972069
1.543463 0.7790527 0.4320202 0.3254528
1.23575 0.6120777 0.3505058 0.2607412
1.046364 0.3845387 0.2446404 0.1217613
1.966272 0.9943905 0.4401569 0.3874702
1.91836 0.8560066 0.401453 0.3053036
0.9542027 0.3095379 0.2753563 0.1307907
2.05105 1.068392 0.4625912 0.3388271
1.731024 0.8186035 0.4226093 0.3134346
1.12748 0.4779911 0.2720203 0.210062
1.582859 0.9080296 0.4731274 0.3655005
1.836575 0.9775448 0.3972988 0.3532925
1.911667 1.032944 0.4303532 0.3496437
2.137522 2.009634 0.2504349 0.2091141
2.09655 0.9888077 0.4366798 0.3839664
2.001894 1.016367 0.4443665 0.3885307
1.491234 0.6964512 0.4018841 0.3141365
2.106796 1.067554 0.5187988 0.4272118
1.574837 0.6900539 0.3237476 0.2366009
1.303968 0.6023617 0.3421726 0.2236233
1.200724 0.4805088 0.2797089 0.1898155
2.053616 1.053759 0.5347996 0.3885994
1.568123 0.8584347 0.4085712 0.2347422
1.429527 0.4977093 0.2549419 0.1854858
1.424618 0.6772728 0.345583 0.2203922
1.178915 0.4674587 0.2900124 0.1497688
1.834444 0.8320827 0.3920279 0.2850895
1.702721 0.7350426 0.3984585 0.273777
1.810467 0.8598347 0.4013939 0.2947102
1.789549 1.273008 0.4839745 0.3536968
1.703087 0.8692093 0.3672886 0.2822781
1.38509 0.6532784 0.3249779 0.2271385
0.9615822 0.7968864 0.5695858 0.3055668
1.831114 1.111668 0.4683266 0.3622227
1.901621 0.9094296 0.3939896 0.3291779
1.815248 1.017281 0.4689064 0.375061
2.281046 1.238708 0.4731598 0.3440857
1.560488 0.762682 0.4350262 0.2752857
1.874428 0.8978844 0.410408 0.2971344
2.055382 -0.1781807 0.8838558 0.6403561
1.277336 0.5802383 0.3710918 0.2128868
1.266939 0.6630058 0.3295908 0.2652512
1.510788 0.835289 0.4237976 0.3053761
1.708519 0.8787899 0.4244823 0.3023663
1.921946 0.9941998 0.5314693 0.3810883
1.290894 0.6669998 0.4009094 0.2791138
1.496752 0.7085629 0.3854294 0.2363663
0.9601326 0.4138165 0.3131866 0.1145344
0.8937263 0.4369774 0.3451328 0.1347713
0.9900856 0.4319515 0.2141495 0.2055845
1.920624 0.9809055 0.4328995 0.3818626
1.212845 0.9762249 0.4047527 0.2800961
1.666859 0.9346008 0.4074535 0.3666687
1.971561 1.010111 0.4153032 0.3769712
1.456062 0.7355385 0.35536 0.2994003
1.729942 0.8625498 0.3674059 0.2697525
2.172747 1.113688 0.4262524 0.3177681
1.434856 0.9620781 0.4452915 0.291256
1.325933 0.5445938 0.3314705 0.1471272
1.772387 0.9687328 0.4222584 0.3312073
1.859468 1.034283 0.4315758 0.3211021
0.9084167 0.6264324 0.3579731 0.1921654
1.339684 0.8444481 0.382988 0.2937164
1.197039 0.4798145 0.3368912 0.1658411
1.545912 1.018835 0.4745846 0.3571491
1.652975 0.8478985 0.421627 0.2713356
1.403505 0.6944351 0.359251 0.1996765
1.121532 0.4766464 0.323288 0.1651173
2.433886 1.158272 0.4737625 0.3200951
1.479744 0.6436329 0.425499 0.3139343
1.749228 0.8716087 0.3752823 0.2957439
1.741419 0.8078251 0.3618164 0.293788
1.644238 0.8507175 0.3620815 0.2705269
0.9990578 0.3754463 0.2437038 0.1134167
0.9408569 0.2172508 0.2959709 -0.1273746
2.189125 1.233755 0.411253 0.3426781
1.455498 0.8407421 0.4531059 0.3140392
0.8932514 0.2615528 0.1729584 -0.01818848
1.271967 0.7248707 0.4054127 0.2932777
1.79834 0.8184185 0.3876286 0.2692432
1.807749 0.9431667 0.3935432 0.308672
1.141305 0.5502596 0.2727575 0.2433882
1.986944 1.028389 0.4477596 0.3576736
1.7241 0.7639141 0.3867455 0.2771959
1.995972 0.7471409 0.3652859 0.2975864
1.835865 1.229525 0.445755 0.28899
1.718332 1.019892 0.4086037 0.3246231
1.476032 0.7423973 0.4502506 0.3051338
1.728571 1.236799 0.4265022 0.2325859
1.369556 0.8256569 0.3810081 0.2969751
0.8988361 0.3994503 0.292778 0.07814026
1.759493 0.8647499 0.3849125 0.2999134
1.545317 0.6639881 0.4043007 0.2559166
1.790468 0.860199 0.3852634 0.2813511
1.396425 1.045525 0.4700928 0.3924656
1.880987 1.18059 0.471302 0.4005775
1.262751 0.5713291 0.3307371 0.2663956
1.994663 1.042435 0.3720818 0.3318996
1.791712 1.15694 0.4832859 0.3129539
1.265095 0.5572014 0.3465557 0.244957
1.828775 0.7643871 0.3851147 0.2905312
1.522383 0.995245 0.4248829 0.3143234
1.840221 0.9585342 0.4335251 0.3668442
1.855473 1.092838 0.430542 0.3485203
1.647509 0.9930973 0.401535 0.3188992
1.410076 0.7288132 0.4520454 0.3343239
1.834269 0.8379087 0.4685774 0.4205704
1.651674 0.8148117 0.4034405 0.2999744
1.741072 1.178797 0.5114784 0.3605785
1.318899 0.7377949 0.4021378 0.3125057
1.500336 0.760191 0.3968821 0.269619
1.852095 1.013163 0.4266834 0.305027
1.213964 0.6386471 0.3558121 -0.1428413
1.516836 0.762064 0.389782 0.3311195
1.832346 0.7991581 0.3631907 0.2905054
1.884069 1.025808 0.4199905 0.290617
1.643524 0.8750858 0.4732742 0.3426533
2.116549 1.203964 0.4566994 0.373642
1.352215 0.7298222 0.3749123 0.2796564
1.605169 0.7322817 0.3798008 0.2605209
2.522066 1.288006 0.4735756 0.3645916
1.623552 0.8486824 0.3832455 0.2947969
1.300085 0.7122383 0.4108887 0.2288399
1.18248 0.5552807 0.3498497 0.1783962
1.921402 1.171591 0.5002365 0.3135777
1.903822 1.058102 0.4247627 0.3245182
1.998611 1.167919 0.4704208 0.339056
1.287182 0.5946102 0.376812 0.2407837
1.041182 0.5414734 0.2901917 0.1354427
1.605534 0.8758392 0.4415913 0.330904
1.367754 0.7306747 0.3714104 0.2683353
1.606724 1.013748 0.4430485 0.3393517
1.279545 0.8423042 0.3472996 0.3380623
1.861614 0.9317055 0.4673538 0.35075
1.02932 0.6533737 0.4274426 0.2206841
1.504913 0.8861103 0.4055023 0.3316631
1.129997 0.6026974 0.3810196 0.1762257
1.709143 0.7617264 0.3768063 0.2553749
1.909382 1.01236 0.4327869 0.3375854
1.306288 0.7850151 0.4132271 0.336235
1.990881 1.169725 0.4748135 0.3400841
1.474134 0.7028618 0.4154205 0.2675304
1.046488 0.2431908 0.1927128 0.07599831
0.9706898 0.4351749 0.2716522 0.1010895
1.192184 0.4226398 0.2838974 0.1639071
1.719843 0.8001118 0.4046612 0.3110676
0.9078541 0.6625004 0.4626198 0.1196003
2.048759 1.16765 0.468195 0.3259602
1.199657 0.6239834 0.3642178 0.119915
1.173513 0.5381184 0.3881531 0.1600304
1.712624 1.062038 0.5192547 0.4019165
1.061146 0.610218 0.376915 0.2423973
1.843355 1.000439 0.4193096 0.3530884
2.319231 1.068731 0.404604 0.3257599
1.999365 1.039812 0.437254 0.3471413
1.730932 0.8951988 0.3923836 0.3024368
1.759977 0.968853 0.4323101 0.3344002
1.60696 0.9273453 0.4113255 0.3119583
1.873137 0.8933468 0.3931179 0.2717991
1.66534 0.8079243 0.3762798 0.2929211
1.880236 0.8501377 0.4246349 0.3670645
2.083103 1.004972 0.4106827 0.3634386
1.847498 0.8922787 0.4045906 0.3087454
1.638824 1.025219 0.4704781 0.3923092
2.182995 1.006773 0.4198589 0.3984089
1.64134 0.9182854 0.381218 0.3515987
1.218399 0.4886093 0.2942867 0.1806126
1.203239 0.9139252 0.4379501 0.3346348
0.9534206 0.3125057 0.1736431 0.117197
1.424471 0.6855316 0.3881474 0.2863865
0.9279404 0.2677002 0.1821213 0.2000084
1.81353 0.9176979 0.4088593 0.3326664
1.211414 0.6559391 0.4275627 0.2864342
1.123728 0.4694042 0.3514709 0.1923676
1.144995 0.5397587 0.288105 0.2288361
1.55018 1.078323 0.4633656 0.3100548
1.18755 0.5422707 0.2927036 0.1858807
1.211193 0.5786285 0.3331509 0.1835918
1.649122 0.9883499 0.4278088 0.3463974
1.497557 0.7245636 0.3701515 0.2861605
1.326811 0.8365059 0.3923988 0.2252083
1.766541 0.8206463 0.3375645 0.358757
1.749233 0.817421 0.3911495 0.3012905
1.622766 0.9234295 0.332325 0.2876625
1.294481 0.63381 0.3665733 0.2735615
1.865639 1.220299 0.4621162 0.370472
2.163464 0.9812031 0.4074554 0.3190823
1.988447 1.064722 0.4510422 0.3047657
1.183138 0.8148956 0.3905125 0.2596874
1.426382 0.7367878 0.3843174 0.2819595
1.907791 1.067734 0.4278145 0.3942986
1.36698 0.6287937 0.3146286 0.2728796
1.681793 0.6656322 0.3315678 0.238513
1.345343 0.5682583 0.2277508 0.1146622
1.587814 0.7444229 0.367218 0.2871809
1.640932 0.8383465 0.4486332 0.3390417
1.596193 0.9217606 0.4549046 0.3165398
1.863941 0.9149055 0.4165592 0.3283672
1.419537 0.6209812 0.3375816 0.2342358
1.383595 0.4463406 0.2794456 -0.03146935
1.822338 1.31566 0.4885197 0.3399906
1.422279 0.6576576 0.3858643 0.1883087
1.827877 0.9157791 0.4119606 0.3381195
1.550972 0.7403984 0.348608 0.1976242
1.275364 0.6373844 0.3577013 0.2268
1.635336 0.8150864 0.3747787 0.241209
1.190712 0.5006361 0.3224134 0.1722813
1.389473 0.9619274 0.4839764 0.3876534
1.921301 0.9127636 0.3773746 0.3326149
2.034693 1.278399 0.4578876 0.306469
1.537277 0.7278214 0.3182344 0.2272053
1.805252 1.078522 0.4811077 0.3066654
1.466919 0.6165485 0.3323298 0.2147951
1.32299 0.8220367 0.3798504 0.2763443
1.851143 1.106411 0.459034 0.3184471
1.789717 0.9175816 0.4135399 0.3364754
1.307478 0.5223427 0.3311672 0.2269669
0.858942 0.3173676 0.1189632 -0.1414127
1.726091 0.9835606 0.3761082 0.2983532
1.654922 0.9287167 0.5641651 0.3892136
1.2882 0.596323 0.3250532 0.2394848
1.819891 0.9984283 0.4500408 0.355114
1.14929 0.7383423 0.3339939 0.06943893
1.491959 0.7044373 0.3333168 0.2090569
1.848585 1.113991 0.4214058 0.2262192
1.351925 0.5806007 0.315731 0.2251282
1.445637 0.9571342 0.4956379 0.4292259
2.13748 1.024744 0.4363022 0.362011
1.295303 0.9189148 0.4593086 0.3404484
1.309471 0.7697163 0.4164886 0.2295876
1.361719 0.9723301 0.4510002 0.3659763
1.718151 0.8666134 0.4276505 0.3318729
1.916662 0.8633671 0.4153366 0.2815475
1.484154 0.9786854 0.4562626 0.3091574
1.851124 0.8596821 0.3937082 0.2954798
1.634201 0.8696632 0.3845825 0.32201
1.30887 0.8138924 0.4369469 0.308588
1.85758 0.9774513 0.4275894 0.3558712
1.3934 0.8013039 0.4450703 0.3397408
2.250834 1.021812 0.450058 0.3102837
1.258053 0.5095463 0.339056 0.1345882
1.925537 0.8996696 0.3956928 0.2975807
1.648127 0.8893051 0.4566021 0.367259
1.375229 0.4158516 0.2819099 0.1111965
0.9516869 0.4301682 0.2538548 0.06167412
1.058012 0.3645363 0.2943802 0.02300072
2.194382 1.139496 0.4546642 0.3232918
1.798395 0.8651066 0.3859358 0.3020449
2.03643 1.097841 0.4702415 0.2638016
1.997269 1.041399 0.4194031 0.3350134
1.747705 1.066187 0.451067 0.3436661
1.929564 1.029839 0.4523888 0.3510647
1.93709 0.9918633 0.4096146 0.320734
1.778297 1.269787 0.4900627 0.3343468
1.902782 1.10783 0.4743252 0.3962154
1.894283 0.7774181 0.3772144 0.2735252
1.016811 0.235857 0.2080669 0.06363869
1.943213 1.010105 0.3767815 0.3164997
2.090302 1.218464 0.4843826 0.322731
1.817383 0.9458447 0.4122896 0.3028698
1.280247 0.6799231 0.3405113 0.2774334
1.692629 0.9129353 0.4831333 0.4083824
1.564875 0.8545303 0.4651356 0.346056
1.25305 0.7833614 0.4090023 0.2726097
1.797373 1.093067 0.4054909 0.2704544
1.863562 1.294447 0.498167 0.3153019
1.245893 0.5426636 0.3975105 0.1715508
1.28191 0.5499115 0.3109016 0.2444439
1.210649 0.4629765 0.2416611 0.2042217
1.380676 0.8155251 0.4291763 0.3029156
2.018669 0.9677124 0.4217644 0.3343735
1.873434 1.071297 0.4677553 0.3096037
1.20985 0.6379642 0.3734417 0.2938137
1.803793 0.8235655 0.3761339 0.2706022
1.750952 0.8096848 0.3844166 0.2776737
1.064724 0.382822 0.2567406 0.1478233
1.366295 0.718729 0.3715458 0.2495995
1.792469 0.9738159 0.4975777 0.373148
1.749512 0.9177551 0.4748344 0.3378191
2.024103 1.194317 0.468729 0.3485889
1.797213 0.8775654 0.3693657 0.2954178
1.085514 0.4182091 0.2649975 0.1770229
1.734436 0.8442039 0.394825 0.2634048
1.624763 0.7896004 0.3890667 0.2844906
2.710669 1.100164 0.4579563 0.3041143
2.00853 0.9386272 0.406538 0.3303156
1.303692 0.5488119 0.3070517 0.19979
1.962055 1.018597 0.4290466 0.3092899
1.648165 0.8821659 0.4774628 0.3627987
1.863998 0.8520346 0.3946247 0.2964077
1.29731 0.6488152 0.3684387 0.2680168
1.295019 0.6718121 0.3866138 0.2718086
1.784334 0.8297958 0.3703194 0.3442659
1.659498 0.8084679 0.3759003 0.2952471
1.468573 0.673872 0.4128437 0.267231
2.061548 1.312162 0.4791374 0.3331146
1.166269 0.4439182 0.2820721 0.1671486
1.875082 1.175253 0.4683743 0.3425369
1.730936 0.8639431 0.3611622 0.2838173
1.798296 0.9874153 0.4517117 0.3699646
2.106529 0.9631824 0.4410706 0.3345165
1.393274 0.6787148 0.359293 0.3223286
1.668463 1.012548 0.4074898 0.3373585
1.343958 0.6835861 0.4075756 0.2462349
1.180655 0.5924053 0.3946037 0.2559032
1.656492 0.8338375 0.3242474 0.3020153
1.397264 0.7346344 0.3790855 0.2875128
1.209454 0.6918125 0.3622646 0.2861748
1.865309 1.010845 0.4794083 0.3321495
1.244333 0.8782578 0.3957462 0.2864857
1.799788 0.8980408 0.4358253 0.2973576
1.896721 1.140703 0.5356789 0.4114094
1.132542 0.5007648 0.3191414 0.1782951
1.470877 0.8133411 0.4374418 0.3292847
0.8713264 0.6948586 0.3909092 0.2045898
1.195862 0.7074795 0.3616982 0.3147354
1.515118 0.775013 0.3843594 0.2731781
1.731045 0.9715099 0.4339294 0.3212318
1.507002 0.7643681 0.3512096 0.315855
1.132845 0.4201069 0.2741756 0.1505337
1.077606 0.3698883 0.1735363 0.1190147
1.461466 0.6818848 0.3316917 0.2158775
1.890789 1.032007 0.4400349 0.2855129
1.065132 0.5309086 0.303606 0.1886921
1.906809 0.9585419 0.3970318 0.3459072
2.091776 1.050228 0.4187298 0.3267746
1.505362 0.9031811 0.4996109 0.4049034
1.083162 0.4544888 0.3037548 0.2144661
1.406279 0.8033466 0.4321384 0.3135757
1.083097 0.54459 0.3228111 0.2110538
1.288054 0.6469135 0.3540039 0.2888985
1.457497 0.7623062 0.4397373 0.327116
1.442255 0.5609913 0.3566151 0.2850418
2.05093 0.9401112 0.384676 0.3411083
1.479191 0.9290562 0.4412632 0.2977829
1.408449 0.7886772 0.3514557 0.305254
1.929831 1.254242 0.4522877 0.3405533
1.660311 1.057131 0.4960022 0.3615952
1.741684 0.8015404 0.3607264 0.2664776
1.934422 1.112957 0.4543514 0.3767567
1.294615 0.6773376 0.4012032 0.2675991
1.854391 1.046986 0.2874413 0.2966633
1.938665 0.9783249 0.3725014 0.324439
1.139122 0.5192299 0.2875214 0.1826725
1.87171 0.8691978 0.4062366 0.3146286
1.263304 0.842041 0.3969364 0.169652
1.656658 1.036751 0.4696922 0.3050442
1.965767 0.9938107 0.4001141 0.3496799
1.640852 0.9586926 0.458847 0.3219738
1.06159 0.5632172 0.3216228 0.1906223
2.234959 1.015839 0.4190445 0.3544044
1.013012 0.4684296 0.2955666 0.07265282
1.317013 0.7334099 0.4113941 0.2495232
1.700708 0.7713432 0.3475981 0.2757931
1.708384 0.9166641 0.3747997 0.3538284
1.229221 0.3671837 0.2107162 0.0171032
1.767601 1.034006 0.4726849 0.3038635
1.255049 0.7642555 0.4911633 0.2699928
1.813135 0.9052219 0.4597893 0.3528728
1.420626 0.7051525 0.3768253 0.2003155
1.453926 0.8449306 0.4181271 0.3393784
1.159084 0.4830246 0.3595314 0.1264172
1.870428 0.9066219 0.4402485 0.3735886
1.134317 0.5122852 0.298172 0.1609116
1.253895 0.5219173 0.3025455 0.2021885
1.883713 0.974308 0.4166546 0.3801479
1.86466 1.028444 0.4441833 0.3370762
1.685007 0.843668 0.3804111 0.2545357
1.35535 0.6076908 0.383749 0.2140465
1.655024 0.8358021 0.3724346 0.3060055
1.323269 0.8027878 0.4386005 0.2646637
1.750238 0.9222088 0.3953094 0.3049068
1.059898 0.8501225 0.5325317 0.2266159
1.952108 0.9999809 0.4647217 0.3925095
1.341955 0.4736652 0.2589588 0.1802845
1.581932 0.7700729 0.3910618 0.3434162
1.40597 0.5696602 0.3726654 0.2062178
1.435144 0.8310356 0.4878597 0.2450066
1.403816 0.6994324 0.4009819 0.2894421
2.197838 0.9463959 0.4185543 0.3375244
1.88023 1.067701 0.4829617 0.3708897
1.184937 0.3815651 0.2091141 0.1037769
1.322914 0.6568737 0.3615665 0.3267918
1.738089 0.9489288 0.4126339 0.3354511
1.375551 0.6382065 0.3766384 0.300293
1.557299 0.9982319 0.4194317 0.2855396
1.850683 0.9260387 0.4049082 0.3613949
1.673006 0.8555393 0.4275913 0.2873821
1.548109 0.8905487 0.4273396 0.3093891
2.030682 1.033766 0.4354687 0.3763371
1.750097 0.7886906 0.3660517 0.2634497
1.368233 0.644866 0.3606396 0.2500925
1.897768 1.205917 0.4488316 0.3119545
1.689909 1.027733 0.4254208 0.286684
1.91917 0.8665333 0.4004574 0.324749
1.406277 0.7664471 0.4016571 0.2866993
2.245461 1.161228 0.4930191 0.3724213
1.313965 0.6515884 0.3285542 0.2128162
2.075516 0.9994125 0.427042 0.3785439
2.007828 1.008066 0.4134388 0.351368
1.463129 0.6290092 0.3695192 0.2709093
2.405878 1.275175 0.4696789 0.3456936
1.569912 0.8635273 0.436245 0.2951012
2.11779 1.067823 0.5288258 0.3531075
2.009275 0.9706879 0.426403 0.3689022
1.43107 0.8013325 0.4092846 0.2912292
2.040836 0.9312534 0.410717 0.3139496
2.133223 1.134575 0.4162388 0.3032494
2.362907 1.132427 0.5218468 0.3287945
1.27042 0.7950077 0.4249229 0.2740307
1.456869 0.5749092 0.3683834 0.1790047
1.309731 0.5594826 0.3502159 0.2448196
1.744678 0.8292522 0.4008446 0.3199158
1.606647 0.7923927 0.3729172 0.2693844
1.731915 0.9097157 0.3841915 0.3352184
1.933159 1.057537 0.4389381 0.3836632
1.033388 0.5764561 0.392374 0.1837578
1.765554 0.7534389 0.4316635 0.2978039
1.009081 0.5926514 0.4138203 0.1484947
1.606262 0.7198238 0.3481236 0.2759285
0.9919548 0.3159847 0.2049389 0.0862751
1.146599 0.4865417 0.2739735 0.09233475
2.439398 1.330095 0.5085697 0.32831
1.823214 0.8570614 0.3335094 0.3568935
1.302094 0.7898693 0.4287109 0.277174
1.740881 0.9341736 0.415287 0.3180084
1.904215 1.012688 0.4164886 0.3140583
1.253677 0.5881405 0.3094635 0.1225109
2.149784 1.064835 0.4581089 0.3573399
1.806509 0.8182373 0.3501606 0.2568455
1.734995 0.9076996 0.4181175 0.3185673
1.331646 0.6017666 0.2979469 0.2161026
1.838179 0.8992329 0.4219437 0.2821808
1.688581 0.7699432 0.319376 0.2898979
1.759514 0.7422466 0.3967342 0.2365913
1.564835 0.8638363 0.4879036 0.3716965
1.267061 0.7517071 0.4337444 0.2372799
2.002922 1.138935 0.4549236 0.3921356
1.304535 0.8949814 0.5133324 0.3454571
1.150455 0.4493885 0.2554188 0.1566105
2.113623 1.024124 0.4388294 0.3690586
2.042267 1.195915 0.4658756 0.3650703
1.28685 0.6831665 0.3927765 0.2422028
2.006334 0.9212608 0.4221468 0.3782167
1.17684 0.5154362 0.3150558 0.274025
1.208684 0.5632553 0.2901592 0.2263508
1.17059 0.5309525 0.3491421 0.2003384
1.308488 0.6182852 0.3049564 0.229454
2.994579 1.220245 0.5082684 -0.1959801
1.376907 0.8057976 0.4080486 0.2579002
1.907206 0.9114857 0.3971004 0.3357286
1.278879 0.5854588 0.3410654 0.2409048
2.016027 0.9104595 0.4058151 0.3121777
1.57333 0.832325 0.3481846 0.2921333
1.40694 1.005032 0.4850159 0.3140545
0.9070969 0.3287373 0.1613846 0.1346588
1.173756 0.5055017 0.2631493 0.1616659
1.143217 0.2182217 -0.1939583 -0.1768837
1.332598 0.5768375 0.3200493 0.2360172
1.713852 0.9939632 0.3905087 0.3553715
1.221569 0.4487467 0.2557774 0.1387339
1.321083 0.7988262 0.4344063 0.3163261
1.757748 0.8616047 0.4434681 0.2981415
1.006857 0.3526745 0.1399364 0.04196548
2.039566 1.199577 0.4928322 0.2951775
1.669044 0.7679329 0.3546534 0.2502012
1.47611 0.7041321 0.4134216 0.2377796
0.9923553 0.4803867 0.2587681 0.05907249
2.019154 0.915163 0.4256153 0.323801
1.971081 1.23912 0.4856415 0.324297
1.897104 0.8546295 0.3942013 0.2533989
1.848663 0.97509 0.4343395 0.3667793
1.363901 0.6267796 0.3993158 0.2000895
1.831772 0.9801483 0.4734402 0.4212933
1.720985 0.9772758 0.4670315 0.3693676
1.8409 0.9478722 0.4621925 0.3390617
1.569031 0.700489 0.3744869 0.2847042
1.141375 0.6225166 0.3304348 0.151762
1.842291 0.8548412 0.412117 0.3100815
2.177969 1.268831 0.5154514 0.3455372
1.879698 0.893219 0.4074163 0.2869339
1.146338 0.5156803 0.322485 0.09314919
1.95969 1.352539 0.4944744 0.3474293
1.083277 0.3728046 0.2542191 0.1329632
1.159721 0.7982616 0.4217014 0.340662
1.7327 0.9807148 0.4135132 0.3483047
1.546955 0.8552513 0.4027634 0.301918
0.9081535 0.3050117 0.2208881 0.1529131
1.676805 0.9067516 0.4078579 0.2823067
2.131432 1.073744 0.4321938 0.3263264
1.30233 0.501585 0.3159485 0.1574783
2.057985 1.128853 0.4628696 0.3200245
1.747002 0.8015995 0.3790474 0.2612209
1.50605 0.8514462 0.4251404 0.3182964
1.153759 0.4414845 0.2509575 0.1773472
2.008478 1.077822 0.4908123 0.3490505
1.719301 0.92519 0.4417934 0.3583317
1.112112 0.5733509 0.3544865 0.1951542
1.400658 0.7934322 0.3877926 0.2583981
1.003786 0.3058777 0.2419758 0.05354691
1.769203 0.9853516 0.4015541 0.3642445
1.407578 0.7679615 0.3907299 0.261467
1.150923 0.4613914 0.1603909 0.08466721
1.666084 0.661871 0.3442688 0.1497154
1.147896 0.5552273 0.3036861 0.1535301
1.681202 0.9952183 0.440567 0.2957077
1.079111 0.6661072 0.3546124 0.2492332
1.80554 1.042267 0.3967628 0.3321934
1.257145 0.548439 0.3632412 0.1633339
1.927696 0.896698 0.3864613 0.3113823
1.967018 1.029352 0.4416504 0.3860559
0.6289463 0.386631 0.1892357 0.09814644
1.614853 1.117908 0.4584198 0.3805828
1.445963 0.8095894 0.417202 0.2838173
0.992485 0.3501396 0.1289692 0.001241684
1.36615 0.6442947 0.4181995 0.2509079
1.104361 0.4244423 0.3072376 0.1568775
1.108919 0.4819298 0.311182 0.2120876
1.581791 0.8071728 0.4248104 0.2832508
1.053398 0.3792381 0.2815399 0.1297302
1.61484 0.7765121 0.374136 0.2670736
1.792011 1.205776 0.4790783 0.3371792
1.715502 0.9255733 0.3770103 0.3635464
1.863586 0.9885101 0.4133873 0.3258266
1.246874 0.6680164 0.4354401 0.2298069
1.711313 0.7810917 0.3450851 0.2638168
1.575342 0.8673954 0.436161 0.3325996
1.917017 0.9379406 0.4111309 0.32512
1.018356 0.4764366 0.3224144 0.08049011
1.861105 0.9098282 0.4010143 0.3254538
2.085867 1.230759 0.4835014 0.3581982
0.8438301 0.3371086 0.1978207 0.1100349
1.679039 0.8007545 0.3563728 0.275671
1.83976 0.8377323 0.3932362 0.3320141
1.972494 0.8640671 0.3948727 0.3588047
1.66317 0.9284515 0.4325294 0.3827095
1.745842 0.9395847 0.4136772 0.3490677
1.69183 0.9621773 0.4204311 0.3184052
1.0634 0.5308704 0.4171734 0.1517849
1.899061 1.119902 0.4978714 0.2918415
1.918547 0.983654 0.3830318 0.348711
1.675989 0.8300877 0.3870144 0.2627296
1.730663 0.8693275 0.4678841 0.3211613
2.494942 1.33145 0.4951687 0.2994404
1.880083 1.049578 0.4151325 0.3165016
1.767471 0.7593765 0.378233 0.260004
1.634953 0.6789436 0.2906704 0.2247238
1.358156 0.7326088 0.3786125 0.2602463
1.520636 0.7815914 0.3600836 0.2452641
1.802692 0.9163036 0.3838158 0.305563
1.247305 0.6479607 0.3992138 0.263895
1.909384 0.8927097 0.4283342 0.3104811
1.926975 1.198822 0.4543629 0.3252888
1.42016 0.9876289 0.3726845 0.298542
1.05858 0.4780464 0.2501926 0.2083187
1.976273 1.103825 0.4638271 0.348217
1.862701 0.9434891 0.3821182 0.3223276
1.227404 0.6397991 0.3627892 0.229229
1.102934 0.4918289 0.2286949 0.1376858
2.137554 1.114599 0.4333706 0.3429852
1.858198 0.9649181 0.3874493 0.3522348
1.501942 0.6376953 0.3771973 0.2924194
1.181934 0.7349072 0.4370594 0.2461472
1.151636 0.6078358 0.3746643 0.2362537
1.647341 0.8187618 0.3924713 0.2669601
2.126675 1.028484 0.4223328 0.3401604
0.8470879 0.4291897 0.2217884 0.02400398
2.321949 1.22846 0.4691505 0.3983669
1.911781 1.107021 0.4771366 0.344141
1.252892 0.6697464 0.3663197 0.2441597
1.877151 0.9511738 0.4274902 0.3279667
1.311508 0.5053215 0.3016434 0.2223473
1.831959 1.050888 0.4978561 0.319622
1.29468 0.7850075 0.3699799 0.2959805
1.672915 0.7958679 0.4273787 0.2950811
1.998465 0.9725037 0.407629 0.3569756
1.148412 0.4625797 0.2383528 0.1624222
1.08836 0.9566231 0.4328899 0.2788048
1.951681 0.8553581 0.4217358 0.3105526
1.237312 0.6071873 0.3597422 0.2491493
1.778175 0.8267765 0.4037838 0.2851048
1.76334 0.8251743 0.4578037 0.2503929
0.9231644 0.3804588 0.2817554 0.08202171
1.04598 0.5192719 0.394495 0.2329063
1.436508 0.7178249 0.3768425 0.2816353
1.896072 0.8381195 0.39921 0.3195667
1.512077 0.8229198 0.3680019 0.3205891
1.653826 0.8553429 0.4174719 0.2808943
1.239586 0.5579548 0.3449993 0.156889
1.832741 0.9375782 0.4049397 0.2919292
1.196367 0.4004154 0.1880531 0.1891193
1.214151 0.4584274 0.2657595 0.1828585
1.934208 1.354298 0.5145092 0.3490849
1.806377 0.817275 0.3745584 0.2972908
1.811941 1.008272 0.4472103 0.4014168
1.781225 1.022308 0.4207935 0.316082
1.648296 0.8149319 0.3966236 0.2787457
1.100636 0.4179096 0.2555561 0.1439972
1.089113 0.5649033 0.3820477 0.2244701
1.488787 0.8895969 0.4944096 0.3740635
1.969601 1.260332 0.4998341 0.362011
2.722822 1.183165 0.423851 0.3228378
1.009249 0.4562912 0.1969471 0.1834602
1.061071 0.6346493 0.3931599 0.1690063
1.333731 0.6073437 0.308569 0.2259521
1.267435 1.002655 0.4052525 0.3101521
1.762873 1.329491 0.4722614 0.3710098
1.774946 0.9007874 0.4586792 0.3470516
1.554337 0.7056427 0.3538456 0.2350006
1.306566 0.5779209 0.3470001 0.2371197
1.915792 1.046833 0.4223499 0.3289289
1.730747 0.75881 0.3689022 0.2789745
1.17532 0.5912724 0.3486977 0.2168884
1.291538 0.5319557 0.3065224 0.2036991
1.548103 0.8006039 0.4066067 0.25811
1.682665 0.8695278 0.425642 0.3324852
1.525074 1.012133 0.4698162 0.2831993
1.891195 0.8975286 0.4240065 0.3220549
2.151047 1.054844 0.4420452 0.365695
2.119755 1.0357 0.4286156 0.3536243
1.910782 0.994379 0.4144363 0.331686
1.534962 0.6833935 0.3374233 0.1938143
1.340105 0.7133636 0.4257793 0.2793846
1.975039 0.8998604 0.3947992 0.295783
1.679993 0.9204407 0.4185524 0.2985573
1.186962 0.47435 0.2558804 0.1531811
1.595158 0.7877674 0.3651447 0.3313951
1.923307 1.189039 0.4635525 0.3344116
1.685743 0.7953663 0.3861275 0.2672291
1.247721 0.4823952 0.297226 0.1299934
1.756607 1.324444 0.4989433 0.3609371
1.429813 0.6439114 0.3412666 0.232048
1.274576 0.7388592 0.3777895 0.2696018
1.491356 0.7445507 0.4003983 0.2399998
1.717846 0.9751396 0.5548229 0.4586449
1.871479 1.055738 0.4580173 0.3892555
1.247465 0.528883 0.3036156 0.2115688
1.664585 0.9518814 0.448328 0.3584213
1.351601 0.7317448 0.406292 0.3191528
1.715664 0.7329807 0.2813148 0.2370834
1.901787 1.070921 0.4235249 0.3561344
1.138844 0.3694439 0.2228737 0.2113647
1.742443 0.8853455 0.4027882 0.3003578
1.920851 0.9339638 0.402606 0.3365011
1.146461 0.5153542 0.2516165 0.2012901
1.537497 0.7147808 0.3839169 0.248785
1.942522 1.052521 0.4665432 0.3153343
1.609457 0.9776554 0.4830914 0.360611
0.8090363 0.3332195 0.3084717 0.1179047
1.020298 0.5429573 0.3572311 0.1840954
1.746733 0.998558 0.4355774 0.3231211
1.068106 0.409029 0.3294868 0.03512955
0.8586559 0.5243721 0.3619995 0.1778927
1.947361 1.098463 0.4780025 0.3304806
1.85467 1.06336 0.4529991 0.3312511
2.118874 0.9987831 0.4300442 0.3712769
0.8700905 0.5544472 0.3270397 0.0883522
0.9459209 0.2947445 0.18923 0.2203426
1.584826 0.9254589 0.5295601 0.4434834
1.200911 0.478817 0.2650833 0.1896591
1.918417 0.9205036 0.4231663 0.3088512
1.786787 1.001976 0.4348717 0.3297348
1.698849 0.9135914 0.3860073 0.3518372
2.065767 1.017771 0.4488831 0.348877
1.908054 0.9431057 0.4286842 0.322197
2.018803 1.038347 0.4054165 0.3389759
1.7183 0.98106 0.4285507 0.301527
1.558994 0.767477 0.3312626 0.2128162
1.927481 1.164577 0.472908 0.3544312
1.25576 0.6483803 0.3518314 0.2061863
2.036688 1.169508 0.4507732 0.3254051
1.925211 1.240847 0.4452438 0.3701077
1.121138 0.4075527 0.2188244 -0.02809143
1.879429 1.140574 0.4336548 0.3538609
1.807457 0.8882236 0.3861351 0.3281593
1.23497 0.6807499 0.3234901 0.2282352
1.575577 1.094439 0.4520931 0.344429
1.853909 0.8578777 0.3975048 0.3194981
1.289999 0.6728916 0.3120136 0.2294674
1.915138 1.20833 0.4559803 0.3621597
1.334627 1.052986 0.4583645 0.3896332
1.233301 0.4080629 0.1818829 0.07972622
1.661148 1.05809 0.4141045 0.3443985
1.965363 1.073275 0.3717556 0.3455486
1.96771 1.000488 0.3940201 0.33428
1.720312 1.179171 0.4861126 0.3306656
1.80588 0.9736862 0.3915958 0.3048992
2.289108 1.303074 0.4685612 0.3580399
1.1478 0.4999924 0.324852 0.1407738
1.956224 1.028864 0.437254 0.3540211
1.409269 0.785778 0.4114532 0.2897434
1.312643 0.6640434 0.3303661 0.2356129
1.42996 0.7465248 0.3742809 0.2640438
1.101406 0.6554642 0.3794155 0.2282391
1.250731 0.5350285 0.3330708 0.163681
0.9942741 0.314909 0.1431122 0.08108139
1.167862 0.5646782 0.3278046 0.1963902
1.494854 0.6810246 0.3771191 0.2260094
1.848169 0.8749294 0.3804283 0.3090019
1.247812 0.506094 0.2825861 0.2088966
1.519571 0.5658207 0.3706951 0.2775364
1.084784 0.6302662 0.3579826 0.1997871
1.231659 0.789587 0.3800182 0.2462063
1.514427 0.7795029 0.4143257 0.3352165
1.459314 1.038731 0.4824448 0.2379284
2.141932 1.014961 0.4034023 0.3357067
1.875315 1.151142 0.4499302 0.2814751
1.354664 0.6349277 0.3341465 0.2190475
1.643017 0.7852154 0.3800964 0.263442
1.873354 0.9224739 0.4338732 0.3243999
1.940102 1.009373 0.4043255 0.3429394
1.765501 1.023794 0.4786758 0.3035736
1.034126 0.3547039 0.2704144 0.1239033
0.9962635 0.3341656 0.2521219 0.1616821
2.039656 1.077955 0.471796 0.2843533
1.509314 0.9993114 0.4830494 0.265274
1.077253 0.874445 0.426506 0.2520504
1.392408 0.7756634 0.4127331 0.3165741
1.275347 0.4998913 0.2419415 0.1753845
1.922428 0.9653473 0.4031067 0.405117
1.682646 0.8902607 0.4954128 0.267065
1.694283 1.083076 0.4090405 0.3066902
1.249437 0.5241604 0.3147621 0.1968689
1.067177 0.4386206 0.2511768 0.1584415
1.87726 0.9642315 0.4686108 0.3230114
1.947424 1.16922 0.4568901 0.3116207
2.08189 1.001362 0.4292507 0.3434544
2.368166 1.397942 0.5322533 0.3095207
1.068474 0.4636192 0.3049965 0.2550488
1.265381 1.52957 0.5387859 0.348671
1.776798 0.8668289 0.4419155 0.3372574
1.277033 0.7115078 0.3988514 0.2733574
1.466215 0.9065189 0.4594193 0.2849903
1.852055 0.9336643 0.3965359 0.3062687
1.370335 0.6233959 0.3498173 0.1535835
2.062677 1.380777 0.4793568 0.3745956
2.151892 1.150703 0.4575462 0.357934
1.307718 0.6847172 0.3711758 0.2570419
1.635693 0.7068176 0.345645 0.254631
0.9898891 0.3178253 0.2938862 0.0519886
1.810949 1.004539 0.3963547 0.3737125
1.688208 0.9562416 0.4212284 0.3427429
1.042715 0.3653984 0.2929974 0.128252
1.249392 0.6096916 0.3782578 0.1915054
1.25709 0.5117321 0.2946777 0.1946011
2.076939 1.111206 0.4741879 0.3521175
1.978369 1.098305 0.4525719 0.3398037
1.750027 0.8503971 0.3975191 0.3121147
1.131121 0.4326687 0.2032509 0.09560204
1.726238 1.167757 0.4861851 0.3682213
1.281462 0.5780182 0.2998962 0.2471428
1.815596 0.9988461 0.4961376 0.4017849
2.464653 0.6259384 0.2932167 0.2990761
1.38121 0.7231407 0.3590698 0.2293606
1.307028 0.6117477 0.3339062 0.2549324
1.57192 0.794569 0.403574 0.2543545
1.847273 1.05496 0.4353809 0.3130455
2.009541 1.315727 0.5332623 0.3405914
1.899147 1.201904 0.4726906 0.3264179
2.037334 1.036751 0.4143467 0.3553352
2.11902 1.05748 0.4076061 0.3403988
1.152348 0.6404572 0.3793335 0.1961231
1.897886 1.242369 0.4723415 0.3739166
1.558685 1.049248 0.518549 0.299284
1.172211 0.4506588 0.2827301 0.09742355
1.567371 0.8469887 0.5388813 0.3359661
0.9540691 0.3398552 0.303978 0.1214237
2.240635 1.054029 0.4475861 0.3338661
1.771395 0.9608593 0.4295254 0.3757172
1.725132 1.130621 0.478817 0.3144455
1.155313 0.7609673 0.4111538 0.2585964
2.000235 1.005602 0.4234695 0.3608236
2.247601 1.182047 0.4652424 0.3508072
1.667608 0.7752018 0.44238 0.3654461
2.048338 1.010548 0.4993114 0.2597256
1.296484 0.54146 0.3246593 0.1144676
1.384058 0.7866707 0.3822727 0.1739426
1.919529 1.018702 0.4258366 0.3284779
1.622622 0.9024258 0.320673 0.3814964
1.809717 0.9086113 0.3769169 0.336853
1.863476 1.086271 0.4750652 0.3654747
1.205473 0.7243443 0.3936195 0.2487679
2.013348 1.099339 0.4978542 0.3311787
1.200846 0.7973919 0.4448681 0.2612057
1.161449 0.5193653 0.3229313 0.201025
1.752377 0.7893724 0.3980227 0.2694712
1.091961 0.4811707 0.2233601 0.2093124
1.832062 0.9181995 0.4323254 0.3216248
2.02702 1.034327 0.399931 0.3645725
1.932165 0.9310951 0.4045753 0.3049107
1.095217 0.8338547 0.4446316 0.2836819
1.785816 0.8993969 0.4027042 0.3190851
1.914204 0.9689941 0.3899136 0.3396187
1.720118 0.9636707 0.4347878 0.3449459
0.9937096 0.3545685 0.2382984 0.1533947
1.829124 0.9677258 0.3817272 0.2807903
1.926552 1.049538 0.4657669 0.3547192
2.257456 1.287207 0.4873295 0.332325
1.103491 0.3186626 0.211586 0.1297302
1.414516 0.7714195 0.4226131 0.2546291
1.253284 0.541996 0.3776207 0.2228813
1.237217 0.5919437 0.3712025 0.2366066
1.717142 0.9835701 0.4271908 0.327404
1.894672 1.083286 0.447422 0.3669872
1.115871 0.5322361 0.3572121 0.1497765
1.082081 0.6770325 0.3533325 0.188633
1.681646 0.9831963 0.4856815 0.353672
1.109947 0.5225201 0.3375301 0.1579571
1.034189 0.565012 0.3531456 0.1677303
1.865528 0.8357449 0.5141983 0.3646793
1.774193 0.8856449 0.3936043 0.3079433
1.492077 0.8297977 0.3197289 0.2625408
1.655857 0.8074532 0.3687229 0.2522106
1.71431 0.8539639 0.3733845 0.3738918
1.25346 0.7408981 0.4594994 0.2984791
1.263187 0.3786945 0.1246605 0.1093988
1.016054 0.4771423 0.2949009 0.155489
1.861671 1.259796 0.4593906 0.2664852
1.771168 0.800251 0.3549004 0.2560091
1.688553 0.7457771 0.3825531 0.2536554
1.710421 0.9967136 0.442194 0.2913132
1.866297 0.9840279 0.4301414 0.3527145
1.811951 1.134371 0.436079 0.2689705
1.638327 0.9213181 0.2714386 0.5951958
1.64747 1.224094 0.4915199 0.3238564
1.911215 1.271479 0.5045643 0.3505745
1.477201 0.7822666 0.4208488 0.292717
1.075762 0.473526 0.2772884 0.1228142
0.993536 0.34202 0.2290287 0.1504154
1.806387 1.030556 0.5094318 0.3272591
1.008726 0.6199379 0.3371143 0.204443
1.211567 0.6117592 0.3410587 0.2112904
1.415808 0.7760124 0.424572 0.2663689
1.07486 0.538271 0.331234 0.1979542
1.25802 0.4905109 0.2706947 0.1432095
0.8272896 0.1850243 0.2551174 -0.04141426
1.677248 0.8280048 0.4132643 0.3209057
1.140783 0.5047264 0.2776108 0.1349468
1.727449 0.8237667 0.3534994 0.2743711
1.207354 0.5477829 0.3270788 0.2420692
1.200041 0.7440948 0.3956356 0.2757111
2.36714 1.199541 0.5088806 0.3468513
1.906006 1.06716 0.4770775 0.3523865
1.156384 0.4681129 0.2753248 0.1824207
1.770945 0.813303 0.4241896 0.347683
1.637962 0.7452202 0.3371363 0.2441998
1.061768 0.4041977 0.2969437 0.1233997
1.957815 1.009441 0.4079437 0.2834167
1.089247 0.3585587 0.2032719 0.1445293
1.673475 0.789238 0.2680016 0.3928528
1.426619 0.627882 0.3175526 0.1992884
1.844635 0.9533234 0.4126759 0.3193359
1.843618 1.013638 0.4042301 0.3105583
1.568731 0.8474083 0.4585648 0.246706
1.067749 0.6881714 0.3706799 0.2150097
1.759666 1.028223 0.4604626 0.3272762
1.853193 0.9086609 0.4071102 0.2774143
1.829256 0.8831863 0.4070606 0.2967625
1.956148 1.0919 0.4595127 0.3381319
1.204807 0.7693386 0.412672 0.2519627
1.416557 0.8036385 0.3869267 0.2778149
2.027506 1.06926 0.4437962 0.3594685
1.386427 0.9375057 0.4859009 0.3226147
1.748671 0.9273853 0.376749 0.2774963
2.126598 1.114605 0.4662991 0.360117
1.841799 0.8619213 0.3856125 0.3009644
1.690166 0.839489 0.3555317 0.2879848
1.522453 0.7560654 0.4497032 0.2990608
1.933052 0.9587517 0.4132204 0.3181086
1.623016 0.7691631 0.4198895 0.2748718
1.065979 0.3501358 0.1226826 0.2331104
1.342484 0.606945 0.383791 0.2291565
1.367971 0.6392136 0.3771362 0.2274189
1.190235 0.4690361 0.2423763 0.1815987
1.607632 0.81987 0.4239807 0.2892923
1.610867 0.8070278 0.4465885 0.2839642
1.149605 0.7077904 0.3811398 0.3408775
1.896978 0.9418983 0.3668594 0.3377228
1.575563 0.6959743 0.2787151 0.2333069
1.782309 1.143484 0.4718685 0.4233074
1.457254 0.8328533 0.4026089 0.310873
1.373768 0.6673431 0.3764687 0.2216482
1.277094 0.5656528 0.3303051 0.1776638
1.928762 0.8786144 0.3651085 0.3012848
1.927212 1.158281 0.4956608 0.377943
1.33073 0.8092442 0.3519993 0.2627563
1.967216 1.084328 0.4120693 0.3100586
1.438162 0.632782 0.3421631 0.2929211
2.089603 1.159035 0.3950825 0.271452
1.900585 0.932621 0.3981419 0.3300762
1.533886 0.8082638 0.3898335 0.2634068
1.342686 0.7276955 0.3976517 0.2800827
2.086739 1.137386 0.4994678 0.3458424
1.363895 1.034178 0.4614964 0.3508549
1.21373 0.5046616 0.3359642 0.1695156
1.706865 1.058075 0.4919376 0.3425789
1.222534 0.4762573 0.2799473 0.1375046
1.772646 0.9181957 0.4002113 0.3420563
1.741806 0.9532661 0.4558582 0.3596935
1.673073 1.142431 0.4712811 0.3730679
1.34775 0.6146641 0.3303537 0.16607
1.842684 0.9716949 0.4089489 0.3202133
1.730719 1.067162 0.4572201 0.3370838
1.839338 0.7432079 0.3864288 0.2790241
1.901682 0.8929024 0.4064064 0.3068695
1.94087 0.9193573 0.4142761 0.326128
1.584753 0.829689 0.4596748 0.2938919
1.077999 0.4654293 0.3061199 0.1400089
1.311855 0.489254 0.3178196 0.2721291
1.037252 0.4802704 0.3539314 0.1208038
1.723591 0.7269955 0.3453903 0.2757502
1.367815 0.5805454 0.347764 0.2567396
1.850025 0.8365116 0.3897591 0.2978611
1.93091 1.024963 0.5469704 0.5170269
1.745193 0.823307 0.398839 0.2626209
1.939913 0.9388943 0.3265038 0.2541084
1.312857 0.588356 0.3350582 0.2754154
1.729342 1.06624 0.4103985 0.3494606
1.299271 0.6220779 0.3290234 0.1701317
0.8325977 0.4697571 0.3645935 0.1424198
1.665873 0.9871998 0.5176296 0.3951569
2.003292 0.9966431 0.4128761 0.3510475
1.219303 1.079686 -0.1155081 0.482914
1.437223 0.7463112 0.386795 0.3429031
1.743958 0.8228226 0.4049454 0.3286438
1.430025 0.7985134 0.4540558 0.3470821
1.449762 0.7803574 0.4203815 0.3010921
2.030056 1.199076 0.5092163 0.346241
1.156064 0.4818535 0.2730751 0.2186337
1.79859 0.7916832 0.342206 0.3043156
2.10207 1.045584 0.4073162 0.3576527
1.899195 0.9391403 0.3890839 0.2986355
2.247215 1.262783 0.4676476 0.2906704
1.283501 0.7003326 0.3778973 0.249239
1.326843 0.695179 0.3566303 0.3318577
1.392517 0.7719898 0.4146042 0.3086061
1.982653 0.9925442 0.3432789 0.330471
-0.5190392 0.720808 -0.2667065 0.1088715
1.971828 1.034386 0.4246483 0.3453779
1.382416 0.7586842 0.3982964 0.2645397
2.309 1.27714 0.4883957 0.3643494
1.642761 0.9776592 0.4266205 0.3102493
1.875216 0.8891659 0.3913403 0.3080626
1.862309 1.046415 0.4273682 0.3418903
1.159622 0.7470875 0.3891563 0.2269325
1.7644 0.9418793 0.3975544 0.3092098
1.359135 0.5961466 0.3167524 0.2127275
1.324398 0.7544708 0.4173698 0.2605305
1.805023 0.9132233 0.5137711 0.3068695
2.001114 1.107618 0.3994884 0.3386078
1.503323 0.768198 0.3701668 0.27314
1.244133 0.5865231 0.3468132 0.2047634
1.804749 0.8702316 0.3721638 0.3032055
1.82192 0.9150372 0.1964931 0.447588
1.372417 0.6534176 0.3751163 0.2960567
1.310341 0.8155022 0.3822899 0.2416801
2.213102 1.336287 0.4757309 0.3621635
1.912374 1.088121 0.4258213 0.3250618
3.026392 1.282417 0.4832191 0.3165722
1.548962 0.9804249 0.4517784 0.3405285
1.939137 0.9064426 0.3988132 0.3147564
1.022453 0.4514751 0.3380928 0.1761284
1.444523 0.7151356 0.3927193 0.278162
1.711052 0.8365612 0.4146872 0.3320475
1.792059 0.8120346 0.36759 0.2537918
1.552675 0.6968002 0.3593788 0.2679405
1.469728 0.8375378 0.4357567 0.2926178
1.885595 1.020006 0.4222641 0.3399239
1.348143 0.4900684 0.291914 0.1280842
1.267302 0.6826515 0.3617115 0.2761841
1.119141 0.5471611 0.4751797 0.1659374
1.150555 0.511795 0.3279362 0.1609316
1.781857 0.9654427 0.4658375 0.2728806
1.39465 0.6351585 0.2984295 0.2320366
1.890221 1.082451 0.4617805 0.3280048
2.074511 1.061424 0.4952564 0.3453178
1.12052 0.564991 0.3152733 0.2188816
1.170588 0.4566936 0.2535801 0.1405563
1.791952 0.8681984 0.4568768 0.3671322
2.850838 1.170807 0.5103931 0.3586197
1.16508 0.5370131 0.3387604 0.1855087
2.000114 1.23192 0.5078812 0.4077034
1.141483 0.6693058 0.3516483 0.1620827
1.812731 0.8016205 0.3896446 0.3306856
1.092093 0.4795952 0.2780457 0.2305813
1.016516 0.5106907 0.3555622 0.1756153
1.945528 0.8385668 0.380167 0.3343496
1.614567 0.8269539 0.3701458 0.3078938
1.778379 0.9233685 0.4084492 0.3204689
2.012337 0.9260826 0.3990574 0.3511391
4.440781 0.755682 0.4524651 0.2228146
1.243105 0.4648705 0.2936535 0.1683159
2.017225 1.186626 0.4916077 0.3221092
1.880167 1.146843 0.4604301 0.35112
7.803486 0.8455467 0.4079914 0.2582817
1.449387 0.8037109 0.374588 0.2336864
1.473509 0.5653296 0.3535128 0.234273
1.668766 0.8369083 0.4554596 0.291481
1.763313 0.8437271 0.4518089 0.1339798
0.9782066 0.5287895 0.3552094 0.186409
1.423281 0.9773636 0.4410954 0.3445644
1.104771 0.5450182 0.3186884 0.2650061
0.9946175 0.4075031 0.2896137 0.1366482
1.267378 0.5427418 0.4147072 0.1866245
1.639816 0.9932117 0.4748001 0.3600655
1.770206 0.7788429 0.3724785 0.2621927
1.168793 0.4273481 0.2384424 0.1774836
1.503302 0.7218361 0.3809004 0.2385426
1.516701 0.7339516 0.3838749 0.2362499
1.646616 0.7277489 0.3272343 0.2661457
1.152918 0.4459953 0.2373257 0.1573009
2.053577 1.051401 0.336832 0.3689556
1.459898 0.7214508 0.3537588 0.2726631
2.076309 1.052296 0.396265 0.3473549
1.514812 0.8066101 0.3911343 0.2814159
1.031467 0.6009159 0.3652 0.1714897
1.716618 0.8117599 0.3990231 0.3051224
2.08198 0.9723206 0.514761 0.3839607
1.45953 0.7093678 0.3735056 0.2704124
1.450556 0.7521877 0.3836555 0.2312851
1.199297 0.8242264 0.3948174 0.2667866
1.500633 0.4359875 0.2335634 0.07359409
1.980461 1.123013 0.4290676 0.3275566
1.351414 0.7396107 0.3799 0.2486439
1.808359 0.8848362 0.3791695 0.3134098
1.047098 0.3576946 0.2483749 0.1258755
1.736382 0.8219357 0.3546753 0.325634
2.31167 1.27002 0.4906731 0.3706341
1.954235 1.056509 0.4113541 0.3594627
1.624189 0.9518185 0.4659367 0.3724146
1.413347 0.9301319 0.4035454 0.3272591
2.459845 1.181114 0.5123615 0.3809032
1.756645 0.9133301 0.3711681 0.3196163
1.942633 0.8411465 0.4033966 0.2818241
1.875656 0.9913235 0.4101276 0.3437901
2.09334 1.25741 0.4787159 0.2550411
1.834421 0.9481182 0.3724957 0.3423424
1.773655 0.8835316 0.3984356 0.3122673
2.056129 1.097216 0.4394455 0.336298
1.451891 0.7607021 0.4042263 0.3145237
1.230053 0.52495 0.3081589 0.1160126
2.170673 1.237223 0.4486675 0.307579
1.557104 0.7795525 0.446106 0.3099518
1.583345 0.9720707 0.4075623 0.3365154
1.649437 0.8032227 0.4858704 0.3530006
1.497314 0.9729404 0.4438381 0.2793159
1.231096 0.4357128 0.2626724 0.1402416
1.770369 0.8605995 0.3813763 0.3021202
1.29328 0.6867142 0.4123783 0.2534523
1.827984 0.9340363 0.4019718 0.3168573
1.021458 0.2070274 0.109024 0.07818413
1.614285 1.098597 0.482357 0.3560696
1.844223 0.9561977 0.4172573 0.3218174
1.410723 0.715126 0.4172096 0.2566872
1.179064 0.5414371 0.3069134 0.1862555
1.545847 0.7505798 0.3625889 0.2714405
0.7820683 0.3681259 0.1644001 0.1502934
0.9766006 0.4051247 0.307415 0.1170883
1.958618 1.091076 0.4852943 0.3415775
1.761415 0.9165287 0.3966293 0.2910137
1.330063 0.6808529 0.4159584 0.2709827
1.477777 0.891367 0.3379421 0.2936392
1.715141 0.9036827 0.4600048 0.3321285
1.993725 1.122747 0.4335098 0.3286724
1.291824 0.6518841 0.4160175 0.2224312
2.206068 1.215788 0.4959908 0.3328705
1.926512 0.9505939 0.4290943 0.3299294
2.122997 1.203468 0.4770451 0.3636189
1.825035 0.7952728 0.3544254 0.2879848
2.282455 1.087358 0.4626637 0.381525
1.190985 0.7660198 0.3818665 0.2175369
1.846172 0.8507042 0.3875637 0.2960186
1.813709 0.8492947 0.3657169 0.3153439
1.296206 0.6357498 0.3442745 0.2353411
1.264015 0.6727257 0.354496 0.2965565
1.436342 0.6452198 0.3734341 0.2686806
0.9279938 0.6666527 0.4079189 0.1687069
1.840601 0.8777809 0.4022636 0.2791653
1.500847 1.071011 0.4961414 0.3114872
2.027937 1.086681 0.4468384 0.3255749
1.862514 1.023252 0.4538307 0.4196959
1.804886 0.853878 0.3896141 0.3264408
1.812254 1.011898 0.4494362 0.3158836
1.779064 0.8975601 0.4397812 0.3855019
1.871674 0.8639851 0.4352455 0.3535309
1.232643 0.6898575 0.48316 0.2606058
1.983938 0.8731537 0.4122696 0.3314705
1.098532 0.4879284 0.2989597 0.1614227
1.102644 0.7044411 0.3409805 0.2443657
1.944862 1.210728 0.4820786 0.2959995
1.312366 0.7501106 0.4245663 0.264822
1.536396 0.6844893 0.3555555 0.2911339
1.074163 0.5716858 0.3186722 0.1795349
1.307404 0.6812592 0.3489876 0.2239208
1.134439 0.6886749 0.3970814 0.2000561
1.865091 0.8544044 0.3800869 0.2956228
1.232803 0.7157955 0.3695679 0.2345676
1.10462 0.5589733 0.3608456 0.2123795
1.353586 1.119194 0.4780636 0.2787914
1.303215 0.537365 0.3332634 0.1053791
1.148245 0.5799809 0.3097706 0.1751938
1.998341 1.080292 0.5613632 0.4040051
1.168913 0.5602131 0.3373623 0.2150364
0.9017506 0.2050591 0.1555138 0.04905891
2.200293 1.061247 0.4558506 0.3251743
1.857094 1.175467 0.4764481 0.3853226
1.209843 0.4904842 0.4229469 0.1445408
1.247984 0.6145096 0.3429165 0.2353973
1.99094 0.9923439 0.4230556 0.3416433
1.583063 1.144278 0.5341263 0.281847
1.81913 1.209806 0.4993744 0.3159122
1.576866 0.8167458 0.4417038 0.2322159
2.152727 1.073172 0.4246464 0.4504833
1.07309 0.3894844 0.2742882 0.08359718
1.513594 0.6404819 0.3357582 0.2389164
1.403103 0.6688213 0.3817711 0.2481117
1.807598 0.9277534 0.4389019 0.373188
1.963537 1.067497 0.4418964 0.3282528
0.9741688 0.3919945 0.2285595 0.1458702
0.9354076 0.5452652 0.2405109 0.1852808
1.682501 0.8616333 0.4239807 0.3454914
1.812654 1.076012 0.5578041 0.3035603
1.419729 0.7465248 0.3679981 0.2976265
1.75309 0.7612906 0.3744221 0.296442
1.289772 0.7159023 0.4105263 0.281374
1.296476 0.90242 0.5068035 0.2702084
1.272781 0.7160969 0.4037323 0.2634125
1.016869 0.4765987 0.3357143 0.1267395
1.780281 0.943018 0.4634285 0.353096
1.715979 1.011152 0.3838692 0.3680115
1.103092 0.4739513 0.2428455 0.1569824
0.8934517 0.3996181 0.2767601 0.1406384
1.159256 0.6925049 0.4013367 0.2642879
1.896151 1.072329 0.4384727 0.3491144
1.648481 0.6642437 0.2795029 0.2508259
1.549816 0.9322662 0.4738693 0.2927227
1.009544 0.4237366 0.3153057 0.1952724
1.063925 0.5502377 0.3363304 0.1649876
2.292048 1.243158 0.4871864 0.3438587
1.255875 0.7668934 0.4140377 0.2726326
0.9730396 0.579071 0.309267 0.2306099
1.234774 0.5570087 0.3184261 0.1990767
1.318462 0.7932644 0.4188137 0.2889042
1.310539 0.9933796 0.5569668 0.3410301
1.464207 0.5504646 0.3214417 0.03244591
1.219173 0.6312046 0.3839531 0.2948732
1.263468 0.8002834 0.4555092 0.2966843
1.726492 1.303471 0.536272 0.3553581
1.856419 0.9653816 0.3971138 0.3160133
1.226555 0.6335926 0.3991394 0.2499504
2.060589 0.914999 0.4456749 0.211195
1.351236 0.5956669 0.2996235 0.1991959
1.772507 0.9230728 0.4083233 0.3335991
1.270247 0.5849056 0.3464651 0.2521858
1.858425 0.9366665 0.403265 0.3470325
1.517292 0.7730007 0.3703995 0.3061771
1.107794 0.5525055 0.3050022 0.2773476
1.208778 0.5971928 0.28479 0.2110977
2.04545 1.18998 0.4613476 0.3609753
1.944902 1.239943 0.5326347 0.4471226
1.099779 0.7257519 0.396204 0.2121735
1.872768 0.9817944 0.4193306 0.3270016
1.021 0.3359413 0.2867355 0.1057644
2.092226 1.094101 0.4423447 0.3501472
1.767889 0.9086037 0.443697 0.3417854
1.298664 0.8707294 0.3872776 0.2647724
1.424568 0.7997322 0.4142017 0.2804508
1.53475 0.6862965 0.3765974 0.2511005
1.371983 0.4992352 0.2963753 0.155241
1.211506 0.5699577 0.2673969 0.2093487
1.693815 0.8720837 0.3851528 0.3015842
1.891888 0.9609833 0.4173069 0.3549843
1.824951 0.8269444 0.3912449 0.2131538
1.879419 1.035851 0.4020767 0.3605957
1.86834 1.305706 0.4687004 0.3757896
1.654476 0.8490829 0.3792744 0.3284922
1.748562 0.7987995 0.3686256 0.2315407
1.534962 0.7762318 0.3754749 0.2854233
2.152174 0.9599934 0.4444447 0.3169193
1.04244 0.7200851 0.3991776 0.2195263
1.700727 0.7428694 0.3548298 0.3063517
2.032524 0.964592 0.4042759 0.3324242
1.276186 0.6575203 0.3560276 0.2677984
1.779509 0.8494091 0.4194412 0.3302517
1.363991 0.6250477 0.3603687 0.1835814
1.448273 0.9245529 0.47649 0.3026524
1.004112 0.4847927 0.3073492 0.2150631
0.9976025 0.363699 0.2368679 0.1088734
1.963743 0.967577 0.4181862 0.3099079
1.267153 0.5821495 0.3495808 0.1856174
2.11644 1.148512 0.4472542 0.3457317
1.84137 0.9719639 0.3917999 0.3052673
1.994318 1.041121 0.4743004 0.3697653
1.976702 1.047272 0.4482384 0.3525925
1.292711 0.5051727 0.305151 0.2080822
2.013788 0.950264 0.4025364 0.3012657
2.011923 1.141041 0.4119186 0.3509197
1.244879 0.5568523 0.2896862 0.2517042
1.260189 0.7904816 0.5334072 0.2863178
1.195818 0.472702 0.09175301 0.2990284
1.628559 0.7580643 0.3568707 0.2721901
1.662382 0.9066601 0.5047894 0.3127995
2.020477 1.294632 0.5143337 0.3416309
1.23196 0.574894 0.3640366 0.1828232
1.975325 0.8656826 0.4086809 0.3086882
1.898861 1.228449 0.5127831 0.3254108
1.225525 0.6844311 0.4231377 0.1991692
1.593878 0.8771763 0.4119682 0.3172588
2.104033 1.109997 0.4806118 0.3568687
2.14484 1.182245 0.4568539 0.3260117
1.211716 0.6035671 0.3510265 0.268322
1.801552 0.9016571 0.3643894 0.3216772
1.355604 0.8864059 0.3994541 0.3391705
1.784201 0.8361053 0.3916836 0.3216105
1.556635 0.7889996 0.4199619 0.3271313
1.171537 0.5654736 0.3031921 0.165987
1.836292 1.085842 0.451807 0.3861542
1.732534 1.072844 0.4040718 0.3690414
0.6999073 0.6706276 0.3482876 0.1720676
1.946398 1.087963 0.458147 0.3566799
1.791819 0.9530907 0.4020634 0.332592
1.118618 0.5771751 0.3434448 0.1748829
1.201189 0.4009743 0.1616745 0.1980495
1.172979 0.5297222 0.2902412 0.137701
1.116018 0.6640339 0.4523335 0.1498375
1.989363 1.136959 0.4445763 0.3594646
1.992311 1.254957 0.4356537 0.2986469
1.880745 0.9078541 0.4381714 0.3177185
1.850088 0.9373627 0.4804726 0.348175
1.699663 0.9152431 0.4633083 0.4082832
1.893616 1.028103 0.4172916 0.375494
1.187332 0.548893 0.3555012 0.1218605
1.331043 0.5653381 0.3360748 0.1909809
1.557184 0.7307224 0.362524 0.2603416
1.974283 1.091566 0.4729309 0.378809
1.565334 0.7408772 0.3851738 0.2518454
1.118164 0.2840557 0.1878757 0.04169655
1.26914 0.6099396 0.4683266 0.2169018
1.399921 0.6552258 0.3555298 0.210556
1.708815 0.9229546 0.3856201 0.3337593
1.837786 1.04493 0.4844303 0.3026323
1.962551 1.036045 0.4509048 0.3615456
1.566507 0.9284 0.4394512 0.3504028
1.666843 0.8456554 0.4198933 0.3196449
1.915201 1.147236 0.5033264 0.3412247
1.26602 0.651535 0.3759899 0.2162113
0.9376507 0.3188114 0.2022629 0.1526623
1.394381 0.6013298 0.3004265 0.2152977
1.612141 0.8364868 0.3975983 0.2849636
2.607128 1.326139 0.531723 0.3563728
2.01088 0.7637653 0.6177711 0.3146267
1.867716 0.8410339 0.3503799 0.3142538
1.620026 0.7601643 0.3988495 0.3080254
1.103535 0.4926605 0.349905 0.2330494
1.39295 0.6994953 0.4294453 0.2812977
1.179379 0.4455166 0.2639942 0.2649975
1.303362 0.6584148 0.3229294 0.2555962
1.198961 0.3823757 0.2767963 0.09266758
1.878969 1.104029 0.4761581 0.3895874
1.995064 1.033361 0.4299088 0.3539257
1.847795 0.9418888 0.3976822 0.3106689
2.009659 1.073433 0.4336128 0.3438015
1.887434 1.115761 0.4311142 0.3318386
1.052599 0.5087967 0.3082943 0.08617783
1.055437 0.3029137 0.1832943 -0.07804108
2.083191 1.278189 0.4740314 0.3537331
0.9684811 0.7437782 0.341938 0.2256927
1.799814 0.8471413 0.3787613 0.3397083
1.738983 0.7122879 0.3981247 0.0644989
1.692924 1.004768 0.4508781 0.2997208
1.032154 0.7264442 0.4018021 0.2584858
1.504192 0.7235661 0.3886213 0.2935038
1.454456 0.491127 0.3179474 0.1497879
1.861183 0.8539295 0.4195023 0.3387508
1.897985 0.9357338 0.4225445 0.360095
2.224312 0.9208374 0.4764385 0.3286762
1.238384 0.6339283 0.37146 0.2348957
1.531237 0.7785225 0.4383945 0.2783165
2.528465 1.134258 0.462204 0.3465042
1.354429 0.8286152 0.4257755 0.3449783
2.041634 0.9864082 0.4069424 -0.0811367
1.398888 0.9288654 0.4307079 0.3797894
1.999382 1.035337 0.4054947 0.3871498
2.04723 0.9988956 0.2825947 0.3794518
1.545904 0.7896709 0.406147 0.3360538
1.531878 0.8512115 0.4043732 0.3507328
0.9511089 0.555788 0.3510742 0.2008209
2.117517 1.061792 0.404047 0.3506126
1.431011 1.073429 0.4479809 0.2826595
1.18045 0.5152903 0.2652893 0.1829967
1.511255 0.603548 0.4182243 0.2031612
0.84795 0.1873856 0.1192131 0.1218681
1.681625 1.044189 0.431118 0.3569489
1.375637 0.806427 0.4116516 0.3547173
1.667677 1.029196 0.4455795 0.3225346
1.456684 1.096535 0.5086956 0.3472805
1.991278 0.9809875 0.4145603 0.3306217
2.126205 1.17791 0.4422169 0.3648033
1.069422 0.3810215 0.2082615 0.1091156
1.028728 0.5477543 0.3554344 0.2230148
1.455891 0.7183132 0.3820248 0.2752419
1.889744 0.8953056 0.3562202 0.3137665
1.457876 0.8139534 0.3982887 0.2764645
2.235023 0.98806 0.386013 0.3420429
1.779358 0.9243851 0.3947048 0.3175211
1.211752 0.5172958 0.3107986 0.1515923
0.9884834 0.3531876 0.2671986 0.1210136
1.652182 0.8924007 0.3587494 0.2939758
1.801468 0.9529209 0.4082832 0.2798214
1.01618 0.338644 0.2764359 0.1663551
2.391548 1.217451 0.5026207 0.3836784
1.33112 0.6233225 0.3326187 0.2413187
1.685368 0.97188 0.4453526 0.3092041
1.860083 1.288788 0.5083447 0.3498917
1.249886 0.5719242 0.3070469 0.2278366
1.345324 0.7052345 0.3025951 0.1526184
1.674568 0.8432255 0.3863525 0.295866
1.776377 0.8614483 0.3734093 0.3551941
1.617113 0.7619553 0.2859192 0.2154293
1.7099 0.9032593 0.3979721 0.3103104
1.734104 0.9544296 0.3969326 0.2546844
1.822184 1.030542 0.4207077 0.3566875
1.511869 0.9547367 0.5256119 0.3780727
1.64724 0.8831959 0.4683876 0.2947102
1.957262 1.202642 0.4656715 0.3606644
2.05411 1.086193 0.451395 0.3507385
1.267014 0.6402893 0.363245 0.2562904
1.396221 0.8938599 0.4697495 0.3626633
2.032854 0.8916378 0.3467636 0.3573122
1.423744 0.7938232 0.4013138 0.2610397
1.924854 1.20891 0.4968987 0.3940296
1.035728 0.5355549 0.347868 0.1816006
1.723639 0.9619236 0.5124264 0.4178429
2.260912 0.8923569 0.3722172 0.2758484
1.194111 0.6013184 0.3873577 0.2202234
1.994333 1.051403 0.480196 0.4474459
2.004616 1.162519 0.4465675 0.4131393
2.289825 1.188871 0.5002327 0.3735924
2.08923 1.017584 0.4518547 0.438221
1.07724 0.458559 0.2676239 0.1034546
1.710869 0.964529 0.424015 0.3778496
1.864664 0.9684372 0.4064941 0.3582077
1.375265 0.6856108 0.3559704 0.2695541
2.233309 1.121325 0.4798203 0.414381
1.918024 0.9610271 0.4078407 0.3501549
1.564684 1.019621 0.4315014 0.3221226
1.752939 1.046858 0.397604 0.3267746
1.398237 0.6455441 0.2842274 0.2601128
1.706423 0.7983761 0.3303242 0.3003559
1.669506 1.085096 0.478014 0.3463192
1.412716 1.231663 0.3675652 0.08856773
2.093754 1.025072 0.4230728 0.322485
1.495115 0.6046619 0.4060802 0.2947998
1.477425 0.8626556 0.4066277 0.3099651
1.095545 0.9676857 0.4356575 0.2125854
1.727026 0.891243 0.3551121 0.2970066
1.664124 0.84412 0.4067554 0.305994
2.121267 1.363716 0.4859848 0.3421288
1.451868 0.7168789 0.3524466 0.3048773
1.128222 0.5270538 0.3302755 0.223752
1.44681 0.7546997 0.3574886 0.3085766
2.073318 0.9092426 0.397686 0.3060551
1.79941 1.072765 0.4777374 0.3661861
1.570635 1.210997 0.450264 0.3597031
1.660601 0.930727 0.3823757 0.3208694
2.011717 1.178839 0.4439983 0.3211823
1.424082 0.7824955 0.365118 0.2292709
1.725851 0.8198471 0.3619213 0.2866211
1.280012 0.6360264 0.4057865 0.2606506
1.303207 0.6216431 0.360981 0.2615967
1.562325 1.041203 0.4791584 0.3202763
1.913647 1.265656 0.4732685 0.2240467
1.737015 0.9625416 0.4252605 0.3381233
0.8183651 0.4857616 0.3250885 0.1392441
2.019899 1.084423 0.3567181 0.3862438
1.864759 0.8755188 0.4210224 0.3383217
2.185701 0.9237213 0.08281326 0.1090794
1.182169 0.5455036 0.3121223 0.2124882
1.61326 0.8379726 0.4464741 0.2737789
1.412573 0.7531223 0.5244045 0.4131021
1.349695 0.5721836 0.3424282 0.1635647
1.580008 0.7942753 0.3983994 0.2464352
1.247561 0.39674 0.2317276 0.1393394
1.366394 0.9885063 0.6755886 -0.4103298
1.966827 1.075617 0.4471321 0.4286594
1.77883 0.7766361 0.4276543 0.3539467
2.173487 1.116776 0.4610004 0.3941689
1.558865 0.7643051 0.403017 0.2887115
1.486763 0.8820019 0.412159 0.296236
1.624546 0.871376 0.4381714 0.3225288
1.809078 1.076492 0.4337254 0.3104496
0.9657784 0.2595901 0.1601372 0.07051086
2.012339 1.080177 0.3959255 0.3293438
1.153591 0.5518627 0.323226 0.2557716
1.238398 0.5897694 0.3279362 0.2206497
1.370398 0.6480217 0.3754539 0.2042351
1.888681 1.003506 0.388361 0.3589935
1.293064 0.619791 0.3137169 0.2133198
2.027882 1.067123 0.4703217 0.3499222
1.345041 0.7837715 0.4145412 0.2810326
1.750563 0.952486 0.4210892 0.315176
1.837906 0.8996067 0.4970303 0.3587646
1.900282 0.9669037 0.3853474 0.3662548
2.058397 0.9760456 0.438921 0.3563461
1.669624 0.9616241 0.4870701 0.3725796
2.070358 1.00699 0.4441624 0.3398457
1.0026 0.3422012 0.2533665 -0.02098846
1.39864 0.8292446 0.4057598 0.3373203
2.035063 0.930872 0.3804474 0.2998829
0.9736042 0.3097057 0.2865047 0.1213818
1.686611 0.8994141 0.44417 0.33354
1.227892 0.4593735 0.3253193 0.1838017
1.606089 0.7608471 0.2860126 0.1766987
2.425066 1.152534 0.4836807 0.3178139
1.059048 0.3640137 0.2535934 0.1406269
2.24054 1.208492 0.4642143 0.3608875
0.9567623 0.5017929 0.4185047 0.166626
1.140182 0.4328213 0.3168755 0.1501579
1.845631 1.012346 0.4236336 0.3408279
1.748709 0.8690987 0.4288158 0.3710518
1.26577 0.7968864 0.4325294 0.283802
1.301815 0.7935886 0.3753071 0.285038
2.007988 1.093422 0.4499073 0.3240051
2.082403 1.173235 0.4729805 0.3862057
0.9618168 0.3180656 0.2632732 0.07888794
1.047062 0.5619049 0.3195362 0.2177792
1.714367 1.003647 0.4046288 0.323658
1.836813 0.776823 0.3759098 0.3049812
1.307768 0.6909637 0.3979836 0.2630997
1.642334 0.8291245 0.4181156 0.2984467
1.292406 0.5896683 0.316391 0.223094
1.731916 0.7657719 0.3757496 0.2827101
1.149381 0.5125256 0.2463741 0.1196699
1.849766 0.9440441 0.4290857 0.1739197
2.37822 1.143951 0.4843369 0.2242908
2.065815 0.9896564 0.425415 0.3251362
2.132156 1.06509 0.32444 0.4340572
1.772474 0.8931961 0.4052925 0.3485889
1.924364 1.011671 0.4349098 0.2248135
1.477314 0.8811741 0.4506378 0.2973614
1.337547 0.5551815 0.330946 0.1631508
1.662504 1.07263 0.5073853 0.3549614
1.376324 0.8433762 0.4133835 0.2871094
1.521458 0.7903156 0.4516506 0.3049583
2.043306 0.9715328 0.4429436 0.3337116
2.075613 1.171978 0.4421654 0.3823071
1.004061 0.484417 0.3299789 0.1419907
2.084862 1.057814 0.4442406 0.373539
1.98897 1.193758 0.4564705 0.3567905
1.253407 0.5158501 0.2673512 0.1937408
1.900717 0.9230976 0.3908749 0.295002
2.038286 0.9714718 0.4194202 0.3550835
1.110619 0.474699 0.2827969 0.1881142
1.82859 1.010183 0.4359226 0.3268728
1.164635 0.7028351 0.3698311 0.2548981
0.7816429 0.4461098 0.2028742 -0.03299236
1.035362 0.3631592 0.1795139 -0.09061623
1.842424 0.9327316 0.5161476 0.3867435
2.097462 0.9521141 0.4274654 0.3201046
1.355661 0.5988846 0.3682365 0.2279873
1.820482 0.8672009 0.3680725 0.3064528
1.787678 0.9059143 0.4155712 0.3689346
1.497932 0.684206 0.3930397 0.2905407
1.195181 0.5839806 0.3560238 0.2076359
0.5810795 0.2209454 0.2321396 -0.009986877
1.194496 0.4963036 0.335288 0.1766253
1.816833 0.8412094 0.3960876 0.3308649
1.674656 0.8264389 0.3802681 0.3233128
1.332909 0.5544796 0.3125257 0.2003174
1.72891 0.760603 0.3851337 0.2883797
2.058912 1.098219 0.472271 0.3335724
1.796917 1.056578 0.4109879 0.3340626
1.294825 0.6118126 0.3267269 0.2261734
1.903191 0.8519707 0.3934984 0.3024521
1.997011 0.9189873 0.4228039 0.3581963
1.669853 1.006723 0.4048538 0.3159504
1.129642 0.5586987 0.3696575 0.2227345
1.123125 0.541769 0.3654556 0.1516571
1.144581 0.5569077 0.3308983 0.1874104
1.305962 0.5754929 0.3204041 0.1892147
1.97584 0.9596653 0.4184446 0.360568
2.174852 0.8773994 0.390377 0.2292233
1.637585 1.133215 0.4380798 0.1762943
1.807133 0.8715191 0.4130764 0.3295355
1.982334 1.105907 0.4406738 0.3763103
1.658302 0.9694481 0.3989582 0.3533249
2.017384 1.24646 0.4595833 0.3190727
0.9540558 0.401001 0.3183212 0.172224
2.022783 1.12602 0.4665813 0.3690948
1.661324 0.894846 0.4299431 0.295208
1.61475 0.9400921 0.3664017 0.3387585
1.60169 0.9135513 0.3932419 0.3766499
1.789053 1.012695 0.4412403 0.3570709
1.356142 1.026836 0.4913349 0.3148689
1.568039 0.8051414 0.4881458 0.3591671
1.665199 0.7942181 0.3848438 0.3106842
2.154812 1.091436 0.4502029 0.327363
1.220346 0.556179 0.3122902 0.2275734
1.929157 1.17598 0.4783382 0.3295288
2.00561 1.022743 0.4172478 0.3374519
1.898617 1.103642 0.4467926 0.3867188
1.881161 0.8141289 0.3892345 0.3337307
1.264271 0.5798092 0.3084888 0.2993336
1.755238 0.8049526 0.3765812 0.3103113
1.181808 0.5957756 0.3945713 0.2511272
1.593586 0.7161198 0.32304 0.2535048
1.797289 1.204388 0.4502106 0.3520107
1.758299 0.8416138 0.3962345 0.3230705
1.501183 0.8730907 0.4387112 0.3717575
1.118237 0.6029949 0.3352909 0.2053928
1.869087 0.9631939 0.3965492 0.3215046
2.450325 1.062992 0.416954 0.2829494
1.344187 0.7579746 0.4115105 0.2749481
2.098541 1.088921 0.4886074 0.3368263
1.27392 0.5941353 0.34058 0.202158
0.9975262 0.496479 0.2360706 0.1698456
1.16464 0.5093479 0.2927008 0.2387915
1.752991 0.8216267 0.3883781 0.3210545
1.732828 0.8837757 0.4246426 0.3062344
1.95932 0.9203091 0.3838749 0.3235378
1.875378 1.050512 0.4144382 0.3644142
1.241879 0.6828918 0.364706 0.2437382
1.512831 1.286827 0.4670525 0.2733173
1.305691 0.6689625 0.3520422 0.2601156
1.735008 1.300983 0.4456234 0.3570118
0.9517708 0.2913513 0.2374439 0.122591
1.867382 0.8681774 0.3885555 0.3377666
1.769958 0.8966255 0.4059505 0.3114738
1.043089 0.5009422 0.293047 -0.102726
1.275517 0.6698189 0.359087 0.2791748
2.0123 1.017372 0.4890938 0.4079056
1.340412 0.7571049 0.388092 0.2972622
1.509468 0.9058475 0.4242878 0.2913246
1.850891 0.8710537 0.3919926 0.2788906
1.642715 0.8978691 0.398365 0.3522167
1.216997 0.5527916 0.2962036 0.2091961
1.61429 0.7524624 0.4483652 0.3416109
1.599077 0.7298069 0.3658142 0.3011351
1.50317 0.6059208 0.3552551 0.2460728
1.581253 0.8717251 0.3587971 0.2612228
1.540821 0.9858646 0.5267982 0.3142929
1.61269 0.693203 0.4516087 0.2372894
0.9277821 0.4925842 0.354126 0.0918026
1.411598 0.9232483 0.4610519 0.1559563
1.394892 0.7406464 0.3787174 0.2671833
2.682543 1.274902 0.4985867 0.3600712
2.349302 1.171913 0.4627247 0.3878193
1.263575 0.9729729 0.4275284 0.3383732
1.115547 0.3345814 0.2453251 0.1088829
1.887615 1.032459 0.4161797 0.3932781
1.315695 0.5671749 0.3509521 0.189394
1.587685 0.769537 0.3949318 0.2805309
1.325836 0.7072067 0.4525356 0.27775
1.364138 0.7159519 0.4013004 0.282299
1.752123 0.8497372 0.4017544 0.3066273
1.705915 1.037413 0.4182262 0.4080658
1.882874 0.9860783 0.4099674 0.3302193
1.483051 0.5883255 0.307766 0.1916084
1.739531 1.009123 0.4461403 0.3246098
2.02829 0.9637337 0.4262619 0.3450909
1.813248 1.052303 0.4251385 0.3271847
1.38703 0.8104725 0.4129429 0.3039999
1.230396 0.8662014 0.351017 0.3037338
1.948195 1.20295 0.4556217 0.3285351
0.8194923 0.3195248 0.3109341 -0.039608
1.249928 0.4336834 0.2811642 0.1386395
1.704027 0.8716431 0.4803257 0.440052
1.194725 0.5094261 0.3047199 0.2008076
1.174541 0.4690914 0.3385105 0.2127323
1.261189 0.750618 0.4232922 0.3202705
0.9731035 0.5672216 0.2628632 0.3051977
1.873426 0.9316216 0.4022179 0.3618374
1.74301 0.8406086 0.3721504 0.2749462
1.866112 0.9741306 0.4027157 0.3058109
1.494749 0.835556 0.4292145 0.2649212
1.751532 0.819334 0.37957 0.2913799
1.306932 0.8790054 0.487978 0.373661
1.833488 0.8112621 0.372488 0.2738781
1.753101 0.7800665 0.3854246 0.2917967
1.344419 0.5471821 0.3179779 0.1955109
1.612165 1.013824 0.5415192 0.3269138
1.583168 0.8742237 0.4582787 0.3251019
1.949577 1.016527 0.488924 0.359272
1.669609 0.8571701 0.3965359 0.3076286
1.727226 1.000633 0.4456635 0.3162689
1.524818 0.6503792 0.3402462 0.3023872
1.774956 0.8688087 0.4305496 0.3282728
2.353569 1.037493 0.4896545 0.3722172
1.429495 0.6262856 0.3982086 0.2920446
1.866478 0.9728451 0.4256096 0.3791676
1.740143 0.9696941 0.4073563 0.3861589
1.858521 0.979847 0.4257889 0.3605232
1.730753 1.203003 0.4924812 0.4112949
1.299116 0.7364502 0.4637871 0.3053646
1.589853 0.671587 0.3218269 0.1539459
1.15934 0.4669762 0.239563 0.1281834
1.430252 0.7291565 0.3938293 0.2757454
1.324057 0.5872765 0.3431492 0.1459732
1.96398 0.9469452 0.4421959 0.3439312
1.399517 0.6057911 0.3800907 0.2452259
1.121738 0.6502552 0.3941708 0.2322102
1.177774 1.004475 0.4236488 0.2757378
1.777483 1.223299 0.4466171 0.3468876
1.480213 0.8906822 0.3718853 0.2667217
1.040087 0.4342175 0.2881031 0.02646446
1.0228 0.4590187 0.302084 0.220747
1.846552 0.9113998 0.3826942 0.3179989
2.058176 0.9766293 0.4103451 0.3354435
1.999001 0.9479771 0.3930569 0.3295574
1.560837 0.8771782 0.4030304 0.3360577
1.770563 1.250214 0.4446087 0.3728714
1.383928 0.699625 0.3691463 0.2147293
1.746881 0.9099197 0.4168549 0.3351097
1.610817 0.892313 0.4407005 0.2935925
1.111013 0.6762962 0.3434353 0.1787815
1.417212 0.6906586 0.3730984 0.2128506
1.685831 0.8420353 0.3855629 0.2683582
1.305683 0.7325001 0.4100113 0.3241501
2.044094 0.8593121 0.3888102 0.3267927
1.996696 0.9063053 0.3889637 0.2896862
1.470177 0.9479809 0.3702774 0.3324928
1.823402 1.034813 0.4108906 0.3766613
1.857115 1.145109 0.5124874 0.4080849
1.828093 0.8112926 0.3545074 0.2998619
2.106606 0.9450302 0.4025183 0.3600712
1.863413 0.900444 0.3756008 0.3145409
1.679743 0.7817287 0.3594818 0.3118916
1.141275 0.8423042 0.4311066 0.3145905
2.513893 1.019966 0.4322987 0.4252586
1.216274 0.6802731 0.3442898 0.2566738
1.800409 0.907959 0.4215965 0.3224468
1.085501 0.3815403 0.2783508 0.1256409
1.321529 0.6280975 0.3833542 0.2324772
1.814472 1.181412 0.5168419 0.4227543
1.559187 0.8137627 0.4550362 0.3398972
1.98468 1.019701 0.4108334 0.3543396
1.517729 1.032984 0.449625 0.3078117
1.342106 0.7430382 0.3369751 0.388689
2.015556 1.084188 0.4738541 0.3503227
1.36569 0.6405735 0.4063625 0.2681923
1.218267 0.5969219 0.3747692 0.2621346
1.58737 0.851347 0.4045086 0.3188381
1.930609 0.9280071 0.4222412 0.29006
1.726732 0.792366 0.3637142 0.2233143
1.472887 0.8080292 0.4090996 0.2685394
1.952265 0.9299984 0.3912983 0.3203754
1.152327 0.3490849 0.2486858 0.1703568
1.589245 0.9744377 0.4463577 0.3313017
1.75354 0.9552898 0.4722815 0.3658171
1.723583 1.139141 0.4854069 0.3359203
1.136328 0.7295513 0.3601837 0.241909
1.216486 0.5308704 0.3457298 0.09574699
1.402977 0.5646763 0.3164444 0.2020206
2.045517 1.058558 0.449173 0.3867931
1.841995 0.9828739 0.3887901 0.2839909
1.787399 1.00687 0.4480095 0.3152065
1.508751 0.8482571 0.3855267 0.2854729
1.728544 0.870163 0.4016876 0.3386059
1.348352 0.8034496 0.410677 0.3266029
1.740984 0.8963737 0.3616352 0.3605556
1.876129 0.9506588 0.5106792 0.2014503
1.097092 1.180393 0.3062611 0.1109333
1.125313 0.4348526 0.2563324 0.1130543
1.468819 0.8074265 0.432354 0.2583961
1.235353 0.675375 0.3519993 0.3156834
1.211859 0.6189079 0.3128109 0.2761326
1.757299 1.052795 0.4412079 0.3281116
1.426031 0.65588 0.3543186 0.127594
1.076014 0.452961 0.3053703 0.1947346
0.9549999 0.8387108 0.3999119 0.2302456
1.331978 0.6934547 0.407793 0.2423553
0.9549198 0.3612404 0.1793404 0.1500835
2.041235 0.9771309 0.3851757 0.3518295
1.232294 0.8598442 0.4063091 0.333725
2.008144 0.9865799 0.4377871 0.3690071
1.522614 1.258423 0.3909149 0.4117336
1.892229 0.8871517 0.401022 0.3191853
1.815952 0.9464493 0.4006424 0.3461475
1.230234 0.4980412 0.3083 0.06500244
1.15904 0.5290737 0.2832794 0.1347694
2.168005 0.989603 0.4245243 0.3259296
1.708269 0.9686012 0.383873 0.3169308
0.883707 0.7510738 0.331852 -0.1446819
1.768671 0.7349167 0.3145332 0.2912178
1.708431 0.7994976 0.3698654 0.3073177
1.810795 1.103325 0.4709396 0.2619686
1.369081 0.8871212 0.5101337 0.3158169
2.272207 1.229774 0.4671497 0.3524017
1.22377 0.5336704 0.3195057 0.159708
1.031675 0.4133606 0.2417507 0.1912251
1.605322 1.115734 0.4589767 0.34799
1.387539 0.734108 0.378974 0.324007
1.476904 0.788517 0.4011135 0.3047009
1.669426 0.898983 0.4399185 0.328742
1.212187 0.6518993 0.3568344 0.2285671
1.892967 1.058254 0.4272385 0.3359547
2.006618 1.106298 0.4507504 0.3326206
1.352407 0.7856264 0.3890209 0.2602015
1.973682 1.048506 0.4605236 0.3385639
1.508425 0.8182507 0.3560486 0.2723446
1.280676 0.5913429 0.3211288 0.2439404
1.291527 0.6583271 0.3590193 0.29179
1.858032 1.027576 0.4677582 0.3863716
1.641554 0.9481773 0.3981247 0.293045
1.448814 0.7802658 0.3793259 0.2884922
1.863625 1.093994 0.4528561 0.3450356
1.321545 0.4688625 0.2923412 0.1475201
1.802753 0.975338 0.4292278 0.3057652
1.850668 0.8954506 0.4187469 0.3331175
1.665035 0.860487 0.4078064 0.3170681
1.870062 0.9520645 0.4664631 0.3381271
1.404228 0.7015152 0.4182463 0.2340622
1.38203 0.4587221 0.2377214 0.0821352
1.863508 0.857275 0.392107 0.2999687
1.834927 0.8388233 0.3723335 0.3082695
2.074923 1.056482 0.4380798 0.3516769
1.94593 0.9048138 0.4440699 0.3186712
1.885923 0.9406662 0.4024963 0.3279734
1.16828 0.4227877 0.2307882 0.0905695
1.871443 0.8826561 0.4184399 0.3024778
1.479841 0.9138851 0.5074844 -0.2223778
1.286028 0.6815205 0.3870659 0.2391167
2.307526 1.063498 0.491991 0.3670158
1.052509 0.4298077 0.2565212 0.0814991
1.898487 1.259169 0.5024185 0.3067055
2.309357 1.311377 0.5359707 0.2951794
1.955259 1.249313 0.4958267 0.3404369
1.163347 0.5550365 0.3364525 0.2249098
1.233564 0.6414928 0.3701324 0.2247725
1.790178 0.9710846 0.3980541 0.3258686
1.889277 0.9513607 0.3892956 0.3412151
1.548475 0.8489132 0.4900112 0.401104
1.346891 0.495285 0.2517719 0.1902084
1.356062 0.5680771 0.3799171 0.2590103
1.720057 0.8196697 0.3826714 0.3204632
1.86989 1.033319 0.4334488 0.3159657
1.718616 0.8989487 0.4269981 0.3428535
1.31793 0.430069 0.3355579 0.04975891
1.218323 0.5414009 0.3362789 0.2270737
1.895884 0.9731407 0.4323273 0.3684902
1.43029 0.8912621 0.3924122 0.3442135
1.657507 1.353579 0.4915867 0.3391743
1.833254 0.8972931 0.3850689 0.281992
2.155684 1.135464 0.4970665 0.3888779
1.943083 0.9337254 0.3893394 0.3402176
1.059158 0.508173 0.3321762 0.1286163
1.522955 0.9056816 0.4309464 0.3801727
1.548067 1.050009 0.4443741 0.3044567
1.798744 0.8281193 0.3847256 0.279377
2.082123 1.092037 0.4493294 0.3911667
1.380608 0.6125221 0.3302402 0.2507458
1.890903 1.044828 0.429512 0.3805695
1.345432 0.6133022 0.3693638 0.2836933
1.338932 0.852087 0.4393005 0.3245792
1.136982 0.9124966 0.4554024 0.2947178
1.243557 0.988369 0.4745312 0.3022118
1.449207 0.5836029 0.3385582 0.06414413
1.672125 1.233458 0.5600014 0.3240242
1.408091 0.8003368 0.3867931 0.2459316
1.410675 0.6131363 0.324728 0.1758366
1.301908 0.8307171 0.3877697 0.2634602
0.9181843 0.2018414 0.1842651 0.1046734
1.612949 1.030182 0.5115185 0.3510818
1.062641 0.601738 0.3326015 0.1199875
1.230732 0.8971786 0.389513 0.2837067
1.899511 1.085356 0.4132404 0.3705635
1.99185 0.8917179 0.4125719 0.3135548
1.818579 0.9296932 0.4195499 0.2933712
1.585852 0.6832809 0.4004688 0.2165089
1.276678 0.6594925 0.3513088 0.2463932
1.324228 0.6920109 0.3583622 0.2540321
1.805422 1.13953 0.4455452 0.3602047
2.035177 0.9348373 0.4288158 0.4267321
1.717325 0.9027843 0.3870811 0.3305798
1.486547 0.6439457 0.3867903 0.2179689
1.782927 0.9754486 0.405571 0.3436241
1.833712 0.9687462 0.4235802 0.3762875
2.779535 0.9001999 0.397316 0.3335381
1.674513 0.9613838 0.4011364 0.3397083
1.648642 0.731842 0.38694 0.2610359
1.460897 0.6483231 0.3750715 0.2691488
1.854071 0.9563961 0.419651 0.3768167
1.146366 0.7197781 0.8684053 -0.1457806
1.488679 0.6473341 0.3624506 0.2699232
1.808687 0.9175148 0.4204121 0.2630138
1.864079 0.8835506 0.3973083 0.2963066
1.352692 0.8285446 0.480875 0.3224163
1.170834 0.4813709 0.2702522 0.1799393
0.950201 0.3048649 0.1655483 0.002038956
1.959793 1.001179 0.4315777 0.3540802
1.537931 0.8704929 0.3384705 0.2538204
1.573435 0.8943481 0.4212303 0.2990913
1.590296 1.007887 0.434412 0.326519
1.228205 0.6208382 0.3471851 0.2526131
1.48785 0.815485 0.4783764 0.3324757
1.126728 0.681963 0.3857212 0.2167797
1.186518 0.6445885 0.360693 0.2108364
1.698397 0.7818928 0.3674021 0.3920603
1.633291 1.060274 0.4907513 0.3672752
1.476431 0.9417477 0.4532776 0.2992058
1.110241 0.30686 0.2218857 0.02616692
1.355793 0.7571678 0.3636017 0.2624397
1.779863 0.7829571 0.4137669 0.2561054
1.037966 0.7277184 0.4522038 0.2331829
1.50596 0.8592892 0.4572659 0.2866535
1.809696 0.941679 0.4240036 0.3311653
1.364897 0.7257462 0.3966599 0.2726841
1.863255 0.7318096 0.3744507 0.2482033
1.144705 0.6164875 0.3227158 0.2599068
1.895588 0.8662701 0.5070229 0.2978668
1.605022 1.251659 0.4791813 0.4530029
2.243383 1.066235 0.4324512 0.320158
1.511328 0.6311836 0.3896141 0.1517181
1.177881 0.4587536 0.3135481 0.1552429
1.596188 0.7467232 0.3535252 0.241066
1.42853 0.4860687 0.3045597 0.1460419
1.427416 0.6747532 0.3601761 0.2030897
0.9935055 0.4281693 0.3246861 0.09684944
1.807833 0.9092522 0.3979702 0.3618374
1.633646 1.122366 0.4871063 0.3910065
1.600935 0.7404928 0.3541613 0.2113934
1.422171 0.8100529 0.4327641 0.3112364
1.412792 0.6385002 0.4083652 0.2861996
0.9931316 0.4328346 0.2978573 0.04371834
2.487957 1.194248 0.481348 0.3744354
1.904495 0.9758873 0.3806095 0.3105736
1.880398 1.063587 0.3778229 0.3912334
0.9345684 0.3459282 0.213623 0.2072487
2.0091 1.132988 0.4480743 0.3161755
1.090578 0.4388065 0.1822357 0.1002464
1.928036 1.340069 0.5025177 0.3207245
2.158129 1.01025 0.4056721 0.3411922
1.439558 1.076511 0.4684181 0.3262215
1.896778 0.9935093 0.4263992 0.3167076
1.798841 0.892498 0.4102917 0.3166943
1.516982 0.7591162 0.3629694 0.3429241
0.9410152 0.2579956 0.1752167 0.06497383
1.745579 1.002159 0.4522514 0.3816109
1.812132 0.9740086 0.3972187 0.2893009
1.185839 0.4560385 0.2902431 0.1617937
2.1481 1.234348 0.4629135 0.2806206
1.71512 1.038555 0.4983025 0.3272018
4.206556 1.767206 0.4746532 0.4215431
1.944534 1.138063 0.4640198 0.3131104
1.572382 0.9654484 0.5522022 0.4452314
1.563248 0.7411804 0.4025192 0.2354889
2.225124 1.043507 0.4536953 0.2227631
1.046068 0.378233 0.2404099 0.1357098
1.618456 0.7670288 0.3630428 0.2674675
1.041582 0.3322601 0.1682377 0.1235275
1.005898 0.431448 0.2912159 0.1216164
1.900978 1.06657 0.4551601 0.3747921
2.286623 1.352451 0.5287437 0.3329315
1.065617 0.5100822 0.2148228 0.1086121
1.413158 0.7863102 0.3795662 0.2989006
2.074211 1.093241 0.5208416 0.4162502
1.250933 0.5241337 0.3554401 0.1959743
1.855703 0.9858589 0.4419899 0.3309059
1.208303 0.4424343 0.2192688 0.1693592
1.418802 1.034506 0.5292625 0.3912926
2.022053 0.8663635 0.3688965 0.3067265
1.655264 1.05974 0.5058765 0.4433422
1.605036 0.7429638 0.2905636 0.2207317
1.8085 1.050667 0.4215984 0.3482265
1.542339 0.7256336 0.4489861 0.2473927
2.134438 0.9938641 0.4402065 0.3532295
1.233091 0.5565271 0.3034325 0.2342205
1.914026 0.8798676 0.3992739 0.3060455
1.060167 0.4924622 0.3532963 0.1126347
1.225071 0.7863808 0.3840275 0.2936516
1.50672 0.6979618 0.3401651 0.2718163
1.802229 1.011723 0.4298611 0.3620338
1.370264 0.8061714 0.3924408 0.2773361
1.45986 0.9882221 0.4373856 0.3096523
1.916773 1.016541 0.5263386 0.4272575
1.191486 0.5690556 0.3110561 0.2252407
0.945961 0.2240849 0.04100418 0.4794025
2.0137 0.9086666 0.393631 0.3239822
1.691685 0.8696728 0.3541775 0.3226795
1.158728 0.2806511 0.1655731 -0.1423073
0.9669914 0.4871569 0.2398195 0.2204342
1.052462 0.5774727 0.3926735 0.2135677
1.404715 0.9615936 0.4532757 0.3066101
1.907137 0.9800148 0.4106712 0.3271141
1.925566 0.9806576 0.4100895 0.3778667
1.06893 0.5114155 0.2749958 0.175643
1.170649 0.4966488 0.2765198 0.207943
1.474396 0.8231506 0.4899082 0.3399258
1.149685 0.644722 0.3688431 0.2365837
2.030634 1.036404 0.4468136 0.3943424
1.697027 0.7917747 0.3693619 0.2657776
1.328419 0.5776081 0.3557281 0.2231407
1.84749 1.005711 0.3996315 0.3673668
1.867294 1.078043 0.4658031 0.3273525
1.288361 0.7083702 0.4097538 0.2726688
1.621319 0.6868496 0.357357 0.2457886
1.581282 0.7096825 0.3612614 0.2577553
2.069101 0.9808445 0.4071426 0.3375931
1.038115 0.381937 0.259306 0.1168976
1.948996 1.23267 0.4821777 0.3390465
1.676231 1.146269 0.5234718 0.359602
1.464458 0.6345768 0.436945 0.2824497
1.414419 0.7178841 0.3499336 0.2706814
1.749748 0.8796368 0.3845024 0.3237839
2.130302 1.005966 0.4194355 0.3568182
2.157915 1.257544 0.4746323 0.3262978
1.795755 0.993578 0.4740715 0.3161602
1.254007 0.7866631 0.3781147 0.2030945
1.888691 1.017551 0.4246273 0.3403187
0.9922543 0.5407429 0.379694 0.1650963
1.269064 0.577528 0.3260899 0.1677589
1.742489 0.8963432 0.2311478 0.481535
1.808769 1.161955 0.4756565 0.2688923
1.670816 0.9286499 0.4120731 0.2980347
1.814693 0.8608322 0.3957214 0.3172588
1.52664 0.8237057 0.3796329 0.3151588
1.078335 0.3285046 0.2684689 0.1252365
1.189846 0.5041466 0.314539 0.2042942
2.229557 1.289419 0.5181484 0.3297482
1.905146 1.04015 0.4884071 0.402586
1.324484 0.695446 0.4024868 0.2570667
1.971973 1.120201 0.4558601 0.3577023
1.220764 0.6174717 0.2780972 0.1868019
1.0644 0.6303539 0.3118668 0.2081451
2.272964 0.7376404 0.3798275 0.2617664
2.374992 1.138626 0.5058689 0.4220505
2.567495 0.7119198 0.2057266 0.4055519
1.68996 0.7683086 0.3753071 0.2636604
1.699141 1.143618 0.4201069 0.2548065
1.156301 0.5220871 0.2824345 0.103673
1.855892 1.258097 0.5291538 0.4292622
1.707687 1.189598 0.5172062 0.436615
1.73567 1.053753 0.4125443 0.3818111
1.37455 0.6357012 0.3357916 0.2525206
1.928553 1.058311 0.436594 0.3512115
1.653399 1.010216 0.4320507 0.4001656
1.888769 1.072695 0.4815407 0.3887129
2.137886 1.201038 0.4710102 0.3587437
1.990469 1.005587 0.4347591 0.3539677
1.98822 0.9609756 0.448946 0.3734894
1.682253 0.8402443 0.4671125 0.340436
1.076582 0.5417786 0.3447552 0.2232895
2.191692 1.193504 0.4740047 0.3403015
2.38546 1.241486 0.4790173 0.380949
2.495869 0.8687248 0.3285255 0.4048653
1.123896 0.9145374 0.4201202 0.2021732
0.9573669 0.3156395 0.1808958 0.07412338
1.782677 1.191868 0.4750309 0.3537045
2.089165 1.132826 0.5003319 0.410038
2.00194 1.018782 0.4383297 0.3397903
1.70365 0.8687382 0.4074574 0.2378178
1.8867 0.8350754 0.3393631 0.3558559
1.754234 1.224138 0.4827271 0.3273773
1.227289 0.6422253 0.3885021 0.2516003
1.969316 1.154581 0.4258194 0.3004684
1.061216 0.8131618 0.4308929 0.2122231
1.01779 0.4846992 0.2987213 0.1033344
1.96633 0.9889297 0.4435844 0.3223124
1.46347 0.6238537 0.3438377 0.2392006
1.116917 0.8250618 0.4437656 0.2629986
1.466078 0.7354374 0.3697052 0.2496872
1.955757 1.231371 0.4530811 0.2880173
1.96838 0.9447403 0.3682899 0.3080444
1.857244 1.179323 0.4500427 0.4132118
1.159754 0.5952282 0.3544645 0.2554617
1.788305 0.9422512 0.378746 0.3048725
1.86178 1.156109 0.5010319 0.368578
1.075024 0.4441528 0.2612352 0.1703148
1.395508 0.7221527 0.4016285 0.2417612
1.797798 0.9060822 0.3865204 0.3064003
1.383215 0.8368416 0.459446 0.2913876
1.85124 0.914835 0.3940086 0.2992191
1.364393 0.6821423 0.378355 0.2337971
1.482645 0.943821 0.4491749 0.261097
1.909681 1.198702 0.4666901 0.331501
1.813286 0.9892979 0.4587193 0.3377781
1.512941 0.7644367 0.3826447 0.3165121
1.706863 0.8916569 0.4092751 0.3178501
1.40609 0.6702061 0.3617296 0.2603559
1.971785 0.8553467 0.4551067 0.2796936
1.236341 0.8925285 0.419096 0.3032494
1.455563 0.9454308 0.4849148 0.2532444
1.302027 0.5504646 0.3516445 0.242095
1.12851 0.4667702 0.3038139 0.1922951
1.814241 1.063169 0.4569206 0.3359165
1.834358 0.8582935 0.4037657 0.32265
1.427046 0.8408527 0.353775 0.279459
0.9708958 0.3574123 0.1893749 0.1030979
1.682861 0.8819962 0.4165745 0.2697945
1.604462 0.8261051 0.42101 0.324832
1.078672 0.4598541 0.3477631 0.1412964
1.935061 0.9570923 0.4447479 0.36479
1.243849 0.5064411 0.2604332 0.2104797
1.900034 0.8821049 0.4045181 0.307745
1.969019 1.158474 0.438961 0.3654366
2.207733 1.089079 0.4549599 0.2997627
1.917891 0.9318695 0.4378796 0.3478708
1.80224 0.8345127 0.3833313 0.2287045
1.873381 0.960146 0.3955288 0.3366299
1.340725 0.6751328 0.3917465 0.2265968
1.663416 0.9475403 0.4001122 0.3251667
1.781425 1.024218 0.5038815 0.3718729
1.750608 0.862875 0.405405 0.3194637
1.785564 0.8856258 0.4186382 0.2821426
1.616581 0.941391 0.4288006 0.332757
1.202423 0.4787922 0.2936134 0.1862755
1.335388 0.6368561 0.3462181 0.2393904
1.382793 0.7434196 0.3393555 0.3032055
1.287848 0.7527809 0.4073238 0.2586174
1.54771 0.8865337 0.4568577 0.3422909
1.937693 1.345095 0.4919987 0.3321266
1.786676 0.8065376 0.3781395 0.2352104
1.731337 0.9606266 0.4481144 0.293951
1.869305 1.129368 0.5380306 0.372818
1.795767 0.9599152 0.3951588 0.3125973
1.949114 1.18515 0.4625053 0.3331661
1.28837 0.6977749 0.416069 0.2702942
1.134201 0.4244766 0.2484531 0.06959915
1.758825 0.8233318 0.3814621 0.2763081
1.77552 1.000618 0.4181061 0.3467178
1.457159 0.824728 0.3937912 0.3033638
1.671135 0.8024578 0.3749847 0.3171425
1.698181 0.7698898 0.3808155 0.2196617
1.596153 0.8292236 0.4488754 0.3124237
1.730705 0.8192062 0.4473476 0.2863407
1.842804 0.9326096 0.4635715 0.3342838
2.001873 1.18655 0.4931355 0.3504391
1.805576 0.7943192 0.3777008 0.2591991
1.798586 0.766346 0.3513031 0.2685127
1.875765 0.8518696 0.5303917 0.3509235
2.423288 1.255804 0.4841404 0.3178101
1.028721 0.6545563 0.3544559 0.2153454
2.070082 1.147749 0.5516968 0.3830509
1.806322 0.9205952 0.4108562 0.3093634
1.863001 0.9916134 0.4719734 0.3536663
1.578913 0.9014378 0.4184704 0.2835007
1.871588 0.849268 0.3961573 0.2996006
1.892361 0.9181519 0.4182129 0.3114605
2.014881 1.018913 0.4002037 0.3136253
1.412075 0.6753826 0.3178825 0.2905197
1.423767 0.8052349 0.4027481 0.2690811
1.775923 1.248289 0.5016022 0.269537
1.725386 0.8513718 0.3882236 0.3148003
2.008156 0.9694462 0.412159 0.345005
1.397415 0.8336143 0.4046631 0.2833996
1.882599 0.8784142 0.3957958 0.3000889
1.800333 1.233725 0.4661999 0.333643
1.685024 0.8432617 0.4068565 0.2649307
2.014193 1.007435 0.4068184 0.3429184
1.197746 0.4944134 0.4026585 0.1121006
1.202976 0.472971 0.2696552 0.2116833
1.433474 0.7861118 0.408308 0.3114471
1.798323 1.094284 0.4100285 0.2798061
1.793985 1.011505 0.4253349 0.2754707
1.527252 0.818079 0.4348927 0.3557911
1.081329 0.5964432 0.2800217 0.2629528
1.891041 0.9120903 0.4456444 0.2689266
1.210529 0.621748 0.3624134 0.202548
0.9307728 0.3870792 0.3232059 0.07976151
1.316555 0.5969963 0.338171 0.2348032
0.9813595 0.3373184 0.1779652 0.1485023
1.965124 1.283556 0.5015049 0.3339005
1.941959 1.318233 0.4756279 0.3438206
1.864109 0.9971619 0.4565983 0.3888912
1.659636 0.7663364 0.3544331 0.2364826
1.765837 1.109451 0.4309521 0.3143101
1.179562 0.5341492 0.2966137 0.2314548
1.614136 1.016188 0.4436874 0.3125725
2.046511 1.27096 0.4946918 0.333046
1.850119 0.8580742 0.3780174 0.2884407
1.707905 0.800518 0.3218899 0.3025417
1.336084 0.6650581 0.4397907 0.188343
1.973206 1.131683 0.4789696 0.3331585
1.306105 0.5431213 0.2742577 0.1954803
2.325033 1.172298 0.5048218 0.4211311
1.799721 0.794138 0.3671722 0.277607
1.614407 0.8678303 0.4515686 0.3507957
1.784389 0.9418316 0.4377251 0.3339043
1.890362 0.8983612 0.4290094 0.3183403
1.952101 0.9693871 0.4230118 0.2381077
1.2383 0.4682827 0.2753601 0.1753521
1.854904 0.8266582 0.4389019 0.2615566
1.969671 0.9827766 0.5274925 0.3905487
1.693459 0.9304657 0.4042015 0.3343124
0.9506893 0.3220139 0.2616253 0.05398178
1.338611 0.6748066 0.3497763 0.3058567
1.988846 1.147615 0.4686565 0.2271786
1.301229 0.6363144 0.3272371 0.2242966
2.024801 0.9779491 0.4214268 0.3416977
1.292835 0.5708523 0.3034878 0.08394241
1.847733 1.327997 0.4765568 0.3241158
1.345482 0.7935963 0.3939114 0.2979012
1.775942 0.9281845 0.377121 0.3037567
1.667446 0.8239365 0.4113674 0.3026485
1.673792 0.9145374 0.4010715 0.3081217
1.209633 0.4556875 0.2203836 0.1431141
1.112309 0.5442562 0.3311329 0.1264133
1.567451 0.8529663 0.4402657 0.2765694
1.013323 0.2208242 0.1658888 0.1231985
1.885841 0.850853 0.3740368 0.3031769
1.179102 0.6201038 0.3536816 0.2365055
1.771729 0.874649 0.3946686 0.2923679
1.71368 0.6612587 0.3488674 0.2808876
1.406265 0.6662483 0.3746166 0.2315264
1.230137 0.7111969 0.3919716 0.2170124
1.11368 0.374897 0.237402 0.06801891
1.759357 0.8921757 0.4165211 0.3211384
2.093561 1.057711 0.4349136 0.35425
-4.188049 6.974335 0.4997864 0.2882366
1.600536 1.068281 0.5041103 0.3380489
2.136593 1.222063 0.5224476 0.3219013
0.9290562 0.3165684 0.2993908 0.0669384
1.649897 0.9927311 0.5218697 0.3917046
1.903717 0.911108 0.3681221 0.3168316
1.865816 0.9282532 0.4322205 0.301281
1.102739 0.4148197 0.2183266 0.1625423
2.020786 1.153784 0.468235 0.3023796
1.821159 0.9641685 0.3946896 0.3111763
1.26062 0.3911591 0.2925129 0.256691
1.241011 0.9247017 0.4395924 0.2734623
1.419224 0.7751179 0.4251518 0.2428474
1.587917 0.841795 0.4422626 0.3320675
2.065041 0.9042015 0.4148216 0.2705345
1.806534 1.017315 0.4246216 0.3015709
1.929323 0.9867764 0.39785 0.3212395
1.73877 1.015778 0.4298077 0.3201408
1.728697 0.9182892 0.4100513 0.3590908
1.76956 0.8949642 0.4040089 0.2931004
1.796968 0.9103966 0.3962555 0.3163166
1.016434 0.3417034 0.1588058 0.1682549
2.04747 1.069027 0.4349518 0.3866615
1.91708 0.9462738 0.3919353 0.3632193
1.054974 0.4254208 0.2700024 0.08780479
1.990797 0.9230862 0.4127064 0.3221321
0.8907795 0.3134823 0.210144 0.05716324
0.9339771 0.2913494 0.2325535 -0.02420425
1.734255 0.8742619 0.3858089 0.3066978
1.801659 0.8709183 0.4106712 0.3308496
1.458595 0.6664047 0.3124142 0.2634068
1.188791 0.4729567 0.2539043 0.2280025
1.631605 0.88447 0.4177074 0.3297062
1.49264 0.7692604 0.3805847 0.2850704
1.289064 0.7093544 0.3880825 0.2416687
1.985806 1.167068 0.4842567 0.3341713
1.260088 0.5889759 0.2679825 0.207427
1.811291 0.8390026 0.4050179 0.2863274
1.49176 0.892519 0.4266396 0.3990841
1.103579 0.3763103 0.2211533 0.1315289
1.565067 0.8356953 0.3833466 0.3287697
1.815918 0.8444729 0.3677139 0.2693729
1.285175 0.5736465 0.3200455 0.1837158
1.132807 0.5016327 0.2902546 0.1929874
0.936512 0.3031979 0.2133026 0.08359909
1.711058 0.9448681 0.4618797 0.2814341
1.244413 0.4969425 0.303606 0.1788025
1.584038 0.7877483 0.3204918 0.2120419
1.481626 0.6238165 0.2634506 0.1094961
1.866259 0.9578514 0.4493713 0.354845
1.632444 0.7930412 0.3568268 0.2523994
1.15918 0.4261265 0.2415123 0.1870747
1.543213 0.8264427 0.419281 0.242157
2.226734 1.028841 0.4454937 0.3333473
1.056486 0.4333572 0.308569 0.1356297
1.208183 0.5524311 0.3370647 0.1821346
1.759567 0.866457 0.394989 0.3110609
2.026978 1.125259 0.4543858 0.3734474
1.571503 0.9654846 0.4391365 0.3635578
1.873322 0.9841862 0.4464722 0.3523045
1.093315 0.3952961 0.2312202 0.1868572
0.9723949 0.353344 0.2055416 0.1067505
1.224588 0.7517204 0.4551945 0.2458344
1.103092 0.5941753 0.40658 0.2087269
1.604755 0.7571278 0.3521404 0.1783295
1.346483 0.6363182 0.3487511 0.2271805
0.9929571 0.3569698 0.1616144 0.1297283
0.9764004 0.3372746 0.2259312 0.0872879
1.879713 0.9354439 0.4030972 0.3101635
2.053112 0.9232006 0.3811855 0.330761
1.278589 0.60359 0.3483276 0.2574463
1.657341 0.8401184 0.3905697 0.2779503
0.9746895 0.2594337 0.1455536 0.1021652
1.51848 0.7676983 0.4480076 0.2379379
1.597641 0.9109249 0.3884602 0.3132706
1.802963 1.026222 0.4193954 0.3418255
0.9483109 0.4683838 0.2806778 0.1091461
1.300201 0.556284 0.3313274 0.1859903
6.491976 0.9680786 0.4123726 0.364315
1.945827 0.9957199 0.4243965 0.3609695
8.354912 0.7184143 0.3285389 0.2196884
8.27211 0.9036789 0.4249191 0.3165836
1.256886 0.804142 0.4227295 0.260252
1.293013 0.7565346 0.4233246 0.2802353
2.124874 1.123741 0.4746532 0.3746338
1.443346 0.7542934 0.4344978 0.2906837
1.061764 0.3556538 0.2532349 0.1235161
1.886829 0.8508663 0.4727783 0.3899946
2.147911 1.169529 0.4667568 0.3222466
1.273527 0.579525 0.2565861 0.2205925
1.165318 0.4628487 0.2964077 0.07535934
1.767355 0.8100033 0.3780613 0.2558575
1.835161 1.000578 0.4366055 0.335577
0.9422989 0.327301 0.2208443 0.07830429
1.725716 0.9867477 0.4200058 0.314661
1.139585 0.7099438 0.4519367 0.2561779
1.935751 0.9404926 0.4412498 0.3387012
1.779268 0.8684139 0.4096279 0.2720566
1.176546 0.5281982 0.3500443 0.2012253
1.898973 0.9753475 0.4233723 0.3108807
1.025585 0.5190449 0.2932358 0.1814518
1.494596 0.7655525 0.3862915 0.2700634
1.14469 0.6027546 0.3692265 0.2872849
2.15724 1.293015 0.4663506 0.3391991
1.717764 0.938673 0.5213699 0.3453083
1.910131 1.03793 0.5002728 0.3080769
1.533106 0.8328457 0.3606739 0.3436737
1.445751 0.6775761 0.3364353 0.2676907
2.352596 1.110636 0.4783897 0.371376
2.139315 1.057346 0.4492435 0.3841648
1.099401 0.3122959 0.2215557 0.1307373
1.456572 0.7157574 0.3796978 0.3101072
1.613007 0.8039856 0.3731384 0.3253937
1.058645 0.4539375 0.262167 0.07664299
1.27895 0.5403328 0.4585323 0.2120876
1.774801 0.8324337 0.3740501 0.2839365
1.995697 1.080317 0.425766 0.3128605
1.748339 1.059673 0.4475956 0.3157368
1.382586 0.5858879 0.3352146 0.1913376
1.680222 0.8127213 0.4183092 0.3292294
1.291336 0.7805195 0.4177246 0.3339195
1.446356 0.6371078 0.3167915 0.2585602
1.89566 1.050055 0.4688225 0.350193
1.52441 0.8243694 0.4541235 0.3437099
1.197737 0.4783545 0.2987204 0.1824522
2.002077 1.008718 0.4368649 0.3814507
1.815083 0.8446655 0.3699646 0.3071976
1.799156 0.9366951 0.3960037 0.3341103
1.32004 0.6301994 0.3384666 0.2929821
1.442036 0.6777973 0.3569279 0.3093243
1.605972 1.131546 0.4403019 0.3144245
1.053188 0.2995949 0.1550732 0.07612991
1.630047 0.7690773 0.3473873 0.2457314
1.142769 0.6264458 0.3466759 0.1638241
1.997778 0.9259396 0.4031849 0.3043613
1.184117 0.5285788 0.2581053 0.1721487
2.035503 1.30695 0.4668427 0.299736
1.055706 0.5858803 0.2799015 0.185751
1.854218 1.02688 0.4119587 0.3432045
2.063063 0.9086227 0.3815746 0.2972908
1.375141 0.7049541 0.370821 0.2665176
1.715168 0.8523903 0.3711586 0.3472633
1.868662 1.020927 0.4234753 0.3521347
1.869555 1.060637 0.4435577 0.3202057
1.950516 1.026499 0.4809895 0.4364529
1.261789 0.4831638 0.3275242 0.1426964
1.560158 0.9106178 0.426506 0.3506241
1.800463 1.049667 0.4294643 0.4306469
1.577641 1.2262 0.4852219 0.3414879
2.104113 1.140759 0.4884491 0.3965378
1.854763 1.264404 0.473259 0.3540649
1.795418 1.061489 0.4435368 0.3902798
1.886854 0.8903542 0.4549541 0.3801842
1.266264 0.5055103 0.2931385 0.1330872
1.189066 0.338747 0.1845245 0.1411152
1.494345 0.7992287 0.368433 0.2951565
1.499456 0.7659721 0.423193 0.3002014
1.855263 0.8882427 0.4038906 0.2843552
1.583424 0.7737389 0.3965626 0.2786179
1.292019 0.5798874 0.3237953 0.2165585
1.349361 0.4822006 0.2901115 0.1192875
1.140423 0.3661728 0.2608356 0.1046085
1.418276 0.5998306 0.3213215 0.2111101
1.958725 0.7762318 0.4179058 0.3110695
1.682327 0.6000175 0.5262394 0.3113346
1.835339 1.035931 0.4631596 0.2966805
1.222527 0.5823498 0.368351 0.213026
1.312057 0.8400555 0.3942051 0.2797871
1.684431 0.9258633 0.4409084 0.333931
1.8246 0.8040886 0.6636848 0.003385544
2.016109 0.8571396 0.409544 0.2823868
1.469278 0.8095455 0.4232397 0.298399
1.822193 0.9150505 0.433136 0.3285503
0.7951431 0.4115715 0.4164658 0.004627228
1.887327 1.031294 0.3953705 0.3748817
1.285093 0.5967808 0.368288 0.143734
1.264141 0.6646538 0.3678741 0.2565918
2.185902 1.201647 0.4886189 0.3442078
1.688395 0.738987 0.3844624 0.2621098
1.355757 0.6366653 0.3456612 0.2517757
1.078014 0.4082031 0.282135 0.1652012
1.829086 0.8570957 0.4004326 0.2724113
1.696543 0.9157925 0.4674282 0.3011589
1.122595 0.3704395 0.2399101 0.07616425
1.433714 0.8546696 0.3704834 0.2608433
3.286289 1.205877 0.474741 0.4820385
1.920588 0.8570099 0.3586311 0.2492447
1.116558 0.764698 0.3818436 0.2547035
1.957308 0.9790859 0.4502163 0.3493061
1.202436 0.5524483 0.3037453 0.1731873
0.9267826 0.2556477 0.2606468 0.05390358
1.898174 0.9294262 0.4131603 0.3569994
1.876652 1.003462 0.440815 0.3426189
1.686424 0.6840343 0.3625774 0.2861462
1.255733 0.7691631 0.3507223 0.2842588
1.931356 1.211834 0.4529247 0.3525429
2.126896 1.205299 0.467104 0.3555279
1.971758 1.080828 0.4532185 0.35462
1.732563 0.9762878 0.396059 0.3084145
0.9697533 0.5473919 0.3196583 0.1758461
1.096516 0.5168114 0.3114061 0.1649942
1.820103 0.8913288 0.3470001 0.3394833
0.8927879 0.410738 0.2945461 0.1275158
2.56221 1.437197 0.5150394 0.3032494
1.751461 1.022018 0.4193859 0.3464832
1.741068 0.9976845 0.4410305 0.3509159
1.089635 0.3579941 0.2074594 0.1391087
1.716377 0.8461933 0.4115047 0.2113934
2.020763 1.031315 0.4029064 0.3761101
1.941305 1.101788 0.4241962 0.3310566
1.657183 0.9703846 0.4656124 0.329298
1.949522 1.027689 0.4474888 0.3491631
1.108477 0.5452652 0.3212833 0.1604881
1.859732 0.8670216 0.3901815 0.3024635
1.571802 0.9917965 0.4331818 0.3052502
1.891005 0.9827309 0.3975983 0.3456688
1.347914 0.6008682 0.3234348 0.2371807
1.811543 0.889925 0.3771439 0.3056812
1.341837 0.7809296 0.3447495 0.3097639
1.720703 1.204433 0.4263 0.3548088
1.718807 1.117144 0.4504299 0.3249626
1.664801 0.868578 0.441391 0.3239708
1.369284 0.4506454 0.3403435 0.1225243
1.415216 0.8976784 0.4602909 0.3836002
2.020044 1.06213 0.3431263 0.3122158
1.702541 0.8494606 0.4027901 0.2935448
1.699802 1.202192 0.4873066 0.3307285
1.448067 0.8415051 0.3995361 0.3296509
1.846075 0.8645573 0.4352264 0.3542814
1.040495 0.5909195 0.4348431 0.2175426
1.525429 0.8153191 0.3993416 0.3532848
1.812881 0.8998871 0.2490578 0.4287624
1.311071 0.4313049 0.2973461 0.1642704
1.357807 0.9039574 0.4314175 0.2773113
1.604607 0.7800426 0.4210796 0.2831211
1.254107 0.6125908 0.3380527 0.2710381
1.927753 1.113297 0.5056038 0.3220081
1.287262 0.8330612 0.4128017 0.282053
1.200356 1.049826 0.2398396 0.3714523
0.8800201 0.4498243 0.2094898 0.2034111
1.775589 0.8773022 0.4272728 0.3475647
2.032415 1.043997 0.4877625 0.3906708
1.196693 0.6113224 0.376482 0.2321453
1.899487 1.036518 0.5646057 0.4122181
1.953749 0.938076 0.4063358 0.3170242
1.240225 0.6598072 0.4085808 0.2446384
1.725273 1.355572 0.4901962 0.3542118
1.885159 0.8855591 0.4060173 0.3073444
1.080097 0.3690243 0.2596741 0.1502609
1.781277 0.8481827 0.3890419 0.252264
1.47843 0.6440058 0.3104305 0.2100821
1.802706 1.145849 0.4724789 0.3398972
2.052595 1.031031 0.4184399 0.3482742
1.822496 0.9186573 0.3898945 0.3115978
1.237057 0.5468483 0.3350182 0.2051411
0.9996414 0.4010563 0.2904587 0.0117588
1.21171 0.5437717 0.3667355 0.1709976
1.44438 0.7900124 0.4307003 0.3533859
1.816875 1.262604 0.3515434 0.4025097
1.747194 0.9294796 0.431551 0.3905067
1.930862 1.202452 0.4985371 0.3582592
1.441034 0.7273712 0.4050045 0.2586155
1.967699 0.9822254 0.4446564 0.3439064
1.573357 0.7168922 0.4286289 0.3171329
1.611551 0.8992329 0.4444675 0.3156099
1.819777 0.9763889 0.4759312 0.3267536
1.579813 0.7229939 0.3446674 0.2833376
1.014822 0.3069782 0.1894264 0.1641407
1.794479 0.877285 0.4686298 0.3059807
0.9958382 0.3765392 0.2488766 0.1340694
1.621893 0.7346992 0.3888741 0.2834034
1.570158 0.7625313 0.3873348 0.3385963
1.909975 1.13205 0.480032 0.3109684
1.717316 0.8342438 0.3960361 0.2710781
1.526937 0.743597 0.4253063 0.3139591
1.517385 0.7792473 0.4175892 0.2908459
1.914328 0.9824162 0.4320164 0.3410072
0.8871899 0.4800148 0.2984753 0.1541405
2.024355 1.128599 0.4467678 0.3436794
1.097424 0.3632507 0.2174845 -0.03138351
1.328484 0.5509396 0.2734051 0.214838
1.489538 0.7181625 0.4101334 0.3106985
1.765699 0.975399 0.4538364 0.298048
1.185959 0.4436989 0.2819691 0.1325302
1.697388 0.9329243 0.4267483 0.3828621
1.829931 0.8390141 0.3960781 0.2796555
1.697573 0.8352242 0.3426914 0.2807064
1.188087 0.8351479 0.4109402 0.2845173
1.279596 0.7078228 0.3769741 0.268816
1.198782 0.3244781 0.1613731 0.1432323
1.52669 0.5759315 0.4105473 0.1866302
1.530537 0.7994709 0.4561043 0.3442478
1.329487 0.5865402 0.3382244 0.1822491
0.9752598 0.2073402 0.2195778 0.06406975
1.453175 0.9077206 0.3684111 0.2870998
1.471109 0.761797 0.4031734 0.2699757
1.217955 0.8332596 0.4133873 0.2822533
2.031382 0.9625797 0.4162254 0.3049221
1.954603 1.078133 0.4485683 0.377449
1.190596 0.4811687 0.2825184 0.1465511
0.8207989 0.8369884 0.3741646 0.2966595
1.498743 0.628582 0.3359909 0.1957684
1.383129 0.7541599 0.4696903 0.2794895
1.114143 0.4379635 0.2760334 0.0794735
1.798523 1.336317 0.5504761 0.3758888
1.91337 1.100048 0.4465771 0.3940048
1.061203 0.5149822 0.3296204 0.2363052
1.982004 1.260447 0.4632359 0.3338585
2.06945 1.233179 0.4811153 0.3526192
1.97978 1.055031 0.4575615 0.3666821
1.132267 0.6018333 0.3363285 0.1694775
1.997786 1.079235 0.4660206 0.4094467
1.668161 1.058031 0.4919624 0.3497543
1.319427 0.7305088 0.3943062 0.2822876
1.742027 0.9616737 0.4327354 0.2832031
1.955814 1.11179 0.5092907 0.4397831
1.975918 1.035065 0.4720249 0.372385
1.400328 0.6807404 0.3973465 0.2337723
1.277863 0.6259193 0.3636799 0.2596817
1.805401 0.8965302 0.4216785 0.2842426
1.227388 0.6807919 0.3768063 0.2358646
1.427151 0.5871964 0.363203 0.2490692
1.932833 1.006498 0.4181137 0.4392242
1.245188 0.634531 0.3101063 0.2377052
1.828573 0.7988033 0.3766365 0.3458023
1.62265 0.8577118 0.4741135 0.3204365
1.981356 0.8947868 0.4203672 0.3253708
1.180275 0.58951 0.3555927 0.2133827
1.137972 0.4297256 0.2376881 0.1531162
1.621878 0.9308987 0.4360886 0.3367519
1.217102 0.5105457 0.2847633 0.1254292
1.938593 1.208508 0.5054741 0.3458576
0.8564377 0.4525051 0.3199272 0.09144974
1.956842 1.076429 0.4508419 0.3503361
1.949524 0.9999428 0.4263897 0.3274384
1.770754 0.9201488 0.4128075 0.3259125
2.121696 1.110142 0.4588852 0.3173828
1.397141 0.5682878 0.3074942 0.2741871
1.751493 0.9451904 0.3545609 0.2756081
1.946585 1.017456 0.4055595 0.3684931
1.712116 1.028706 0.4268055 0.31534
2.034195 1.070032 0.5328999 0.447464
1.7358 0.7871799 0.4535446 0.2826214
0.9939384 0.3772278 0.2729645 0.1229191
1.226107 0.6017895 0.3517551 0.2232866
1.735153 1.032959 0.4254684 0.3656883
1.135054 0.5346546 0.3328571 0.2160053
1.82716 0.8562965 0.3799477 0.3253384
1.157843 0.6055107 0.3559475 0.2295971
1.450962 0.731575 0.3950596 0.3190956
1.697304 0.8260803 0.3816891 0.3129044
1.696657 0.7884121 0.3839779 0.3265228
1.455368 0.5034695 0.2726955 0.154561
1.272837 0.5736446 0.2976665 0.1505928
1.11356 0.5416908 0.2897949 0.2145882
1.491611 0.7885036 0.3772678 0.3112106
1.679266 0.8657112 0.3969173 0.3427601
1.854883 1.078516 0.4396191 0.3397884
2.059422 1.312916 0.4715061 0.3706131
1.756142 1.029345 0.4380722 0.3761444
1.467457 0.5056677 0.3282385 0.2196407
1.729794 0.8566322 0.4458656 0.3071861
1.827316 1.188276 0.4891605 0.3255806
1.513016 0.7566833 0.439579 0.3053646
1.55485 0.8050117 0.3989277 0.2907953
1.552877 1.106863 0.4798622 0.3302803
1.365648 0.7812653 0.3944511 0.2593346
1.156977 0.5237236 0.3374233 0.1933165
1.739452 0.892292 0.3465919 0.2378025
1.371319 0.6984997 0.3679504 0.2770529
1.856035 1.181458 0.4727859 0.2846718
1.332956 0.8458767 0.4103642 0.2972679
2.031837 0.8511791 0.3722725 0.3342514
1.653685 1.009338 0.4116802 0.3104897
1.881527 1.199375 0.4754257 0.3590069
2.076488 1.056087 0.440443 0.3697319
1.412712 0.7204571 0.3984432 0.286046
1.554956 0.8622856 0.4573441 0.3671646
1.900869 0.8553066 0.3955097 0.3227625
1.927605 1.408632 0.5248203 0.3427448
1.150574 0.533083 0.2915258 0.2161293
1.095686 0.5478497 0.3176117 0.1831665
1.735067 0.8403244 0.4261284 0.2942524
1.750498 0.7415028 0.3380785 0.2433949
1.920675 1.008503 0.4310379 0.3057384
1.904369 1.162868 0.4563713 0.327589
1.990807 1.145445 0.4463463 0.3406982
3.387487 1.036686 0.5062828 0.5449657
1.298685 0.5808601 0.3226376 0.1556683
1.872318 0.8810616 0.3844032 0.3118782
1.060465 0.3874035 0.2867355 0.1361885
2.024141 0.9977455 0.4200039 0.3305416
1.255156 0.5899048 0.3324547 0.2430172
1.608009 0.8052902 0.4180794 0.2930298
2.020067 1.03273 0.4375687 0.3193836
1.777777 1.101763 0.4403782 0.330698
1.765972 0.8342171 0.4027557 0.3120508
1.029001 0.4078026 0.328619 0.182478
1.638876 0.7922745 0.4396496 0.2719517
0.9908085 0.2926445 0.1532497 -0.01952553
2.095707 1.174644 0.4801731 0.3831997
1.866796 1.22834 0.4601078 0.3398647
1.981665 1.033184 0.4180946 0.3443928
2.214096 1.032137 0.4445305 0.3869991
2.011707 1.019146 0.4062157 0.3180103
1.356022 0.7853565 0.4104977 0.2871017
1.613836 0.8645306 0.4151669 0.33214
2.009441 0.9254322 0.4065609 0.3341026
1.464756 0.914957 0.4650211 0.3725014
1.686811 1.001234 0.3870888 0.3314228
1.913729 0.9927006 0.4948826 0.4443245
1.101725 0.4920864 0.2851238 0.1349449
1.798901 0.9445152 0.4621849 0.3968029
1.519115 0.8003826 0.3994255 0.2722359
1.261303 0.7133713 0.3919697 0.2320652
1.600218 0.7342129 0.3390751 0.2497711
1.538454 0.8640079 0.4471893 0.2895164
1.912802 0.972208 0.4440193 0.3461132
1.34763 0.5192833 0.3294048 0.227066
4.312557 1.207495 0.4672031 0.3210697
1.980694 1.087713 0.4459763 0.3746033
1.172913 0.5703049 0.3545513 0.2022667
1.355831 1.340906 0.4866924 0.2994366
1.64053 0.7290173 0.3450089 0.2863064
1.110525 0.3618317 0.2481747 0.09763718
1.373178 0.6449852 0.351058 0.288928
1.327253 0.6682224 0.3760529 0.2667618
0.8293571 0.2899189 0.1254597 0.09800339
1.697487 0.8439255 0.3433323 0.2669086
1.797277 1.268391 0.4661961 0.3130493
1.710796 0.8343754 0.3749218 0.2874622
0.9986877 0.5269508 0.33745 0.1646194
1.464115 0.7569437 0.3103008 0.2913103
1.417511 1.248394 0.6028118 0.4303875
1.851902 0.9416847 0.3917475 0.297142
1.686398 0.877346 0.4301453 0.277915
2.088839 1.121578 0.4508076 0.35182
1.365736 0.7370186 0.3950939 0.3395233
1.6304 0.7534847 0.3559504 0.271493
1.907431 0.8907471 0.4083147 0.283227
1.30335 0.4524288 0.2878437 0.1098833
1.897238 1.036839 0.4109993 0.3786049
1.439566 0.5224323 0.3886261 0.1949978
1.867687 0.9176579 0.3693771 0.3055782
1.944086 0.8680677 0.3833981 0.2963495
1.782471 0.803566 0.3614473 0.3053741
1.414936 0.6002712 0.3047981 0.1599636
1.514954 0.9283123 0.4527836 0.3206444
1.704628 0.7513752 0.3824778 0.2633209
1.696606 0.7581005 0.3558655 0.279706
1.552168 0.8199978 0.4410172 0.3403072
1.933647 1.065775 0.4470615 0.3326721
1.055935 0.584341 0.3596764 0.2144299
1.514683 0.9910297 0.4480534 0.3694515
0.9518433 0.2826614 0.2384644 0.09618759
1.114784 0.4123535 0.2775555 0.1464691
1.258335 0.8518982 0.4178028 0.2487564
1.528084 0.9036484 0.4080219 0.311451
1.905872 0.9890804 0.4041862 0.3259697
1.025558 0.3090591 0.2850113 0.06802559
1.451973 0.8290691 0.4692612 0.2930698
1.417522 0.7313595 0.3737335 0.2432451
1.601721 0.8244209 0.3820267 0.2639694
1.862192 1.051266 0.4682026 0.4290056
0.9167976 0.64781 0.3553658 0.1617584
1.952991 1.007139 0.5648556 0.3900642
1.903769 1.247162 0.5022697 0.3407822
1.670599 0.9149532 0.3824234 0.3172798
1.75107 0.8836174 0.4458523 0.3149567
1.686987 1.057192 0.4332752 0.3214264
1.697199 0.8558464 0.3525009 0.3948383
1.014063 0.3755035 0.306263 0.08048248
1.407082 0.6829262 0.3554916 0.2268105
1.736801 0.8971577 0.411437 0.2979918
1.707165 0.828495 0.4003849 0.3393154
1.959208 1.087404 0.4820557 0.3282738
1.131678 0.334156 0.271637 0.1118469
1.96797 1.390541 0.5761242 0.3231125
1.112731 0.4410648 0.2203102 0.1509905
0.9556999 0.3581657 0.2724819 0.132637
1.930672 1.145552 0.4557323 0.3628483
1.629999 1.073227 0.4383984 0.3735828
1.326363 0.669138 0.3941555 0.2699261
1.157158 0.5698433 0.3522701 0.1884308
1.249685 0.7596626 0.4509258 0.3043499
1.376501 0.5975628 0.3458595 0.2665081
1.842535 0.9315987 0.4425983 0.2870846
1.847279 1.093977 0.5022831 0.3933315
1.359468 0.4344721 0.2228193 0.1048021
1.861198 1.077837 0.4347591 0.3602381
0.9970856 0.3024292 0.2479687 0.1087608
1.830862 0.9368706 0.4677525 0.3601055
1.695253 1.122549 0.4899368 0.3249226
1.809191 1.23024 0.4839172 0.3377209
1.502161 1.034714 0.4595737 0.3379097
1.75997 1.045527 0.4751129 0.2816372
1.668623 1.023823 0.471899 0.4052734
1.462044 0.9789619 0.4549809 0.3007126
1.403677 0.6184635 0.3807278 0.2455177
1.157125 0.4211388 0.2048283 0.09953785
1.691973 0.8732986 0.4480438 0.374258
2.418951 1.195944 0.4559174 0.2957401
1.640154 0.8192768 0.3875809 0.3208752
1.846411 1.000353 0.4197521 0.3186951
1.200022 0.8206329 0.3485336 0.300272
2.129719 1.045511 0.4924908 0.3961105
1.607718 1.182358 0.4857998 0.3370056
1.277121 0.5853786 0.3254757 0.1846581
2.183264 1.346376 0.4718666 0.1624489
1.243284 0.5688457 0.3513088 0.2111893
1.931433 0.9623585 0.382515 0.3354912
0.98843 0.3037395 0.1772003 0.03809166
0.9950199 0.323595 0.2260723 0.1149864
1.91279 1.027203 0.4195347 0.3347912
0.8989086 0.4329605 0.2245502 0.1803837
1.66284 0.9942551 0.4471779 0.3149815
1.839449 0.764122 0.3560314 0.2967739
1.058603 0.4803104 0.288269 0.1522751
1.351656 0.6034718 0.3528461 0.2037468
1.204548 0.620163 0.3485374 0.3008022
1.946598 0.8803406 0.4200811 0.3494196
1.539217 0.8797684 0.4337578 0.2890224
1.12273 0.5272102 0.3215561 0.2082176
1.199308 0.8243275 0.4273396 0.2889175
1.817411 1.111778 0.5050297 0.3792591
2.235891 1.132809 0.4222927 0.3405094
1.206158 0.6317596 0.3597031 0.2271633
2.165075 1.09967 0.4764118 0.3339748
1.236858 0.4223118 0.281559 0.1126595
1.17741 0.439352 0.3176117 0.1521721
0.9629364 0.3361416 0.2348957 0.165596
1.598309 0.8056641 0.3953724 0.299715
1.1458 0.3371773 0.2370224 0.0633564
1.34477 0.8141575 0.3824749 0.2417698
0.9774189 0.5539875 0.325119 0.2048016
1.99217 0.8666325 0.421032 0.3031139
1.143045 0.5715866 0.3442211 0.1948223
1.236639 0.497921 0.3050528 0.1393194
1.148705 0.9860878 0.4515152 0.310854
2.283634 1.244053 0.5348988 0.3625889
1.749088 0.9735184 0.4289417 0.3524895
1.357702 0.7519531 0.4127083 0.2967453
1.343277 0.3736534 0.2894993 0.1543655
1.781885 0.9864788 0.40448 0.3353882
1.098629 0.6263046 0.3538227 0.2011051
1.690556 0.7965488 0.3481369 0.3116608
2.195139 1.351767 0.5210781 0.3489189
1.500721 0.8372097 0.4101429 0.2524357
1.681004 0.8410854 0.3889198 0.3139296
1.596563 1.001446 0.4253521 0.3748684
1.860746 0.9397678 0.4113026 0.2720299
1.718882 0.9416027 0.4753876 0.3810444
1.365 0.5876751 0.3419819 0.2029934
2.33317 1.163183 0.4940681 0.3169651
1.096992 0.3945599 0.196044 0.1594591
1.69113 1.020288 0.4320621 0.3069477
0.9914474 0.2513103 0.1421127 0.06830215
1.766821 0.8549671 0.4372597 0.3373089
1.739374 0.866787 0.4191952 0.3262253
1.682158 0.8075438 0.3798895 0.2724867
2.110561 1.224205 0.4652386 0.3267441
1.468763 0.7932606 0.3842945 0.2686176
1.310818 0.587204 0.3279648 0.2026701
1.515875 0.9748821 0.4406414 0.3307724
1.027075 0.4638138 0.2524891 0.1903877
1.547873 0.7826023 0.3731709 0.2272224
1.871714 1.022825 0.4428139 0.3129959
1.270247 0.6182251 0.3102703 0.1996803
1.121595 0.5965405 0.3557758 0.2443523
1.828535 0.9929981 0.4138508 0.3269882
1.03293 0.5302391 0.343647 0.1796055
1.747387 0.9761696 0.4596596 0.3104839
0.9060078 0.7270164 0.4413624 0.3061256
1.296989 0.6947079 0.3430538 0.1588688
0.981596 0.4042721 0.2125816 0.1119251
2.085768 1.114431 0.4506264 0.3113728
1.117983 0.4159927 0.2604828 0.1627064
1.54232 0.7104607 0.3297939 0.2716026
1.110997 0.4821405 0.2685499 0.1812315
1.517256 0.5963364 0.318347 0.2330723
1.856377 1.001522 0.4378872 0.3567677
1.969757 0.87784 0.3809528 0.3222733
1.410133 0.667942 0.3509674 0.2964096
1.385546 0.6946793 0.3744869 0.2167969
1.146013 0.782423 0.3753777 0.2405109
1.912411 0.9859924 0.4048214 0.3548813
1.635859 0.4376144 0.1733017 0.07693481
1.162788 0.3339634 0.2322617 0.07511902
1.090652 0.8115749 0.4118366 0.3155079
1.406769 0.4322052 0.2507572 0.06572533
1.730614 0.9148712 0.3876858 0.3147945
1.646866 0.9172859 0.46661 0.298317
1.616993 0.8960266 0.4137878 0.3399944
1.283625 0.2992973 0.1940708 0.02949524
1.402088 0.9150772 0.4413548 0.3034439
1.10335 0.4284401 0.2397556 0.1907978
1.70429 0.7132511 0.3371639 0.2059269
1.841703 0.8539677 0.3751001 0.2818346
1.990709 0.8620872 0.3326015 0.2771511
1.129559 0.5396786 0.3250771 0.1611958
1.706999 0.8306198 0.3472214 0.3094063
1.465881 1.000023 0.4068508 0.3089046
1.244207 0.8516617 0.4419403 0.3022804
1.442614 0.5869961 0.3692741 0.210885
1.719687 1.01989 0.4706402 0.3217125
1.035484 0.3539314 0.2729759 0.1368103
1.14817 0.431797 0.3091068 0.1232643
2.008755 1.020493 0.4187031 0.3090858
0.9782791 0.348444 0.1756077 0.1287479
1.831404 0.8735409 0.4073076 0.3025904
1.059875 0.9072342 0.3894768 0.2851315
1.174821 0.4886274 0.3290873 0.2556553
1.357582 0.8696404 0.4482384 0.3224869
1.500607 0.8180847 0.4871922 0.2732201
1.061186 0.3810768 0.3006477 0.1613884
1.861965 1.050953 0.4172955 0.3938084
1.48826 0.8773918 0.4317188 0.3654346
2.184086 1.287069 0.471302 0.2840595
1.56716 0.8057766 0.4383316 0.2954311
1.080774 0.5118637 0.3550262 0.1248989
2.00416 0.8821754 0.4272919 0.3289318
1.051998 0.4865093 0.2982502 0.1774883
0.9525394 0.4244404 0.2398109 0.0913887
1.668945 0.7405987 0.3416557 0.2561026
1.667953 0.7859879 0.4026928 0.2890072
1.380268 0.8299294 0.3732891 0.3478203
1.041611 0.5871086 0.320013 0.1969223
1.048611 0.3952408 0.2830868 0.09939575
1.018314 0.3875141 0.2752266 0.09232712
1.295567 0.5658398 0.3124237 0.2070637
1.476498 0.7625141 0.3885612 0.2786093
2.142599 1.234016 0.5141201 0.2982712
1.809675 1.04723 0.4098797 0.3519897
1.640522 0.7638741 0.3690071 0.2879992
1.172556 0.6213531 0.3507347 0.1688366
0.7796268 0.1876183 0.1382961 0.06841278
1.812107 0.9984856 0.4663792 0.3836975
1.075296 0.5278587 0.3616219 0.1748734
1.198044 0.7393131 0.3818836 0.2367058
1.829716 0.939846 0.4447575 0.3838863
1.080627 0.5114708 0.3397388 0.1234074
1.755711 1.122358 0.4573765 0.312212
1.988588 0.9996281 0.4286537 0.3596821
1.454039 0.7839813 0.4649487 0.3074722
1.290094 0.9484978 0.4671497 0.3651695
1.740696 0.9819698 0.417017 0.3295994
1.467615 0.7318039 0.3517513 0.2867575
1.052536 0.2812481 0.2253456 0.1786766
1.647045 1.210604 0.4485531 0.3921909
1.794008 0.8046665 0.4037266 0.3044872
1.710478 0.9699516 0.5550728 0.3913631
0.9623013 0.5093937 0.3384819 0.2336254
1.979621 0.986928 0.5102749 0.4577045
1.292984 0.6382847 0.382041 0.2271996
1.551777 0.8116837 0.410471 0.2984581
1.801109 1.015518 0.4232769 0.390131
1.997581 0.9957314 0.4387074 0.3446293
1.748335 1.004501 0.4339066 0.3599758
1.461052 0.664999 0.3642807 0.1783485
1.777214 0.88976 0.3909416 0.3242302
1.153202 0.4684238 0.3482437 0.1799946
1.421164 0.8278008 0.4208031 0.3145618
2.342518 1.317341 0.3357162 0.4898043
1.860935 1.121489 0.4438248 0.35709
1.95216 1.026442 0.4100704 0.4238892
1.551144 0.8095455 0.4224377 0.2519226
1.237797 0.4403629 0.2690639 0.1686745
1.145761 0.5210133 0.3321762 0.2058887
1.906134 0.9838486 0.4443436 0.3583393
1.936781 1.024664 0.5052395 0.4144402
1.929815 1.092659 0.4545155 0.3626862
1.302725 0.6213436 0.327177 0.1688499
1.637888 0.7531223 0.3508549 0.2681408
1.675734 1.028744 0.3911533 0.3640156
2.391727 1.314812 0.4892044 0.3108387
1.301809 0.5381641 0.3406124 0.2339478
1.314102 0.2718239 0.10495 -0.2537136
1.905087 1.228384 0.4883823 0.3475266
1.732365 0.9505787 0.3985519 0.2940941
1.187204 0.4601879 0.2714214 0.1337299
1.51926 0.6800404 0.3474693 0.2469063
0.9596138 0.3725815 0.1836224 0.1686287
1.967916 0.9443035 0.4223442 0.3076439
2.191023 1.095356 0.437624 0.3792496
1.378929 1.077112 0.4853535 0.3771591
1.438038 0.9113598 0.3972988 0.3172703
2.029287 1.019436 0.4198341 0.3131714
1.06407 0.3707447 0.301157 0.04488182
1.053034 0.3424435 0.2367725 0.1366653
0.9978867 0.2992191 0.2804298 0.1155796
1.458885 0.910511 0.4407215 0.3354168
2.097857 1.150307 0.5147305 0.3703003
1.899813 0.9932098 0.4116688 0.3489008
2.160646 1.120804 0.4691315 0.3669167
1.972275 1.042654 0.4671669 0.3427868
0.7922096 0.2477016 0.1798 0.1189022
1.80806 0.774888 0.3858376 0.2947865
1.480082 0.733675 0.3851337 0.2762127
1.112953 0.7087574 0.3913765 0.2303581
1.674051 0.8089523 0.4324188 0.2666779
1.409994 0.5941257 0.3257961 0.2366276
1.0982 0.4197464 0.2196808 0.2154026
1.091459 0.3382301 0.1759472 0.1087818
1.681763 0.7926044 0.3599167 0.3017941
1.918879 0.8405361 0.4171467 0.2645426
1.893194 0.9336357 0.3895798 0.308012
2.181719 0.7005157 0.5075378 0.2074242
1.269711 0.197134 0.2947216 0.05716515
2.135153 1.235754 0.4962978 0.322546
1.988232 1.21678 0.4947376 0.3439369
1.668694 0.9714794 0.4038219 0.3594475
1.223173 0.7023907 0.3527603 0.2279701
1.800995 0.902956 0.4739838 0.3388138
1.407934 0.6558342 0.3613968 0.23736
1.419188 1.194376 0.4647255 0.3240242
1.776308 0.9264202 0.4145679 0.3166809
1.753366 0.8655243 0.3705349 0.3273888
1.322952 0.6773968 0.3529186 0.2473221
1.649286 0.7892246 0.3945446 0.3172169
1.284863 0.580143 0.3353348 0.246666
1.823519 0.7598076 0.3698387 0.2556629
1.476688 1.030798 0.4381561 0.2315216
1.203028 0.6069012 0.4133511 0.1967163
2.046913 1.069616 0.440918 0.3593788
1.697351 0.9365368 0.4111729 0.2653961
1.815947 1.018244 0.4241199 0.3136272
1.975155 0.9837761 0.4544716 0.4168282
1.847666 0.8770199 0.4426765 0.2407207
1.05006 0.3237648 0.1823578 0.1024189
1.391092 0.6554737 0.3055573 0.2581348
1.285349 0.587368 0.3541031 0.1949577
1.615803 0.7989578 0.4791698 0.3568382
1.729855 1.019741 0.427969 0.3410797
1.018803 0.310524 0.2292824 0.08154869
1.612202 0.6463928 0.3593273 0.3054447
1.38619 0.6013222 0.3660488 0.230526
1.793743 1.016537 0.4559021 0.3190956
1.354919 0.4953423 0.3459511 0.1606598
1.421108 0.7170315 0.401392 0.2539558
1.478968 0.873682 0.4560242 0.3145905
1.114887 0.8409557 0.4065437 0.3285999
1.928932 0.9878387 0.4134064 0.322999
1.373281 0.8052731 0.436327 0.3654594
1.539736 0.748415 0.4608727 0.3429642
1.063755 0.3563786 0.2169266 0.130085
1.386538 0.725605 0.3591957 0.2257671
2.004616 1.020508 0.3655529 0.4604244
2.103853 0.9684162 0.3875008 0.409647
1.036839 0.4997196 0.3703995 0.1697025
1.118736 0.7322521 0.4042759 0.2739468
1.485477 0.7287331 0.4603024 0.3508673
2.047115 1.127388 0.5069065 0.4894657
1.722441 1.188499 0.4942131 0.3424931
2.036259 1.010977 0.4132366 0.3072701
1.211227 0.6366749 0.3434734 0.2187805
1.209316 0.5319672 0.276001 0.1458683
1.375784 0.5676804 0.3039513 0.192482
1.632738 0.8148537 0.4382668 0.32547
0.8908195 0.4069386 0.2613773 0.1248894
1.129652 0.5982227 0.3303719 0.1623173
1.85977 1.086599 0.479063 0.3788433
1.78285 0.9179497 0.4287109 0.3783827
1.877335 1.612289 0.4254723 0.5490723
1.731115 0.9790592 0.4938431 0.3645515
1.283207 0.4327736 0.2861433 0.0727253
1.566784 0.7516708 0.3594933 0.275568
1.833954 0.9790001 0.4524651 0.3269787
1.217691 0.6051254 0.3619785 0.2585926
1.24547 0.5192165 0.3091087 0.200882
1.600269 0.8963108 0.4034281 0.294693
1.684935 0.889555 0.4851913 0.3390923
2.025671 1.111099 0.4470997 0.3273945
1.752033 1.053217 0.4621258 0.3257446
1.316771 0.7772026 0.4403782 0.3849773
1.613026 0.7673702 0.3688889 0.2748089
1.69113 0.9715652 0.4515553 0.3696766
1.373552 0.8208256 0.3867073 0.294796
1.042784 0.6453896 0.4004803 0.2112122
1.597757 0.7611065 0.3860893 0.295454
1.041447 0.3811226 0.1521778 -0.08351517
1.819761 0.8745975 0.3786888 0.3299427
1.983095 1.111012 0.4891739 0.3225307
1.500067 0.6830044 0.3605042 0.2687283
1.910355 1.213495 0.4715729 0.2932816
1.298243 0.6328049 0.4142799 0.2193546
1.910381 1.039261 0.4400158 0.3288136
1.255531 0.6239738 0.3755932 0.2361584
1.701965 0.893507 0.3998413 0.3059902
1.074415 0.4628925 0.231514 0.1510906
1.768808 0.7602167 0.344017 0.2441998
1.791624 0.9987068 0.4212551 0.3028879
1.422184 0.6443958 0.3513412 0.2311535
1.75795 0.7862568 0.3710794 0.2588205
1.433058 0.8030891 0.41819 0.3356419
1.545656 0.8700848 0.4063206 0.3034477
1.823355 0.9711571 0.4861164 0.4658222
1.46517 0.7418919 0.3941765 0.2649632
1.287834 0.7444534 0.3918591 0.2266388
1.299122 0.5664558 0.3382635 0.2307491
1.42478 0.7431183 0.4025917 0.2814703
1.931492 1.048944 0.429348 0.3365555
1.547533 0.7870064 0.4689674 0.3719826
1.923779 0.8945885 0.4055996 0.3039341
1.437674 0.7030678 0.3339767 0.2167454
1.477688 0.8396549 0.4358387 0.3442173
1.898312 1.0693 0.4873447 0.3247185
1.153946 0.4740334 0.2994576 0.1038475
1.935284 0.9099369 0.3976002 0.3216152
1.086386 0.7365856 0.3376617 0.2713299
1.057261 0.9505463 0.3857079 0.2917633
1.127665 0.4319487 0.242837 0.1529408
1.962465 1.251438 0.455328 0.301796
1.485016 0.8527412 0.4078102 0.2828503
2.058855 1.033892 0.5133705 0.402607
1.211052 0.6547928 0.3684311 0.2531948
2.009449 1.24913 0.4695282 0.3824902
1.806635 1.023418 0.4020309 0.3178005
2.29528 1.38349 0.4706497 0.3491611
1.669575 0.8472157 0.4605751 0.2822838
1.180116 0.5492239 0.4178123 0.1994534
1.534746 0.8080482 0.3911724 0.2895756
1.474659 0.6138906 0.356019 0.2314377
1.882536 1.025793 0.4470615 0.3436832
1.582579 0.8570328 0.4110794 0.2902479
1.1604 0.4652138 0.2655907 0.1563072
1.815786 1.035124 0.4221096 0.3149376
2.101309 1.049625 0.4317532 0.3300476
1.897018 0.8612843 0.3870029 0.3024035
1.39328 0.7175636 0.3979063 0.2818995
2.044134 0.8062325 0.4078484 0.313343
1.828867 1.158392 0.4559841 0.3450184
1.719154 0.7779083 0.401083 0.2650299
2.333679 1.16979 0.46245 0.3637257
1.620165 0.8811722 0.3884411 0.2976627
1.870522 0.814909 0.482151 0.4705811
1.645172 1.026669 0.4756641 0.3491211
1.84152 1.461918 0.4771538 0.3232708
1.29331 0.642395 0.3429775 0.1824474
1.639425 0.822073 0.4038353 0.2575436
2.359352 1.113817 0.4815807 0.3519974
1.919422 1.118994 0.4410038 0.3784161
1.08589 0.9741516 0.4784927 0.2694817
1.259768 0.5810719 0.3216553 0.1550961
1.924532 0.8237228 0.3905916 0.3321962
1.724226 0.8764992 0.4519844 0.3482656
1.179354 0.3535366 0.24893 0.1121197
1.577272 0.7178068 0.3923302 0.2834959
1.955935 1.010344 0.4249477 0.3274689
1.790239 0.9673729 0.4359951 0.3563824
1.410316 0.775774 0.3885822 0.2561531
1.967104 1.172548 0.4878826 0.3123112
1.480635 0.991436 0.4437199 0.3314114
2.030977 1.220957 0.4531879 0.3409901
1.435559 0.6858807 0.3566999 0.2483034
1.767075 0.7217274 0.291749 0.3753433
1.380432 0.5323887 0.2972622 0.13764
2.043547 0.9929428 0.5175381 0.3881073
1.047176 0.6542835 0.3528175 0.1711941
1.13335 0.4050159 0.2706356 0.1561146
1.074524 0.3555927 0.2934227 0.09947014
1.876257 1.045362 0.4125252 0.3430824
1.214632 0.5518131 0.3545551 0.1738625
1.115305 0.430789 0.2370987 0.1034889
1.933254 0.997448 0.4169636 0.3140869
1.106663 0.7717037 0.395998 0.2588348
1.31357 0.6575623 0.4164829 0.227108
1.387794 0.8864098 0.4723816 0.3307991
1.843563 1.059849 0.4402027 0.3789368
1.959814 1.328444 0.5112495 0.3349476
1.775944 1.00486 0.4916859 0.3551579
2.032166 1.207506 0.2324886 0.5901337
1.48102 0.8665924 0.4821453 0.2965012
1.422626 0.5332355 0.3731213 0.2013588
1.300158 0.5212936 0.2686882 0.1510715
1.344948 0.8257389 0.4266548 0.2868214
1.191118 0.6478596 0.3259182 0.2485638
1.112715 0.3509121 0.2422371 0.05966568
1.816582 1.035757 0.4381123 0.3026295
1.257681 0.6171513 0.3579216 0.1714993
1.689787 0.8255062 0.4283428 0.3243704
1.690416 1.023745 0.4530392 0.3546906
1.662085 0.9273968 0.4101257 0.3208485
1.792286 1.119627 0.4372864 0.3459129
1.349968 0.563303 0.3259649 0.211298
1.43504 0.8233223 0.4714394 0.1680889
1.130457 0.4726429 0.3171082 0.2116566
1.236717 0.684927 0.3776703 0.2383976
1.881565 0.9153061 0.4488564 0.3138256
1.943388 1.279518 0.4646301 0.3463593
1.299551 0.7890339 0.4564934 0.2676239
1.654409 1.080029 0.5071392 0.4162617
1.83374 0.9074497 0.4070663 0.3261566
1.970224 0.9428902 0.3850956 0.2960949
1.847492 0.8898659 0.4140244 0.2931538
1.535622 0.8187466 0.492218 0.3092365
1.29895 0.4752235 0.3104668 0.1535645
2.000511 1.024696 0.4208565 0.3599358
1.116833 0.5313969 0.2885799 0.2640457
1.451986 0.7479906 0.4097548 0.2780352
1.930914 0.8907738 0.5147514 0.3566198
1.773657 0.8386116 0.4709969 0.3222599
1.057587 0.349287 0.2181244 0.1233807
1.455235 0.6993532 0.3972254 0.2951441
1.204901 0.609251 0.3657951 0.2573738
1.058462 0.4398537 0.2895088 0.1640301
1.094673 0.397541 0.2257481 0.1674232
2.049908 1.124023 0.435051 0.4099579
1.205544 0.6805382 0.3351078 0.20471
1.619997 0.7258015 0.3782749 0.3023758
1.296835 0.6273651 0.3583088 0.2924232
1.354965 0.651289 0.3881073 0.2871742
1.567751 0.9778843 0.4790363 0.2797127
2.077635 1.22928 0.4753323 0.3678894
1.667322 0.9634724 0.3720036 0.1353588
1.254101 0.7031174 0.3840694 0.3091984
1.61832 0.689106 0.3804893 0.2535744
1.339928 0.6711445 0.37607 0.2142353
1.524691 0.8204689 0.4397964 0.2879295
2.07193 1.282501 0.4588909 0.3418083
1.949516 0.9114037 0.4359684 0.2879715
1.797462 0.9851322 0.429348 0.2723656
1.730589 0.8344536 0.3492823 0.2760105
1.505707 0.6896324 0.3282547 0.1893406
1.039949 0.7908993 0.3736095 0.285656
1.159517 0.8678284 0.4235477 0.3061676
1.680426 0.8107014 0.3797855 0.2826138
1.219543 0.4909096 0.2756939 0.06468582
1.527916 0.8295002 0.4373112 0.3709965
2.001768 1.102285 0.4530373 0.3289108
1.99366 1.182461 0.4408474 0.3768692
1.967371 1.015606 0.423275 0.376296
1.111855 0.485117 0.3043118 0.192812
1.389713 0.6160946 0.3538399 0.2782707
1.913052 0.9502296 0.429327 0.2120533
1.698385 0.8180332 0.390192 0.2694798
1.342564 0.6454716 0.3747025 0.2860775
1.054081 0.3898525 0.2760468 0.1146889
1.840017 0.9264431 0.4026279 0.2702389
1.894815 1.085672 0.4388752 0.3563557
1.079994 0.5511198 0.3750286 0.2650805
1.950417 1.146351 0.4418583 0.2803078
1.432981 0.7663212 0.4276409 0.3069439
1.68157 1.008511 0.4124222 0.3007565
1.61603 1.006788 0.41366 0.3118267
1.116457 0.7881908 0.3994312 0.2390366
1.990257 0.8516884 0.4314499 0.2846298
1.441832 0.7336483 0.3665066 0.2073708
1.646193 1.116045 0.4169788 0.3005524
1.806225 0.9768429 0.4454441 0.3675823
1.875742 0.9388199 0.3765526 0.3593693
1.728838 0.9594002 0.4610691 0.431736
1.807959 0.8388538 0.3649921 0.3415146
1.541302 0.7142601 0.3781395 0.2692747
1.502872 0.9194336 0.4825745 0.3000164
1.816811 0.9300117 0.4466629 0.3382664
1.997143 1.014071 0.4209785 0.3475666
1.344763 0.808548 0.4023056 0.2212219
2.124392 1.048479 0.4183636 0.3289566
2.104231 1.250124 0.5055332 0.3492565
1.226536 0.7834492 0.4076328 0.2582645
1.45561 0.8119831 0.3954391 0.3089962
1.824661 0.8494501 0.3643751 0.2735186
1.674284 1.020859 0.3699131 0.286396
1.847553 1.038006 0.4150791 0.3651695
1.285622 0.4209309 0.2523346 0.1723137
1.249353 0.6194077 0.2750435 0.2753792
1.476233 0.9237156 0.3802376 0.3418446
1.399412 0.6393538 0.2970524 0.1766434
1.287722 0.7204514 0.4165306 0.2574158
1.964357 0.961525 0.4172878 0.3349113
2.027973 1.05624 0.4768791 0.3746624
1.805515 0.9148521 0.3849964 0.3197222
1.565084 0.9862022 0.4716969 0.3826942
1.873245 0.7657328 0.3612089 0.2903709
1.480886 0.6707878 0.3214645 0.1629696
1.720667 0.7297573 0.3695297 0.2889748
1.093782 0.7670479 0.478447 0.2232323
1.038103 0.8428192 0.3700943 0.299654
1.792841 0.9308968 0.3202724 0.01404762
1.759521 0.8148441 0.4057751 0.2928238
1.066647 0.7410259 0.3871784 0.2678967
1.536955 0.9194508 0.384203 0.3549223
0.9008923 0.4539108 0.3710651 0.07512283
1.908468 0.9737778 0.3947582 0.3210716
1.90221 1.06757 0.5149632 0.4013996
1.104992 0.345396 0.340126 0.08088493
1.177671 0.645546 0.3872967 0.197773
1.488686 0.9575138 0.4279652 0.3040562
1.805813 0.8373871 0.4277153 0.3018723
1.658089 0.857193 0.4008865 0.2863255
1.680307 1.059284 0.5036201 0.3674374
1.364384 0.615078 0.334816 0.1956635
1.237968 0.5800591 0.3795776 0.3249063
1.488274 0.8150501 0.4247971 0.2866306
1.301029 0.6293697 0.3466663 0.2307434
2.085333 1.11344 0.5087662 0.3459854
1.936737 0.8987389 0.412672 0.3246288
1.015751 0.4268894 0.3205185 0.1797504
1.878786 0.9836807 0.5115337 0.4271622
1.472267 0.6795673 0.3939724 0.3233471
1.782099 0.8569336 0.4005356 0.3203192
1.456242 0.6261406 0.3537865 0.2641468
1.170467 0.4707661 0.3026447 0.2208233
2.865339 1.0819 0.5501461 0.3943615
1.337111 0.7191162 0.3851929 0.2548313
1.944363 1.177193 0.4583321 0.3464756
1.838291 1.035133 0.4113464 0.3594875
1.504267 0.7553444 0.3978653 0.223608
1.277311 0.8941879 0.386425 0.3126659
2.068531 1.039772 0.4477024 0.4086723
1.994127 1.250811 0.45854 0.2879181
1.914389 0.9074783 0.3750515 0.3018227
2.148159 1.230289 0.4811497 0.3390865
1.900806 0.9320755 0.412199 0.3170261
1.770845 0.7941732 0.3856564 0.3167963
1.995008 1.207874 0.463707 0.3709793
1.753532 0.8289871 0.3786268 0.2981834
1.648262 0.9116344 0.4487228 0.1747684
1.641047 0.8085632 0.3988609 0.2922764
1.367386 0.621439 0.3689766 0.2333736
2.086565 1.242722 0.4862118 0.3195248
1.258816 0.6658802 0.379528 0.2450733
1.667528 0.7973557 0.4107304 0.3526545
1.341322 0.4750347 0.3395195 0.1743031
2.248426 1.21657 0.2543545 0.1470346
1.621597 0.795332 0.4305096 0.3091869
1.683136 1.127628 0.4513626 0.3102627
1.521267 0.8368626 0.4172001 0.2810173
1.964365 1.017595 0.4533482 0.3037434
1.352825 0.6030388 0.3323488 0.1619186
1.368521 0.9568863 0.4516449 0.3112373
1.306114 0.463829 0.2624702 0.1613579
1.472738 0.7890739 0.4389286 0.3140926
1.313122 0.9241791 0.3786087 0.2741032
1.144022 0.4619331 0.2466297 0.188448
1.815149 1.048792 0.4296398 0.3384838
1.209925 0.5298309 0.347146 0.2384539
1.528009 0.9067402 0.401762 0.2553921
1.608101 0.7048244 0.3309631 0.2409058
1.341341 0.5471306 0.3066158 0.2952499
1.250036 0.57341 0.3067036 0.1832504
1.185232 0.7730198 0.3771591 0.229805
1.642155 1.145035 0.4668922 0.3345451
1.778873 0.8354149 0.3757591 0.2817497
1.25415 0.4221973 0.2398796 0.07333946
1.96344 0.9303799 0.3925819 0.3288021
1.281584 0.523777 0.3162746 0.1846199
1.517506 0.9320431 0.4430809 0.3885593
2.022875 1.08466 0.4300842 0.3511047
2.017878 0.9440575 0.4354115 0.289938
1.655241 0.9678421 0.3948078 0.2842236
1.604425 0.8174458 0.3811359 0.2108002
1.745335 0.9489689 0.4611435 0.2986603
1.803629 0.9472198 0.395113 0.4240513
1.956297 0.9639912 0.4239807 0.3943863
1.96549 1.025631 0.471447 0.3420105
1.449274 0.739996 0.4189243 0.2397518
1.657385 0.7407331 0.3387747 0.2618113
2.125753 1.202206 0.4619808 0.3463573
1.905733 0.8938084 0.395092 0.3394718
1.984346 0.9314213 0.4016457 0.3307724
1.157185 0.9163876 0.4302006 0.2731628
1.011158 0.3786602 0.2494125 0.1792622
1.263601 0.8090515 0.4293728 0.3218346
1.851995 0.7960529 0.3674717 0.2867565
1.962214 0.8040867 0.3685913 0.2659836
1.798885 1.061739 0.4968281 0.4004002
2.005156 0.9559631 0.4538345 0.3574867
2.287491 1.105885 0.1179371 0.6855068
1.950823 0.907341 0.3673439 0.2752285
1.072134 0.3823338 0.2133656 0.09212494
1.592155 0.8847656 0.4225941 0.2924767
1.63439 0.8707638 0.4942513 0.3911228
1.759665 1.054384 0.4283867 0.354702
1.872232 0.9042149 0.4307461 0.2958126
1.310055 0.5142841 0.2716751 0.2153206
1.695408 0.9835529 0.4697094 0.3460636
1.136593 0.6221752 0.3337917 0.2526569
1.245983 0.7741737 0.4165955 0.1613312
1.029421 0.5671768 0.3489056 0.1937618
1.487925 0.8626862 0.4041786 0.3081074
1.311964 0.5369358 0.2623806 0.1864815
1.287827 0.6154652 0.3472328 0.2752476
1.914825 1.125685 0.4300823 0.340992
1.811926 0.8536892 0.3882008 0.3111439
1.686487 1.227703 0.4555092 0.2454033
1.519825 0.8670235 0.4193363 0.2935524
1.402758 0.7466583 0.3792534 0.2877731
1.343153 0.7233086 0.4605865 0.2754803
1.637371 0.9759502 0.4020672 0.3634043
2.053116 1.382811 0.4842396 0.3151531
1.19249 0.4674931 0.2804527 0.148962
1.846458 0.8616905 0.4072161 0.3139763
1.172897 0.5270233 0.2762356 0.2146645
1.815607 1.281071 0.5194054 0.3636627
1.718191 0.9630184 0.4256802 0.3151875
1.103584 0.4934349 0.3197975 0.231617
1.315722 0.6644955 0.3855515 0.2668324
1.286749 0.6610432 0.3698425 0.2556705
1.553215 0.8407269 0.3440399 0.283268
1.82954 1.042028 0.4156208 0.3560944
3.172138 0.925396 0.4291496 0.3605766
1.874998 0.990654 0.4342766 0.343399
1.610945 0.8071842 0.4590359 0.3181477
2.122484 1.081594 0.4328384 0.3266392
1.991325 1.006071 0.4231358 0.3244095
1.022375 0.3803196 0.229435 0.04162025
1.938942 0.8925228 0.3955822 0.2759399
1.661825 0.9964466 0.4078865 0.3105717
1.824553 1.067177 0.4135857 0.313303
1.907845 1.125292 0.4506035 0.3724194
1.753263 0.9495316 0.4222507 0.3212452
1.641939 0.9138165 0.4064178 0.3274784
1.137661 0.5312824 0.3587399 0.2045994
1.176662 0.4511547 0.2125206 0.1998062
1.246811 0.575592 0.2928238 0.2538853
1.817366 0.861557 0.3913326 0.3034019
1.495684 0.7864075 0.4448204 0.3377972
1.504532 0.9524021 0.4580116 0.2995262
1.820841 0.8331432 0.4194498 0.3039684
1.2421 0.5242996 0.3051052 0.1690369
1.919573 1.106974 0.4511318 0.3488941
1.627378 0.9703407 0.402874 0.2936039
1.869358 0.9993401 0.4282627 0.3252926
2.18989 1.39448 0.4945984 0.2757263
1.506044 1.20524 0.5482063 0.3309994
1.064432 0.7150288 0.3698673 0.2307529
1.237356 0.6397648 0.3665218 0.2702045
1.95447 1.009563 0.4577484 0.3712063
1.828844 0.9382648 0.3988647 0.3270092
1.864429 0.9555836 0.3967361 0.2819805
1.796345 0.8723373 0.4185677 0.3478956
2.028379 1.105347 0.4502048 0.3420486
1.123056 0.3845844 0.2357731 0.1598492
1.518316 1.073809 0.4597054 0.2861061
1.825863 1.288647 0.477705 0.3102303
1.556269 0.935873 0.4319153 0.2832527
1.527861 1.156237 0.4646244 0.35005
1.717672 0.7820091 0.3915262 0.289753
1.772352 0.9372635 0.3765774 0.3114586
2.506945 1.015488 0.4360657 0.4340515
1.224802 0.6859531 0.4430103 0.2243557
1.626125 0.8911648 0.4549675 0.3275337
1.867701 0.9434204 0.3811798 0.3307953
1.687939 0.6541653 0.3449993 0.1746731
1.447931 0.842638 0.4024277 0.2766552
2.031956 1.344225 0.5319481 0.3245258
1.506531 0.5779095 0.3629417 0.2590542
1.433466 0.7710495 0.4180489 0.2520351
1.316858 0.4813728 0.3459167 0.1500053
1.597094 0.7955265 0.403759 0.3115587
1.986378 1.038815 0.4427414 0.3991432
1.903763 0.954649 0.3889713 0.3685474
1.982868 1.02161 0.4284706 0.3942003
1.626381 0.9620838 0.3845997 0.3285408
1.72242 0.9858341 0.4180813 0.3285961
1.501719 0.7431564 0.3574028 0.2890186
1.144464 0.7032547 0.323555 0.2866116
1.213013 0.4854412 0.2249126 0.2466202
1.459015 0.8749161 0.396553 0.3082905
1.205675 0.5775547 0.3698978 0.2938347
1.403576 0.6743259 0.389328 0.2625732
1.297926 0.6528816 0.3944569 0.21035
2.068066 1.233259 0.4871788 0.3023167
1.302372 0.5829506 0.3189106 0.2197113
1.148909 0.456152 0.3312454 0.1980114
1.905207 1.120228 0.4636765 0.3480377
1.930071 1.062918 0.4167747 0.3457565
2.101902 1.072454 0.4867916 0.3628979
1.89324 0.889019 0.393446 0.3294258
1.396227 0.7007637 0.3962498 0.2598801
2.042374 1.057175 0.3914509 0.3599319
1.838993 0.8405094 0.3503304 0.2606449
1.232832 0.7874851 0.4274902 0.2485104
1.743753 0.8021851 0.4253445 0.2831554
1.865139 0.7992039 0.4034939 0.2621727
1.018459 0.4483719 0.3156128 0.1124878
1.151018 0.4808922 0.3713684 0.1510048
1.172228 0.4461002 0.2949772 0.1641178
0.8218594 0.1395817 0.0122776 0.0480175
1.815409 0.7743378 0.3671398 0.2731705
1.326166 0.5290813 0.3374081 0.2317963
2.066133 0.8960876 0.3881474 0.3079834
1.629803 0.9885502 0.4992809 0.4407902
1.079851 0.3462906 0.187294 0.1443567
1.831463 0.8929081 0.4500523 0.3436413
1.686504 0.9508114 0.3349152 0.3242893
1.692877 0.7403679 0.3564587 0.2529221
1.466383 0.7585926 0.3929024 0.2455034
2.641344 1.131657 0.512085 0.3043537
1.718786 0.7490501 0.3617573 0.2382231
1.584827 1.201509 0.4346104 0.3873768
1.014101 0.5502815 0.375248 0.4214191
1.588289 0.7020855 0.4010077 0.3336086
2.593937 1.411261 0.4706039 0.2498722
1.405582 0.6513557 0.3784466 0.2451935
2.288099 1.398981 0.4630413 0.3231049
1.121477 0.705534 0.4257851 0.1922913
2.068892 1.064716 0.4240589 0.319128
1.856844 0.9803219 0.4214344 0.2930527
1.12631 0.637661 0.3870564 0.2207565
1.984638 1.115984 0.4309254 0.3007393
1.108095 0.6281586 0.3127594 0.206274
1.755253 0.8819714 0.3876457 0.2912712
1.813295 0.7030411 0.3647938 0.2417793
1.009342 0.4012527 0.2793713 0.1085644
1.945532 0.9823227 0.4036961 0.3525591
1.889948 0.9243069 0.3880882 0.3343639
1.079071 0.4380512 0.2973957 0.146698
1.599842 0.8249912 0.3762493 0.3189754
1.339674 0.9665527 0.4429626 0.2688293
2.079815 0.8425293 0.4608173 0.31213
1.449438 0.6283226 0.3163109 0.2780418
1.387287 0.6801167 0.3916359 0.3169842
1.855335 1.122749 0.4230728 0.313364
1.577438 0.6213074 0.3148956 0.220623
1.465475 0.7240734 0.3606892 0.2226563
1.10327 0.6168594 0.366518 0.240284
1.824768 0.8771725 0.3881779 0.3354006
1.681738 0.844574 0.3814793 0.3281431
1.424854 0.625248 0.3733921 0.2494221
1.987635 0.8998566 0.4285698 0.3909874
1.289371 0.6281281 0.390358 0.2691803
1.68708 0.9426899 0.4814339 0.3674412
1.818569 0.9825191 0.4639034 0.3185768
1.089865 0.40518 0.3536854 0.1313877
1.197531 0.8082333 0.430357 0.261734
1.943981 1.030899 0.4165592 0.3693924
1.546356 0.6656809 0.3996677 0.3176298
1.173666 0.3430557 0.228878 0.2148209
1.468489 0.639431 0.4075146 0.2651634
1.891531 1.008083 0.5106926 0.4193764
1.741463 0.8765697 0.4471912 0.3640575
1.189358 0.4821358 0.2848082 0.1518259
1.101053 0.4688244 0.3625851 0.1400814
1.927008 0.8103638 0.3999958 0.2889748
1.877142 0.8406687 0.3918266 0.3236446
1.912003 0.8480244 0.3877583 0.3197908
1.236147 0.7004185 0.3634357 0.2411518
1.976095 0.9149075 0.4262486 0.3427343
1.994974 1.002483 0.4225616 0.3207455
1.68502 0.8844357 0.4006538 0.3243484
1.529375 0.6812572 0.3548584 0.2368402
1.56072 0.9928379 0.4552689 0.2997599
1.029718 0.2895145 0.2019119 0.1079273
2.046616 1.066729 0.4313469 0.354887
0.9654408 0.3292007 0.2949715 0.08521652
1.17157 0.659441 0.3592377 0.2525311
1.695074 0.8100586 0.4666367 0.3597822
1.732607 1.08264 0.4155273 0.3100567
1.064287 0.4348717 0.3127728 0.19874
1.939604 0.8596954 0.3730469 0.3185616
2.028255 1.039211 0.4204483 0.3212299
2.147076 1.054249 0.428648 0.3456287
1.852322 0.9139099 0.3845587 0.3553772
1.270081 0.6722202 0.3762875 0.2115002
1.630783 0.729023 0.3869038 0.2488232
1.093508 0.5017395 0.3592548 0.1847649
1.28104 0.5972786 0.3363943 0.1737499
1.712717 0.8450203 0.4869957 0.3599033
0.8604755 0.5196304 0.3979206 0.1434193
1.213505 0.6567516 0.3498268 0.2522469
1.048748 0.3730946 0.2485733 0.1657143
1.944025 1.048578 0.4520683 0.329483
1.639776 0.9251595 0.4891548 0.359129
1.548756 0.7521725 0.4509258 0.3221283
1.876163 1.017595 0.4180984 0.3483086
1.585417 0.7447338 0.4327126 0.335062
1.521629 0.7882996 0.4219341 0.2895126
0.906105 0.3354015 0.2116032 0.06676483
1.079853 0.3302822 0.2590618 0.09459114
1.91744 1.033567 0.478899 0.407114
2.092577 1.267574 0.5194321 0.41856
1.271563 0.8220596 0.4889297 0.2540131
1.362947 0.6160917 0.3628445 0.2289038
1.112495 0.5372581 0.3355026 0.2761993
1.109161 0.6883373 0.3999901 0.1732597
2.095709 1.030956 0.4767399 0.4108543
1.177105 0.3422832 0.180645 0.2089291
1.077915 0.5062428 0.2639751 0.186718
1.941925 1.005964 0.4389725 0.3734798
1.838287 0.9483433 0.3412132 0.317194
1.687197 0.9489002 0.4237957 0.344799
0.9995995 0.4414558 0.2470951 0.1806297
1.92152 1.193678 0.5275879 0.4014969
1.076254 0.5219173 0.2371674 0.1521931
1.40522 0.809988 0.3932438 0.1604977
1.024282 0.362339 0.193327 0.1312885
1.745598 0.9059868 0.4628201 0.3672028
1.278236 0.8640556 0.4408989 0.3074169
1.630941 1.152637 0.4503956 0.3127499
1.816143 0.9170055 0.4887352 0.4039965
1.248985 0.5159435 0.3235893 0.1987429
1.303389 0.5725346 0.2993145 0.1835022
1.566263 0.8644581 0.4509964 0.3269138
1.83007 0.8419895 0.3525543 0.3681393
1.064507 0.3437004 0.2322941 0.1655159
1.785273 0.7015972 0.3738394 0.216897
0.8498955 0.2560806 0.1633186 0.1382198
1.661892 1.059994 0.4595432 0.3611069
1.791121 0.8606339 0.3963261 0.2828312
1.418335 0.6127911 0.3576832 0.1955643
1.721083 0.7870369 0.3759708 0.2817287
1.196564 0.6309395 0.4004459 0.2421875
2.186857 0.9606686 0.4952164 0.3422127
1.23122 0.4049816 0.2989883 0.1022072
1.893682 0.8982697 0.4020405 0.336237
1.5427 0.9394131 0.4574451 0.3373775
1.97286 0.8639364 0.3927917 0.3162985
1.861406 1.176182 0.4791946 0.3356972
1.728962 1.07406 0.443821 0.3647251
1.625885 0.9027252 0.3825645 0.3371658
2.428535 1.224098 0.4860191 0.2754879
1.920568 0.9896736 0.4696159 0.2839222
1.94451 0.8577824 0.4277382 0.3215942
2.078663 1.090475 0.474987 0.367981
1.291632 0.647604 0.2854614 0.252779
1.293728 0.6386013 0.3674469 0.2498512
1.236395 0.5205765 0.3080387 0.1848774
1.138796 0.4744987 0.2779083 0.09474945
0.9467983 0.2660179 0.1665592 0.08591652
1.289486 0.5853138 0.3601131 0.1989021
1.4807 0.7444115 0.3904724 0.2959166
1.318249 0.4843044 0.331871 0.1744385
1.490034 0.8320313 0.4591503 0.3015137
1.842352 0.9982624 0.5005722 0.3766937
2.101149 1.015835 0.4318256 0.3136177
1.528833 0.9261227 0.410799 0.3039417
2.062773 1.074129 0.4242382 0.3442726
1.834227 0.8376617 0.3656368 0.2751389
1.545427 0.7435532 0.3869381 0.2457123
1.25388 0.5314388 0.3394909 0.293438
0.8962765 0.6023655 0.3107491 0.2580185
2.418255 1.15177 0.4194775 0.3564949
1.911543 1.049627 0.472105 0.3443546
1.919416 0.8651047 0.3750572 0.3075848
1.510653 0.7824955 0.4526958 0.2950726
1.872885 1.159527 0.4530449 0.3392506
1.767818 0.7804432 0.3575954 0.2481327
1.450052 0.7436314 0.4076862 0.3200569
2.195965 1.30475 0.5707569 0.3788681
1.473145 0.7246113 0.3841705 0.313714
1.507854 0.7130337 0.3646946 0.2970581
1.112587 0.4087582 0.1757431 0.09412003
1.658594 0.8246861 0.3861904 0.251894
1.926313 0.9394379 0.4402847 0.3107834
1.479385 0.961956 0.4472313 0.2916794
1.778976 0.8665524 0.3710747 0.2995911
1.622694 0.9898758 0.514389 0.4009495
1.964882 1.131041 0.4218693 0.2951775
1.752981 0.9024544 0.4233418 0.3196964
1.844341 0.8925953 0.3955374 0.2933388
1.760281 0.9000568 0.4414673 0.3674908
1.838453 0.966774 0.4487171 0.3489609
2.058634 1.107592 0.4989738 0.4436979
1.965679 1.063078 0.4541454 0.3361301
1.104275 0.3682766 0.2869759 0.1787758
1.744005 0.9805927 0.3907032 0.3298359
1.023178 0.2742004 0.2034874 0.08042145
1.761126 0.831686 0.3716736 0.3004017
1.760702 1.015545 0.4098949 0.3440647
1.317919 1.063595 0.4584045 0.3633175
1.193293 0.5540981 0.3308144 0.198061
1.026701 0.379446 0.2442951 0.1154804
1.733194 0.7353535 0.3621273 0.2482891
1.595789 0.8093109 0.3775444 0.2850571
1.373152 0.7986488 0.408287 0.2849827
1.400858 0.9528694 0.463665 0.3049393
1.636272 0.8256721 0.396492 0.2949791
1.960623 1.173096 0.4700737 0.318224
1.193165 0.6247253 0.3461246 0.2256336
0.9340229 0.6060257 0.3634071 0.1929188
1.121918 0.4187851 0.2755899 0.09251308
1.374521 0.5641346 0.3315544 0.1841831
0.9605923 0.2606525 0.2119026 0.04701805
1.701466 0.8685226 0.4571133 0.361599
1.001926 0.4862118 0.2719364 0.1846619
1.641769 1.387108 0.498827 0.3294621
1.987083 1.012268 0.4836807 0.3502216
1.9223 0.8657093 0.3919621 0.2999859
1.212963 0.4736481 0.3086529 0.1742554
1.215061 0.515255 0.2835903 0.2258234
1.655525 0.8222694 0.3488255 0.2831974
1.201508 0.5181046 0.2824059 0.2357635
1.262309 0.5097113 0.2335672 0.2013597
1.162079 0.6881733 0.3269024 0.2971554
1.14143 0.4705458 0.2807913 0.1942854
2.507612 1.26684 0.491251 0.3406219
2.074072 1.086361 0.4537849 0.318943
1.668148 0.7719059 0.3967533 0.2670975
1.556107 0.7607231 0.3907375 0.308526
1.732653 0.7611961 0.3472443 0.2788258
1.45463 0.7467995 0.3514233 0.3189793
1.987589 1.261736 0.4553185 0.3252373
1.99338 1.055141 0.4809532 0.2968531
1.815306 0.9995136 0.5307674 0.3203011
2.017731 1.084917 0.418066 0.3425369
1.64735 0.7481117 0.3811684 0.2584324
1.743753 0.914341 0.4437885 0.3620911
1.44113 0.8203888 0.4666882 0.2616825
1.867311 1.120491 0.4455757 0.3332291
1.082369 0.6855125 0.3990192 0.1859531
1.04232 0.3724556 0.1869488 0.1481304
1.549629 0.7993488 0.4586887 0.3018665
1.087696 0.6294823 0.3689976 0.1826305
1.360744 0.7405624 0.3781815 0.2782192
1.363373 0.6097717 0.3325253 0.20994
1.680161 0.8590298 0.4467545 0.3193855
1.123245 0.4944572 0.2250137 0.2025509
1.30908 0.4297562 0.2384052 0.112175
1.343641 0.6729221 0.3727541 0.2592363
1.748497 0.9487247 0.4016399 0.3719501
1.780018 0.9878292 0.405241 0.3295097
1.505699 0.8145256 0.3651562 0.3385925
1.465008 0.823349 0.459444 0.3847866
1.804169 0.8479691 0.3646088 0.3234882
2.026064 1.255289 0.4913044 0.3254757
1.379999 0.7379665 0.412344 0.2415619
1.372673 0.6319847 0.3641567 0.2452927
2.159842 1.088896 0.450098 0.336132
1.926727 1.201132 0.520647 0.3296413
1.68936 0.8909035 0.4608383 0.3151093
1.088734 0.4260235 0.3165817 0.1457844
1.656132 0.8233719 0.4007397 0.2770271
0.9305801 0.3937359 0.2841988 0.1539841
1.386757 0.5655899 0.3801231 0.270483
1.164394 0.3895226 0.1842499 -0.1775074
2.736109 1.109737 0.5014915 0.4459248
1.216793 0.5436325 0.3141251 0.1681118
1.807455 0.8948421 0.3961277 0.338541
1.662022 0.862606 0.3978901 0.3085814
2.181263 1.265089 0.4852982 0.3246822
1.824949 1.019791 0.4358044 0.3028927
2.18438 1.074715 0.4293671 0.3678188
1.545162 0.769146 0.4436884 0.3711414
1.877665 0.8675919 0.4126177 0.3440571
1.100027 1.017847 0.2934437 0.238512
1.890938 0.8214512 0.3846512 0.2669535
2.019426 1.134045 0.4569798 0.3276882
1.999039 1.052065 0.4166985 0.3213882
1.803057 0.8132534 0.3970852 0.2207623
1.285397 0.9321117 0.4717159 0.2873306
0.9691715 0.442255 0.2265453 0.07483673
2.023979 1.058258 0.4042568 0.3631496
1.661795 0.798418 0.4320736 0.3146858
1.804541 0.9982033 0.4590893 0.3124428
1.355921 0.609005 0.3318405 0.1471786
1.717108 0.8652344 0.5578079 0.3622589
1.815256 0.7884722 0.3574734 0.2985258
1.138563 0.330267 0.2611389 0.1027622
0.9336777 0.5385094 0.3623581 0.1230831
1.62747 1.287725 0.4718857 0.3433685
2.206253 1.119022 0.4493389 0.3494892
1.590155 0.9555855 0.4172001 0.3347416
1.329891 0.5811901 0.3873253 0.2707367
1.508821 0.829134 0.4174023 0.3083878
1.218113 0.9069309 0.4422665 0.2849064
2.047098 1.008526 0.4083538 0.336689
1.81159 1.068848 0.4335518 0.327858
1.922354 0.9538708 0.4129276 0.3684072
1.070362 0.3556671 0.2177839 0.1488752
1.875744 0.8726349 0.39147 0.2953453
0.9827595 0.4437027 0.3018379 0.1624527
1.886517 0.9983616 0.397131 0.3206348
1.773457 0.970129 0.40065 0.3507481
1.527044 0.6946697 0.4393005 0.2115135
2.326565 1.125643 0.4771271 0.3259907
1.05756 0.4317837 0.2761993 0.02052879
1.221228 0.6769333 0.4341278 0.1766663
1.324476 0.5997391 0.3330975 0.2503901
1.775257 1.050734 0.4212608 0.3683205
1.849451 0.7618275 0.3898392 0.1023636
1.384445 1.034725 0.4029179 0.3442574
1.564425 0.7855721 0.3938465 0.2834911
1.280874 0.5245304 0.2996635 0.1851625
1.912437 0.8830528 0.4080009 0.3225803
1.435303 1.107025 0.4779892 0.3687592
1.91218 0.8553715 0.4616909 0.2386303
1.737185 1.019733 0.4082108 0.3218708
1.180841 0.3706017 0.3258991 -0.02199364
2.338696 1.160028 0.4714603 0.3176594
1.559723 0.7744579 0.4806671 0.2068634
1.51449 0.7858906 0.4013987 0.2160358
1.417604 0.6715603 0.3539772 0.1991348
1.830061 0.9884109 0.4326134 0.3420429
1.627016 0.9006748 0.3869457 0.3107719
1.852606 1.069723 0.4332066 0.2545166
1.804867 1.095884 0.4316959 0.2952213
1.612 0.9248543 0.4800358 0.3000984
1.086594 0.4058666 0.2944717 0.04268265
1.392162 0.7522602 0.3652306 0.3138618
1.439249 0.7463398 0.4041739 0.2183952
1.669209 0.884016 0.4348183 0.259922
1.23591 0.4949532 0.3158512 0.1623087
1.101408 0.6939716 0.3552532 0.2047577
1.749777 0.8965893 0.4304409 0.3042774
1.952005 1.019995 0.4277439 0.3306313
1.403507 0.7000465 0.3565598 0.2256145
1.841244 1.017624 0.4546795 0.3051357
1.183189 1.013742 0.5075111 0.3389626
1.099319 0.4122658 0.2198105 0.05424881
1.303604 0.8135815 0.394846 0.2067509
1.859606 1.172508 0.4716015 0.3540058
1.373384 0.7633705 0.4320831 0.2890043
1.633331 1.214813 0.5317535 0.3421993
1.909019 1.109283 0.4360847 0.3414745
1.812551 0.8555393 0.3833418 0.2979155
1.397718 0.6608944 0.4032078 0.2657404
1.049723 0.4036064 0.2350063 0.157917
1.973257 1.062582 0.4682617 0.3510704
1.372971 0.5865688 0.3458652 -0.01196671
2.268167 1.368988 0.5047436 0.3578053
1.187647 0.5627384 0.3185692 0.2218628
1.93195 1.048477 0.4142857 0.3422718
1.251898 0.698637 0.3399773 0.3042641
1.320715 0.6705227 0.3406696 0.2458725
1.46607 0.8644619 0.4618435 0.3710938
1.50886 0.7506018 0.3715982 0.2887497
1.768501 0.9471283 0.412981 0.3476505
1.204779 0.566534 0.4017792 0.3191471
1.645557 0.8330536 0.3706245 0.3135223
1.713268 0.874897 0.4227962 0.3245087
1.552319 0.9112663 0.4523659 0.3783016
1.914768 0.9814568 0.4344959 0.3602581
1.052898 0.7301254 0.4268322 0.2703209
2.026539 1.026129 0.4158649 0.3150921
2.051437 0.9192715 0.5239563 0.4070797
1.263819 0.7049599 0.3792362 0.2204628
1.029905 0.4192562 0.287405 0.1339359
1.241589 0.4761944 0.2597046 0.2329273
1.872469 0.9564838 0.3920918 0.3063679
1.983944 1.258305 0.4575443 0.3518009
1.857471 0.9790325 0.3996849 0.3115005
1.740524 0.9634838 0.4811668 0.3619404
1.014509 0.3181782 0.2332716 0.1620274
1.473055 0.7076454 0.4024944 0.2785902
2.040106 0.9263134 0.3969269 0.3067875
1.448135 0.8711739 0.5069275 0.2941055
1.414482 1.008978 0.4068604 0.3124237
2.49691 1.142416 0.4857845 0.2967482
1.110424 0.2341061 0.2562618 -0.09786415
1.32337 0.6000519 0.3383598 0.2307739
1.533724 0.8476658 0.4896107 0.3840866
1.157169 0.4105263 0.2811718 0.2015781
1.499918 0.8230438 0.3707294 0.2947865
1.739145 0.8036175 0.37323 0.2566566
1.174427 0.4919949 0.2805252 0.2205906
1.735498 1.155859 0.5115185 0.349781
1.773808 0.7439003 0.455822 0.197422
1.679438 0.9730701 0.4156761 0.4146461
0.9834309 0.5806885 0.3118086 0.347435
1.554121 0.8326092 0.3757877 0.2622681
1.628725 0.7325325 0.3473663 0.2416821
1.959124 0.9673405 0.4353199 0.3034477
1.319059 0.9709148 0.5096245 0.3031082
1.878923 0.9788799 0.4196129 0.319006
1.064306 0.5588207 0.3188019 0.2331657
2.418106 1.370222 0.5025635 0.3410892
1.825834 0.9944515 0.5396862 0.4382305
1.444395 0.5996284 0.3120003 0.216095
2.181698 1.119949 0.4403572 0.3438053
1.686741 0.721899 0.3969879 0.2204342
1.720976 0.9503059 0.3695698 0.2660007
2.10808 1.198858 0.5034657 0.3338318
1.812517 1.339575 0.5124035 0.3241463
1.525221 0.782814 0.4757023 0.2476864
2.10302 1.125437 0.4695606 0.3762856
1.643255 0.9687443 0.4317799 0.3724422
1.741348 1.136021 0.4634533 0.3429089
2.084978 1.042418 0.4134846 0.3641872
1.754246 1.022053 0.4279308 0.3341084
1.918926 1.04834 0.4570675 0.3352528
1.696907 1.077335 0.4974079 0.435461
1.552094 0.8070393 0.402071 0.3245449
1.885725 0.9878159 0.4336395 0.3298922
1.574652 0.6956329 0.3437309 0.2365437
1.385887 0.7124081 0.3606434 0.2701015
1.16161 0.5544643 0.3007259 0.3363342
2.149487 0.9731255 0.4164562 0.3935909
1.499485 1.3262 0.4158878 0.3625546
1.406366 0.8244267 0.4466209 0.3076305
1.803864 1.118969 0.459444 0.3163643
1.865311 0.8824596 0.3987141 0.2986755
1.299927 0.5677071 0.3295422 0.1288776
1.390719 0.5898075 0.2750597 0.2090168
2.160168 0.9514809 0.392662 0.3177433
1.834187 0.9482517 0.4660835 0.3381577
1.467445 0.6418133 0.3729515 0.3216
1.077248 0.6047745 0.2975998 0.2011127
1.84408 1.082542 0.4503441 0.3050594
2.145548 1.313217 0.4963741 0.2832127
1.290331 0.9728642 0.4053383 0.3333015
2.386034 1.375784 0.5479107 0.3350525
1.231796 0.5860786 0.3575001 0.1811657
1.862211 0.9508324 0.420929 0.3201904
2.340776 0.5736542 0.4310055 0.4064331
1.924765 1.187317 0.5047665 0.3303032
1.018366 0.3967495 0.2660522 0.08379173
1.707357 1.015699 0.4269085 0.3359604
1.718538 0.8276997 0.3934269 0.2904854
1.678423 0.8838005 0.4220896 0.3466816
1.941216 0.9335308 0.4318485 0.3261461
2.194118 1.007614 0.4601402 0.352169
2.032663 0.8303146 0.4843903 0.3349838
1.987988 1.017834 0.4244499 0.3408527
2.048544 1.113323 0.4740982 0.3922596
1.741463 0.9162712 0.395195 0.2430038
2.017082 0.8855801 0.4241638 0.3370543
1.918953 1.092144 0.433363 0.3796749
1.2987 0.708271 0.3943806 0.2143154
1.390987 1.023941 0.4827557 0.3329906
2.184587 1.203239 0.4799404 0.2909412
0.9091015 0.2869759 0.248024 0.04846001
1.585405 1.072414 0.484457 0.3350983
2.320053 1.088022 0.4651871 0.3600292
2.171825 1.080429 0.4782524 0.3812656
2.339727 1.193501 0.5544739 0.4656067
1.873222 0.8876457 0.3840675 0.2894707
1.398523 0.8061352 0.4472084 0.3491592
1.383291 0.6409988 0.3334408 0.2584057
2.175423 1.366526 0.4774227 0.3486481
1.852419 0.9285431 0.4023914 0.3350792
1.083902 0.5239067 0.3670521 0.1620445
2.222656 1.190163 0.4700508 0.3778095
1.412165 1.051271 0.4680729 0.2890396
0.9080582 0.3604298 0.3217659 0.1284904
1.830282 0.9209156 0.4388714 0.3283501
1.178242 0.6881657 0.4771633 0.1841736
2.11072 1.320299 0.4849072 0.3531361
1.981543 1.04825 0.4312458 0.3437996
1.691877 1.158203 0.5358105 0.365736
1.24832 0.6966248 0.3352051 0.2678967
0.9575806 0.3916168 0.1737328 0.1617088
1.423319 0.7737389 0.3805885 0.2432499
1.135202 0.5142899 0.3140297 0.195076
1.38442 0.7609921 0.3682671 0.2623396
1.333126 0.6984386 0.3351498 0.2374191
2.050585 0.8106613 0.3830185 0.3248806
1.363527 0.7193489 0.4263973 0.2688313
1.873743 0.8458405 0.3913956 0.2946119
1.559462 0.9070683 0.4173603 0.3183155
1.971527 0.9318237 0.3898468 0.3072834
1.117617 0.4650669 0.239275 0.1139336
1.186697 0.5538654 0.3074455 0.1994781
1.02968 0.5833149 0.2846441 0.2019377
1.523254 0.7052593 0.3617229 0.2775898
1.648523 0.798254 0.4238205 0.2152634
2.014772 1.073374 0.4395714 0.3921547
1.39369 0.5874729 0.3206425 0.1850128
1.803926 0.8452902 0.3862524 0.2983646
1.240213 0.5975151 0.3328781 0.1957436
1.270544 0.4978447 0.2938404 0.1246548
1.308834 0.538969 0.3427963 0.25807
1.373909 0.4191246 0.3169346 0.07985878
1.220264 0.438921 0.2718048 0.1452217
2.141655 1.072182 0.456646 0.357626
1.648008 0.8364592 0.4225645 0.2945967
1.663902 0.8143215 0.3942318 0.3096237
1.906281 1.027044 0.4084587 0.2867012
2.096804 1.044081 0.5131474 0.3349247
1.619135 0.8085394 0.3901033 0.2814455
2.033627 1.044588 0.3748436 0.3682365
1.481834 0.6372566 0.3831348 0.257782
1.93026 0.9089565 0.3926859 0.30762
1.942774 0.9900742 0.390419 0.3017101
1.733517 0.732584 0.3474846 0.2311001
1.599937 0.78158 0.4335632 0.3903046
1.122038 0.6471825 0.3065071 0.3855572
1.004683 0.9223824 0.4372692 0.2213726
1.080631 0.3675861 0.2493458 0.1030598
1.173359 0.6021824 0.3441143 0.2312469
1.69931 0.8439903 0.3759785 0.2854729
1.962921 0.9756489 0.4004631 0.3416634
1.680534 0.8833752 0.4627457 0.3238955
1.781687 1.201803 0.4675694 0.3743591
1.578688 0.9526958 0.4401207 0.4793415
1.088465 0.5641727 0.3661976 0.1522045
1.809095 0.8471107 0.3789959 0.2884407
2.028555 1.090847 0.4571495 0.3014431
1.06193 0.5833054 0.3211823 0.1980267
1.889645 1.108608 0.4538097 0.3652306
2.045033 1.206503 0.4340153 0.3157997
1.483513 0.7637024 0.4267559 0.254858
2.215664 1.34576 0.5059185 0.3226166
2.019258 1.139629 0.4959431 0.3703403
1.854485 0.8551083 0.3898296 0.3085461
1.020664 0.4951477 0.2807808 0.124321
1.42662 0.6922874 0.388813 0.2839317
1.585257 0.8351955 0.4127855 0.4404249
1.98444 0.9880686 0.4188833 0.3519659
1.026375 0.5285473 0.3313389 0.1946907
1.261726 0.4170532 0.2222099 -0.1305618
1.740768 1.103905 0.4247303 0.3218651
1.826199 1.091099 0.4180508 0.3554878
1.328646 0.638937 0.366869 0.2380829
1.962759 1.098223 0.4554424 0.3608227
1.832476 0.9862843 0.3978786 0.3176422
1.679676 0.9244194 0.4662819 0.328104
1.31966 0.4744463 0.2769575 0.2078686
1.761984 0.772747 0.3618298 0.2600718
1.685438 1.102303 0.4580727 0.3103733
1.775421 0.8055859 0.3861656 0.2600861
2.087303 0.9826813 0.4247952 0.2982998
1.450338 0.8282013 0.457737 0.3841848
1.844664 0.8285465 0.3899803 0.2772064
1.531727 0.7324257 0.3756943 0.2819347
1.375969 0.5716133 0.2884769 0.1813717
1.497072 0.6750526 0.3604774 0.2763872
2.018215 0.996645 0.4114151 0.3070107
1.275869 0.4321136 0.1949654 0.006372452
1.503849 0.6583729 0.3789768 0.1923885
1.500593 0.9289894 0.4332371 0.3491058
1.656094 0.8511295 0.553751 0.3028202
1.58779 0.7262917 0.4405918 0.3430576
1.752052 0.7466373 0.37183 0.3055639
1.421055 0.7762012 0.4150314 0.3341923
1.475256 0.8293056 0.4398975 0.3172607
1.741796 1.088842 0.4354305 0.332016
1.752783 0.9668484 0.4483814 0.3279057
1.783028 0.9474449 0.4421158 0.3172493
1.251879 0.67272 0.3869839 0.1862259
1.684065 0.9485798 0.389801 0.2711792
1.326181 0.6286316 0.3383408 0.2101974
1.771307 0.8337173 0.3708191 0.2597523
1.482048 0.7306595 0.3802166 0.224638
1.131758 0.9509296 0.4399986 0.26861
1.518015 1.045649 0.4726086 0.4037113
1.018568 0.3811436 0.250246 0.141573
3.45624 0.7784176 0.4421692 0.296175
1.898977 0.8973179 0.393465 0.3351393
0.9967232 0.1958828 0.1267986 0.09593201
1.779551 0.9442291 0.3850307 0.2998543
1.234322 0.6988716 0.3766041 0.2280102
1.765345 1.028038 0.4076214 0.3181343
1.8895 0.8751545 0.387085 0.3254375
0.8334827 0.3115501 0.2880821 0.05739784
1.781118 0.828989 0.3749104 0.3017693
1.851788 0.8710308 0.407465 0.2990704
1.550561 0.6630316 0.3505821 0.1908846
1.184471 0.788065 0.4844341 0.2566757
1.881109 0.8764381 0.3588104 0.3295841
1.284933 0.4303188 0.2599144 0.1430416
2.247219 1.057405 0.4714966 0.3982191
1.231789 0.5266666 0.3074131 0.1774445
2.030727 1.125441 0.4756203 0.3147812
1.509865 0.9040813 0.519701 0.3734665
0.9871674 0.4480991 0.3415794 0.1262074
1.898392 1.004238 0.4032116 0.278986
1.648447 0.6850872 0.2910767 0.2654343
1.296562 0.6150589 0.3372269 0.1424847
1.69626 1.079638 0.4904289 0.2647247
1.783972 0.9617538 0.3981342 0.3291512
1.863808 0.9944477 0.4006901 0.3310013
1.788593 0.9529934 0.4325581 0.2947178
1.111383 0.2738514 0.2072926 0.1507015
0.9211655 0.9402294 0.4927998 0.2609367
1.916271 0.8492393 0.3883419 0.2544432
1.84971 0.9863091 0.3850021 0.3179331
1.828913 0.9746189 0.387392 0.2842827
1.888897 1.032879 0.4643478 0.3619804
2.016035 0.9620552 0.4280319 0.3341465
2.01778 0.810648 0.3966942 0.2560673
1.503168 0.9535618 0.4028769 0.235383
1.603022 1.012333 0.3477345 0.2472496
2.025702 1.063229 0.4274883 0.3176041
1.123278 0.6036491 0.3807201 0.2194061
1.335222 0.839674 0.4437599 0.3521709
1.82741 1.028887 0.4117661 0.3331947
1.898518 0.9336758 0.4452362 0.3897266
1.063173 0.4587765 0.3311024 0.1466236
1.043339 0.3933716 0.2844658 0.1766281
2.22716 1.210251 0.4756413 0.336916
1.182432 0.5314617 0.3129997 0.1051941
1.325596 0.5982742 0.3639545 0.1546669
1.347977 0.592802 0.3638935 0.1524296
1.302973 0.7289562 0.4306145 0.251955
1.201405 0.4711208 0.3151131 0.09719849
1.216028 0.6767178 0.3722191 0.2403107
1.773615 0.927021 0.5118427 0.3793774
1.65099 0.9265614 0.4484692 0.3446732
1.606607 0.8978004 0.3713913 0.2769032
1.100552 0.6228142 0.2411633 0.3647099
1.519327 0.7981625 0.3827705 0.261919
1.502857 0.7465496 0.350441 0.287077
1.591316 0.7190838 0.3960705 0.1688328
1.752769 0.8632603 0.4053593 0.3087273
2.132032 0.876812 0.4090023 0.3336821
1.175214 0.5044937 0.3192244 0.2047958
1.122074 0.4606991 0.2552147 0.1723499
1.63044 0.7168846 0.4502172 0.3168087
1.30998 0.5697441 0.3500843 0.2397938
1.660601 0.8923721 0.4645901 0.3607883
1.133699 0.383173 0.2111435 0.1748276
1.960175 1.11879 0.4521694 0.3111839
2.068541 1.086191 0.5265656 0.3805542
1.910233 1.027891 0.4243393 0.3223305
1.823414 1.13826 0.5357151 0.391098
2.253757 1.106726 0.6037979 0.3884811
1.634779 0.928854 0.4083595 0.3410358
1.679111 0.783493 0.4876938 0.288763
1.409927 1.011932 0.4740295 0.3186989
1.197008 0.802494 0.4152184 0.2673283
1.592518 0.7787418 0.2984104 0.3138218
1.758512 0.9792233 0.4210033 0.3413181
1.961403 1.159136 0.4883785 0.3734245
1.168123 0.5805721 0.3852673 0.1760693
1.602175 0.6316099 0.2796555 0.2260408
1.515558 0.7236557 0.406971 0.2663479
1.058493 0.4510574 0.2942314 0.1863518
1.257643 0.6180248 0.3594093 0.1600552
1.789572 0.9671001 0.4512196 0.3330688
1.499321 0.6859074 0.4446621 0.2861614
1.685322 0.7948513 0.3429947 0.2398109
1.435073 0.4957199 0.2621183 0.0722723
1.761953 0.6954117 0.3703461 0.2588634
1.258383 0.6257572 0.3545589 0.2163734
1.364529 0.6109543 0.3583431 0.1833572
1.567808 1.366926 0.4081535 0.4846668
1.408201 0.582159 0.266468 0.2940598
1.050745 0.5117397 0.3482838 0.2101841
1.148657 1.00231 0.4079075 0.3101997
1.403423 0.5385218 0.3196173 0.20539
1.061474 0.460535 0.2467136 0.2375736
-0.380518 2.267456 0.07712936 0.1861362
1.79476 1.348652 0.4840775 0.3144684
1.885189 0.8285828 0.3829966 0.3069839
1.626446 1.229568 0.4533844 0.4023438
1.438778 0.7689152 0.4035835 0.1373482
1.233686 0.6728401 0.3847675 0.2866507
2.168341 1.025133 0.4325542 0.3492737
2.022444 1.046371 0.4009705 0.3401031
1.851175 0.9396496 0.4424992 0.3188076
1.910696 1.011362 0.4629059 0.3358688
1.806917 1.188227 0.4860687 0.3325863
1.798014 1.013058 0.4984818 0.3869667
1.132135 0.7721844 0.445591 0.2558441
2.086903 1.067198 0.4237156 0.2948608
1.789736 1.224264 0.492794 0.2783298
1.768036 0.8216829 0.3920107 0.2944088
1.054354 0.3948002 0.2863541 0.1588287
1.333069 0.5675831 0.3284321 0.2088795
1.848978 1.205322 0.4497509 0.3776169
1.175364 0.7781372 0.446701 0.298563
1.906239 0.9019814 0.4074669 0.3348093
1.417744 0.8007565 0.3554058 0.2954521
1.086803 0.5295506 0.371542 0.2010117
1.935339 0.8762417 0.4033794 0.2998581
1.322575 0.7994995 0.3740635 0.2681427
1.081882 0.5503273 0.3452015 0.1468029
1.719854 0.7655716 0.3602562 0.2584877
1.828497 1.187634 0.4491825 0.2959843
1.105112 0.8688011 0.4282475 0.2407894
1.652401 1.013412 0.4235249 0.3423367
1.840393 0.9290695 0.3085365 0.3828564
1.97381 1.090746 0.4418659 0.4123688
1.546556 0.95994 0.4073429 0.3496685
2.056711 1.115353 0.4699097 0.3291321
1.725529 1.213875 0.4758987 0.3650856
2.029583 0.9946423 0.5209465 0.3451872
1.673546 1.006443 0.4256859 0.3174305
1.759357 0.9131737 0.3878422 0.3002949
1.672815 0.9700623 0.4492779 0.2597046
1.749483 0.9358158 0.4277153 0.3803234
1.272715 0.4825497 0.290287 0.1773415
1.778921 0.9668274 0.3815651 0.2946854
1.944597 1.120346 0.459219 0.3001099
2.117716 1.15167 0.3692226 0.4231586
1.550547 1.20112 0.4496708 0.2650433
1.948738 0.8981476 0.4188099 0.3176146
1.240931 0.5954533 0.3343086 0.1995201
2.069998 1.167625 0.4616051 0.3268509
1.592493 0.7009964 0.6678314 0.5147095
1.962818 0.9773026 0.406992 0.3195972
1.82177 1.026733 0.4241333 0.320034
1.983099 1.045942 0.4297237 0.3359241
1.104216 0.5231285 0.2734356 0.2655411
1.843605 1.418076 0.4800129 0.3607311
1.779701 0.7792244 0.418375 0.2992344
1.463964 0.8178959 0.4314137 0.3792877
1.15653 0.5058861 0.2594061 0.1862049
1.835888 1.049452 0.4165134 0.321888
1.921408 1.104958 0.4629173 0.3344936
1.430885 0.7896862 0.473362 0.3177891
1.196213 0.4542503 0.2891235 0.1922092
1.388432 0.7590618 0.442318 0.3207111
2.48386 1.062759 0.4551888 0.3879719
1.721724 0.9905567 0.4505634 0.3545551
1.243717 0.6193562 0.3572426 0.2192688
0.9426117 0.3032513 0.2335758 0.09247017
1.875202 1.093887 0.4511757 0.32061
0.9786263 0.2884617 0.1769257 0.07016563
2.057486 0.9980049 0.4126625 0.3217621
1.367296 0.876894 0.4393253 0.2776737
1.810221 0.8161716 0.3821621 0.2866955
1.67469 0.7661076 0.4274731 0.221262
1.415215 0.7632427 0.395668 0.2545071
1.802397 1.057089 0.4852009 0.3378325
1.483286 0.910183 0.4305019 0.3073826
1.536976 1.136837 0.4019814 0.2662411
2.370193 1.112337 0.5047035 0.361393
1.858768 0.9084034 0.3984394 0.2823372
1.706259 1.273056 0.4856625 0.3056393
1.708509 0.9282284 0.4748135 0.3247395
0.9402409 0.2926693 0.2291107 0.0613308
2.139175 1.165625 0.4359093 0.3190403
2.30345 1.20821 0.4887257 0.340683
1.01803 0.4113846 0.2245884 0.1403065
1.284721 0.6615524 0.3996029 0.2343769
1.861403 0.9767265 0.4303036 0.3516083
1.90274 0.9528122 0.4409485 0.3100185
2.390846 1.235594 0.4674664 0.364727
2.103907 1.150837 0.4453888 0.3370895
1.085129 0.4665012 0.3199368 0.150938
1.911049 0.9436626 0.4221497 0.3382092
1.620316 0.8762894 0.3953781 0.3195686
1.781054 0.8996105 0.5686398 0.3001747
1.204826 0.4370022 0.3247719 0.1322136
1.739765 1.237495 0.4840221 0.3588066
1.801523 0.9662952 0.5588169 0.343195
1.514061 0.9502106 0.4794579 0.3667164
1.191799 0.5401936 0.3231468 0.2006512
1.756964 0.9197216 0.4093552 0.3329868
1.588203 0.9965515 0.4410267 0.3044796
1.790888 1.085501 0.4392014 0.3071899
1.304131 0.5602283 0.2883778 0.166729
1.526293 0.8392105 0.4227943 0.2782269
1.969252 1.063959 0.4312248 0.3737059
1.909399 1.098743 0.4635735 0.349287
1.745338 0.8744106 0.4351234 0.3239508
1.671915 0.9044342 0.4367733 0.2987928
1.838951 0.8227348 0.3794384 0.2740498
1.816277 1.208183 0.4809933 0.2977734
1.247944 0.5807552 0.2947445 0.2059574
1.913776 0.9496841 0.3936195 0.3150644
1.312799 0.47052 0.3742046 0.1987705
1.369139 0.6957474 0.383194 0.2415352
1.253584 0.6859798 0.4186745 0.2679577
1.318455 0.6587906 0.3480625 0.2220516
1.641546 1.038654 0.4910736 0.4281502
1.464298 0.7243805 0.369215 0.2553806
1.499739 0.7968178 0.4931641 0.3600321
1.653086 0.9597244 0.5237198 0.4094124
1.864485 0.9854679 0.4511471 0.3600826
1.611107 0.8081703 0.4599171 0.287611
1.577484 0.7743378 0.4500694 0.282486
1.748508 0.9492722 0.3733921 0.4077396
1.768167 1.012962 0.4582634 0.3089905
1.955488 1.138245 0.4632835 0.3117809
1.837221 0.8930244 0.4277582 0.3536625
1.532286 1.023924 0.4687595 0.3255196
1.325438 0.9110222 0.4820538 0.3332253
1.232027 0.5706577 0.3649807 0.2412033
1.349781 0.9274921 0.4307175 0.3404789
2.056288 0.9432774 0.4328308 0.3027039
1.494728 0.8485546 0.4636383 0.3426189
1.149683 0.556179 0.3703594 0.2293453
1.852434 1.106169 0.4803619 0.3741913
1.603951 1.165352 0.54422 0.3795738
1.687128 0.8638878 0.4181194 0.3446655
2.029911 1.128099 0.4625988 0.3771744
1.273672 1.008602 0.4580975 0.2446766
1.932892 0.9826317 0.4081402 0.3243752
1.695992 0.8955936 0.4066734 0.2691364
1.023584 0.3093224 0.201973 0.1083584
1.896254 1.009388 0.4233246 0.3612194
1.322769 0.7524738 0.3723755 0.2970066
1.857012 0.9783192 0.403616 0.3360577
1.23539 0.7327557 0.3465042 0.2952423
1.887068 0.9363594 0.3909931 0.3172951
1.415434 0.7236862 0.4197769 0.2088642
1.493866 0.8397064 0.4326515 0.3431797
1.123993 0.461853 0.3377647 0.1137333
1.245333 0.5937004 0.3041801 0.2668629
1.505447 0.9755268 0.430088 0.3219109
1.892763 0.9767113 0.4333973 0.3358898
1.221544 0.8220196 0.4889755 0.2928524
1.078182 0.5593815 0.3016033 0.1544285
1.446215 0.6516457 0.3679657 0.226594
1.980967 1.106558 0.441082 0.3437386
1.882149 0.9574814 0.4209919 0.3446941
1.217701 0.6049252 0.3403339 0.2308559
1.237623 0.6963806 0.3670273 0.2730236
1.823605 0.852869 0.3867569 0.2778063
1.158516 0.4590836 0.3262672 0.1182632
1.709841 0.9755383 0.401083 0.3392715
1.565924 1.027655 0.4443264 0.2869205
1.949928 1.235033 0.4742775 0.3084507
1.644871 0.9227028 0.4053135 0.3116779
1.436935 0.7849522 0.4087095 0.2750845
1.356388 0.5964394 0.3347931 0.1541405
1.874704 1.090679 0.4380398 0.3310184
1.199394 0.5273399 0.3468151 0.1782284
1.901482 1.086309 0.4122219 0.3977757
1.647635 0.7851257 0.3694859 0.2670612
1.867897 0.9420395 0.4245186 0.3388424
1.025085 0.4357853 0.2676964 0.1597843
1.821951 0.9951172 0.4246578 0.3530807
1.424379 0.8626804 0.408699 0.3228798
0.9488983 0.2561951 0.1077938 0.1524467
1.436138 0.7288895 0.376545 0.2446327
1.916201 1.197121 0.4405327 0.3443146
1.465685 0.6289864 0.3489609 0.2120571
1.246534 0.7793617 0.4082203 0.2573376
1.421696 0.6851959 0.3703594 0.2562017
1.035322 0.1810913 0.2113323 0.04264069
1.660282 0.7475834 0.4096184 0.2760181
1.89599 0.935894 0.4715691 0.3409863
1.863949 0.9040928 0.4099751 0.269413
0.9801502 0.4787235 0.3468761 0.1327839
1.254421 0.5526943 0.3604889 0.2114725
1.888344 1.250988 0.4713631 0.3361053
1.097378 0.4273071 0.2609043 0.07366562
1.592148 1.053392 0.4796143 0.3333454
1.553198 0.8483829 0.4411869 0.3911438
1.96376 1.196346 0.4451828 0.3358555
1.20134 0.8727188 0.417099 0.2416859
1.03787 0.5460358 0.3341713 0.1822262
1.331575 0.6183777 0.3291912 0.1068897
1.201 0.4341488 0.2887306 0.1524067
1.971237 1.218369 0.4800377 0.3313065
1.554028 1.221609 0.5132809 0.3348656
1.920164 1.20377 0.4647636 0.3399086
1.345098 0.4601192 0.2842331 0.1973858
1.378397 0.6920261 0.3717117 0.2299175
2.10973 1.156221 0.4593868 0.3426876
1.774822 0.7711935 0.3569984 0.278945
1.430405 0.7074757 0.4022961 0.2970066
1.558119 0.6955986 0.3746262 0.2681484
1.120865 0.6838951 0.3666553 0.2260761
1.929956 0.9123497 0.4275703 0.3288317
1.251764 0.6699924 0.3806648 0.2385368
1.136374 0.5132408 0.3202515 0.212038
1.160671 0.332159 0.296278 0.2345123
1.882557 0.8340588 0.3859177 0.3004551
1.355667 0.7583866 0.4163866 0.3063421
1.756687 0.8946552 0.4009438 0.3034534
1.933277 1.082148 0.4622421 0.3479729
0.8802433 0.3569756 0.1405373 0.1296186
1.674055 0.794878 0.4053688 0.2975426
1.614979 1.085392 0.4819813 0.3714943
1.257545 0.7237282 0.3613567 0.2530727
1.87958 0.9505405 0.4352989 0.3465748
1.718235 0.7636204 0.3602695 0.2885456
1.781336 0.8436489 0.3881121 0.2941961
1.648119 0.7478008 0.3710785 0.2901964
1.039448 0.7080383 0.3618126 0.2339268
1.156376 1.024757 0.4427509 0.2822971
1.442785 0.5401192 0.3040829 0.1525517
1.509367 0.8590126 0.4208622 0.2782059
1.829342 0.9480095 0.4301491 0.3425064
1.306005 0.7514648 0.4171581 0.2643032
1.119013 0.8302059 0.4241314 0.2507362
1.575697 0.798378 0.3792343 0.2764874
1.550217 0.8745384 0.4208832 0.2844114
1.888189 1.0061 0.4225063 0.3670425
0.984127 0.4067917 0.1614952 0.121748
0.9341431 0.3465004 0.3093147 0.07658195
1.00354 0.562027 0.3754177 0.174408
1.249811 0.591774 0.3453522 0.1980534
1.410421 0.5047607 0.2830944 0.1353989
1.724604 0.8398285 0.3769875 0.276125
1.823481 1.059454 0.4773941 0.3747215
1.192013 0.809782 0.4274445 0.3000889
1.796492 0.7922935 0.3917713 0.292882
1.379524 0.7114658 0.4175453 0.2634926
1.306458 0.7465401 0.3854504 0.3103294
1.40782 1.025486 0.4202805 0.2910061
1.548193 0.7240505 0.3806019 0.2795258
1.254044 0.3716793 0.2462807 -0.04457188
1.794277 0.8131142 0.3769598 0.3067141
1.577765 0.8606911 0.4233017 0.3013
1.202808 0.5540771 0.2280674 0.1684513
1.624617 0.8351307 0.3933296 0.3170424
1.328255 0.6750774 0.3258476 0.235611
2.124073 1.278973 0.494833 0.3718033
1.141882 0.3355007 0.2279568 0.07071686
1.258574 0.6331367 0.3538952 0.1904354
1.4156 0.5978127 0.4214478 0.2834435
1.998705 1.216522 0.4647617 0.3108711
1.393324 0.5896988 0.315052 0.1855822
1.987034 1.041008 0.4956436 0.440033
1.777639 0.8307018 0.3380432 0.2933187
1.472153 0.7881355 0.4059658 0.2539749
1.730852 1.046953 0.5001297 0.3790455
1.491879 0.7493191 0.3524437 0.2564735
2.04808 0.9051399 0.3877506 0.3111649
1.496439 0.7534409 0.3892441 0.2629433
1.707428 0.706768 0.4691219 0.1689529
1.623943 0.9035492 0.4432125 0.3482094
1.255476 0.5404301 0.3746738 0.1407757
1.681932 0.7348843 0.3152294 0.2528419
1.566027 1.123083 0.4942532 0.3336391
1.944139 1.068388 0.4270439 0.3102322
1.704453 0.8185329 0.4085808 0.2571392
1.39809 1.019728 0.4642849 0.2881126
1.341377 0.797678 0.4149628 0.2937813
1.948055 1.197042 0.4788322 0.3155346
1.615133 0.8662148 0.3693962 0.2479286
1.967768 1.140472 0.4617157 0.3150139
1.301489 0.8438969 0.4046707 0.2488613
2.091202 1.127665 0.4495525 0.3300533
1.948847 1.120565 0.4324398 0.3812637
1.882843 1.038994 0.4174404 0.3066425
2.031141 1.133986 0.4434853 0.355217
1.85429 0.9977665 0.4252129 0.3090973
1.766708 0.9051075 0.3595753 0.325386
1.838295 0.9269295 0.4034042 0.3045349
1.21011 0.6634007 0.4122524 0.2065048
1.835274 0.9527969 0.3957024 0.3162479
1.575422 0.7847214 0.4193153 0.2909946
0.9690609 0.3253708 0.2718544 0.0962162
1.379948 0.9212246 0.4107056 0.288847
1.764391 1.038862 0.4604206 0.3468437
1.791557 0.8503456 0.4054699 0.2932186
1.986109 1.235176 0.5090714 0.4084263
1.884756 0.9076214 0.4948883 0.3113651
1.763857 0.8076744 0.3903713 0.2932053
1.516457 0.9569759 0.5227928 0.2685242
1.319746 0.768858 0.4507446 0.2256145
1.501923 0.8240547 0.389883 0.3181286
1.083763 0.4689388 0.2699871 0.1628933
1.197721 0.9378815 0.4876881 0.2904053
2.042419 1.110437 0.527853 0.3654251
1.371805 0.6503563 0.3849659 0.2345505
1.347412 0.5769472 0.3427925 0.2121515
2.042238 1.202311 0.5118332 0.3165512
1.253021 0.7843971 0.4856815 0.2835674
0.8829288 0.1551037 0.1086369 0.1227341
1.224525 0.4434052 0.2205706 0.07389641
1.137041 0.4136257 0.2650108 0.1304989
1.661451 0.7969379 0.3915405 0.2701683
1.055639 0.8013744 0.4142456 0.2568645
1.818432 1.327692 0.5228481 0.3606205
0.9857922 0.4769154 0.3035774 0.1470833
1.532763 0.8432198 0.517704 0.3085804
1.869604 1.028893 0.4010487 0.3624859
2.140324 1.170671 0.4798107 0.405447
2.027905 1.130508 0.4659348 0.3375969
1.788454 0.9519138 0.418829 0.3691568
0.9412823 0.5961876 0.3870468 0.1686115
1.875763 0.8619404 0.4243279 0.2920485
1.482372 0.9153423 0.482605 0.3584881
1.018175 0.370369 0.3072548 0.08368874
1.786774 0.8752613 0.4208412 0.325779
1.523218 0.8089972 0.422945 0.2783985
1.745296 0.8762054 0.4438248 0.3258266
1.87178 0.9777126 0.4038334 0.3068924
1.437679 0.6104259 0.3316154 0.1948195
1.265457 0.7252331 0.4528446 0.3325825
0.93577 0.4088821 0.292038 0.1241875
1.08609 0.534771 0.2610607 0.1311226
1.825432 1.017662 0.4175758 0.3044529
1.751455 0.9016457 0.3382015 0.2288322
1.731922 0.8987179 0.3876371 0.3378716
2.087132 1.173159 0.5211983 0.4603214
1.088165 0.4761505 0.3367481 0.1156788
1.319717 0.9188442 0.4405823 0.296772
0.8690166 0.7667141 0.3897915 0.2231655
1.940323 1.259293 0.4829788 0.3589954
0.9316044 0.4518204 0.3083382 0.1784439
1.586153 1.094837 0.4142342 0.3541584
1.740198 0.7769804 0.3471003 0.2988033
1.684374 0.9144897 0.4057617 0.3321095
2.030302 1.015711 0.4349957 0.3180485
1.264603 0.530714 0.3260899 0.1993961
1.128754 0.6244354 0.3221016 0.2509937
1.357546 0.6572857 0.3652763 0.262022
1.418659 0.7206459 0.4177332 0.2384815
1.612316 0.9844837 0.4868622 0.3973503
1.35491 0.6700087 0.3596611 0.2640476
1.430468 1.113771 0.4801044 0.313118
1.24048 0.6264668 0.381958 0.2394619
2.066885 1.201923 0.4630604 0.3575726
1.599653 0.9976444 0.4220428 0.3630009
1.468704 0.9268131 0.4459934 0.3333035
1.090229 0.5162258 0.3523197 0.1741619
1.476677 0.8142776 0.3697739 0.1645279
2.011702 1.052914 0.4237709 0.3663979
1.893467 0.9104061 0.3694687 0.4452019
1.362526 0.7470856 0.372942 0.2828016
1.132971 0.5445538 0.3591785 0.2074165
0.8884983 0.5698051 0.3226013 0.1933098
1.096901 0.694706 0.3870811 0.2052612
1.619492 1.024162 0.4339638 0.3596973
1.320602 0.6683712 0.3652191 0.1987839
1.592123 0.8091698 0.3934078 0.2818489
1.53664 0.7784386 0.4061222 0.3287678
1.60413 0.6343975 0.3398819 0.2467213
1.778158 0.9411125 0.4005737 0.2782078
1.751692 0.9614544 0.3910294 0.3081589
0.8753242 0.4828358 0.3846931 0.1686802
1.627098 0.718832 0.3780575 0.2330627
1.864471 1.253113 0.5020695 0.3046169
2.028303 1.06415 0.442524 0.3368511
1.23558 0.7683964 0.4109821 0.2027035
2.056303 1.325113 0.5226212 0.3041058
1.889996 1.070175 0.4378738 0.3420868
1.995163 0.9932156 0.4207954 0.3368168
1.930111 1.138283 0.4814014 0.326767
1.710558 0.8381538 0.392189 0.3145275
1.592745 0.7691135 0.4713459 0.382061
1.161049 0.4817524 0.3203135 0.140686
1.39053 0.8036423 0.450552 0.2873898
1.435179 0.5950298 0.3575325 0.182188
0.9348259 0.2425175 0.2165871 0.08543777
1.925549 0.8598595 0.3917389 0.3434467
2.158575 1.082521 0.4565849 0.3628616
1.909021 0.9795074 0.4065533 0.3366833
1.403805 0.7756557 0.3867111 0.3332634
1.117764 0.3714771 0.2571888 0.1800079
2.222227 1.275167 0.5058327 0.3090935
1.315201 0.7752151 0.4266071 0.2590981
1.71903 0.9644852 0.4076328 0.3371525
1.174107 0.5623684 0.3576241 0.1842461
1.605232 0.7698269 0.3719215 0.2231884
1.034246 0.3963299 0.1697235 0.2545719
2.190348 1.170458 0.4849091 0.3223991
1.42955 0.6288757 0.5063143 0.272604
1.9014 1.037088 0.5195827 0.4076996
1.676807 0.8341866 0.3353958 0.2660122
1.806086 1.023361 0.4257298 0.3362961
1.198936 0.6105614 0.3772936 0.2385044
1.143536 0.4454422 0.2673454 0.17379
1.657661 0.7999954 0.3703346 0.29356
1.706341 0.8512363 0.400116 0.3445148
1.433235 0.651309 0.3547468 0.2669106
1.186941 0.7044735 0.4351635 0.2298431
1.858006 0.9475784 0.4132633 0.3126831
1.208309 0.7431774 0.3912983 0.2373867
1.905994 0.7774754 0.3750334 0.2741966
1.134089 0.5474739 0.3526707 0.2186966
1.725433 0.8298378 0.3930149 0.2793064
0.9791889 0.7400837 0.4157352 0.170023
1.197433 0.5145493 0.2595234 0.2039423
1.031761 0.7399178 0.3928604 0.2788887
1.674511 0.7737598 0.4109554 0.2723618
1.684452 0.8503704 0.417284 0.324954
1.738684 0.9595718 0.522131 0.3122406
1.694998 0.8219433 0.3757553 0.2798824
1.861828 1.007599 0.488821 0.2484474
1.038422 0.4710932 0.311307 0.1333113
1.323935 0.7662888 0.4100361 0.2487965
1.431742 0.7298222 0.3683109 0.2518692
1.817232 1.143503 0.450079 0.2931252
0.940361 0.3972435 0.1812782 0.1919098
1.34782 0.732729 0.3923912 0.2657509
1.735025 0.8713608 0.3763084 0.3559818
1.464621 0.5728226 0.4104824 0.1914492
1.929276 1.067722 0.4687309 0.4670582
1.411255 0.7624397 0.4310589 0.2605267
1.942274 1.014727 0.4341393 0.3183174
1.386518 0.5724602 0.3235588 0.238657
1.129601 0.5122204 0.3272991 0.1696262
1.568256 0.7874146 0.4474297 0.2779789
1.102177 0.4942493 0.3634224 0.1515198
1.201319 0.6590366 0.3978348 0.2460403
1.73698 0.983572 0.438673 0.2952003
1.166388 0.4970284 0.2982922 0.1731987
2.091478 1.173956 0.4188576 0.3467674
1.034214 0.4123182 0.3351851 0.1708174
1.548471 1.083729 0.4695377 0.2932453
1.387005 0.6965103 0.399786 0.2560596
0.983305 0.6289787 0.3658409 0.1871357
2.09943 1.00202 0.4022884 0.2983112
1.383976 0.6724892 0.3646641 0.214817
1.303062 0.7810097 0.404089 0.3026657
1.460205 0.7018948 0.3896732 0.2053757
1.829025 1.004002 0.3882294 0.2464714
1.04834 0.3272343 0.177269 0.1136379
1.900467 1.020603 0.4351768 0.3509731
1.710262 0.8370991 0.4328127 0.3589907
1.15192 0.7455959 0.3721828 0.2621536
2.249147 1.274397 0.4911289 0.3405151
1.742699 0.8690357 0.4409313 0.3556671
1.882477 0.8540783 0.3938808 0.3322239
1.862701 0.9551735 0.4252129 0.36901
1.705614 0.979332 0.394762 0.3567219
1.535824 0.8464146 0.3816643 0.2889824
1.546066 0.8989677 0.4901085 0.3435574
1.974541 1.135298 0.442297 0.3277149
1.907606 0.9928913 0.4190807 0.3280087
1.698626 1.074326 0.4061451 0.3337803
1.13331 0.513052 0.3132248 0.1820583
1.601034 1.063448 0.4818649 0.3849487
1.223698 0.6355476 0.267519 0.4116535
1.959991 1.054379 0.4168415 0.3579903
1.530359 0.7581711 0.40242 0.3081932
2.102345 1.068716 0.4138184 0.3493233
1.794142 0.9067936 0.4260197 0.3111744
2.866785 1.127266 0.3747387 0.4050217
1.916704 1.187479 0.4735775 0.3617401
1.742363 0.838253 0.4189835 0.2219791
1.501059 0.850193 0.4201603 0.3152084
1.643665 0.6958084 0.3375587 0.2787857
1.622482 0.9410248 0.4139652 0.3211384
0.914299 0.4235611 0.2882519 0.03245544
1.577345 0.6982231 0.349678 0.2219677
1.120735 0.2968063 0.1890965 0.08423805
1.275223 0.5710697 0.3414516 0.2289762
1.373388 0.7606335 0.4872856 0.3633976
1.51347 0.8616791 0.4174328 0.2943249
2.036152 1.060284 0.4320087 0.3533249
1.271107 0.5795565 0.3109922 0.227561
1.911226 1.022202 0.43083 0.3317299
1.977839 1.092787 0.4668102 0.3508587
1.940758 0.9712238 0.429184 0.3202734
1.09885 0.4017792 0.1847515 0.05733299
1.863354 1.258104 0.4607105 0.3362274
1.997072 1.008982 0.5722942 0.3874817
1.077974 0.3880768 0.2815914 0.05842209
1.764969 0.8072987 0.3727474 0.2870178
1.452312 0.6819019 0.3268871 0.1610107
1.449549 0.9437962 0.4426613 0.3114929
1.036688 0.4189034 0.2787399 0.12076
1.476679 0.7416878 0.3352489 0.2244015
2.022839 0.9832745 0.4171219 0.378706
1.155989 0.3968582 0.2837963 0.09970474
0.9799614 0.8318691 0.381115 0.2452221
1.89426 0.8777962 0.4009733 0.2937679
0.9505501 0.3960457 0.2940273 0.142601
0.8562222 0.204443 0.2490883 0.1104412
1.357258 0.8203697 0.3935261 0.3307915
1.583054 0.9627991 0.5274868 0.3877163
2.44829 1.182899 0.5117073 0.3591843
2.151361 1.296114 0.527647 0.3498383
1.816574 1.168158 0.5122433 0.3496971
1.182802 0.4342747 0.2862644 0.2029648
1.354046 0.8510056 0.440382 0.2989864
1.849276 0.9704685 0.405077 0.33922
1.928158 1.002592 0.4326 0.3321724
1.658403 0.9123478 0.4201508 0.3278942
1.419767 0.7202091 0.3873253 0.2612152
1.772621 0.986208 0.4782677 0.362236
2.017582 0.9789124 0.4045963 0.3266335
1.852379 0.8983879 0.4234371 0.3498993
1.228577 0.5155602 0.3443203 0.2128544
5.40967 0.8117809 0.6700726 0.4741821
1.702982 1.063036 0.474659 0.335331
1.839071 0.9674797 0.4077587 0.2919502
1.54495 0.9722195 0.4314919 0.3086281
1.772734 0.9212055 0.4046001 0.3262291
1.386612 0.6447163 0.3471794 0.2870045
1.189135 0.5420589 0.2467709 0.2434902
1.794392 0.8580723 0.4142599 0.3045893
1.871128 0.9404545 0.4871349 0.4154387
1.50116 0.7339315 0.3719902 0.2980261
1.764706 0.8213902 0.5235519 0.3317795
2.011711 1.099796 0.4320621 0.269289
1.78223 1.112146 0.4650345 0.3569221
1.481689 0.6597652 0.3846703 0.3007526
0.841526 0.1693058 0.1487541 0.1179638
1.82752 0.8072834 0.3639116 0.2644243
1.304724 0.4909916 0.2762661 0.2433033
1.923574 1.009501 0.4139099 0.3619118
1.580711 0.7877712 0.374836 0.3404942
1.975801 1.00186 0.4090595 0.3197823
1.664591 0.7960548 0.3629417 0.2726374
0.9785976 0.3639774 0.2599602 0.1375999
1.828016 0.8588371 0.4050961 0.3101006
1.110891 0.5453453 0.3685131 0.1467094
1.379923 0.5648327 0.2990685 0.2579346
1.971245 1.206543 0.485323 0.4300518
1.56683 0.7560863 0.3916874 0.2854652
1.751101 0.9988651 0.3981361 0.300808
1.723448 0.9963284 0.4287224 0.3664246
2.056591 1.127874 0.4369831 0.3757801
1.754938 0.9636803 0.4464951 0.3312912
1.931641 1.136833 0.4740829 0.3860531
1.247105 0.5092297 0.3230877 0.175766
1.15576 0.6989441 0.3770218 0.2733326
1.212986 0.4971857 0.3328924 0.2242813
2.122429 1.260063 0.4823399 0.3896923
1.65999 0.995203 0.4745674 0.3729362
1.972549 0.9450855 0.4040089 0.3057919
1.572466 1.052998 0.3901215 0.2644768
2.103655 1.158066 0.5159035 0.3339462
1.707956 0.7847385 0.3600769 0.2360878
1.935099 1.109158 0.4616261 0.3634148
2.077911 1.00791 0.4267788 0.3602505
1.731062 0.8744507 0.4298172 0.2668533
1.021997 0.3421688 0.2090912 0.09034157
1.028664 0.3989124 0.2695274 0.2064037
1.295574 0.6833706 0.3783398 0.2416668
1.130415 0.4903803 0.2517014 0.2018423
1.507385 0.7107849 0.4200363 0.3149014
1.514719 0.9518051 0.4481506 0.3171463
1.782997 0.9769707 0.4388332 0.3383236
0.9624367 0.4453106 0.3037834 0.1622372
1.128237 0.4664326 0.3123627 0.1340828
1.14068 0.5458717 0.3919449 0.1777039
2.007383 0.9445667 0.3864498 0.2804546
0.9222145 0.6339645 0.3605576 0.2085724
1.393204 0.6752529 0.4073372 0.2461376
1.257658 0.6424751 0.4009476 0.1829414
2.24239 1.287355 0.481554 0.3279572
1.893333 0.8641014 0.4128399 0.3049679
1.335918 0.6808167 0.3730907 0.1978626
1.262407 0.7255688 0.3937798 0.2570477
1.376619 0.7952251 0.4114571 0.3301144
2.534258 1.353514 0.5072422 0.314642
1.062284 0.4919338 0.3496056 0.1656609
1.783457 0.8959579 0.3915329 0.3109646
1.389599 0.6372948 0.3594322 0.2068911
1.485609 0.9956894 0.4586315 0.3788376
1.922575 0.94063 0.3967876 0.3076973
1.850813 0.8891411 0.3962841 0.3218994
0.9266968 0.3952713 0.2969494 0.1534843
1.582144 0.7909813 0.537262 0.3358364
1.285213 0.6386471 0.354332 0.2152042
1.755867 0.8901272 0.4494076 0.3218555
1.410835 0.9269886 0.4531155 0.296032
1.173603 0.5399609 0.3431988 0.1878815
1.574415 0.8242989 0.3556309 0.278923
1.760834 1.017731 0.528841 0.4270191
1.310408 0.5544376 0.3429947 0.2846107
2.018932 0.9816742 0.4445953 0.347683
1.79705 0.8594131 0.3944302 0.3050385
1.912317 1.065529 0.4486923 0.3485889
1.712027 0.9939957 0.4671421 0.3461113
1.122177 0.7024994 0.4194126 0.2269936
1.267527 0.9055328 0.4071274 0.316967
1.740929 0.9891129 0.4338303 0.340435
1.215305 0.543478 0.2923183 0.1960449
1.845852 1.048784 0.5179596 0.3650856
1.264923 0.5810184 0.3429031 0.2139645
1.262621 0.5741234 0.3523178 0.2053833
0.9565849 0.3711834 0.3299379 0.1265268
0.8360252 0.4284115 0.3016129 0.05670929
1.810101 0.8921623 0.4407158 0.3400106
1.790499 1.32325 0.4893188 0.35709
1.718739 0.9577789 0.4298 0.3519707
1.80319 0.8116646 0.3915386 0.2954979
1.09486 0.4057941 0.2962532 0.1757526
1.795242 0.9975433 0.4175053 0.3342438
1.74859 0.8559628 0.3618069 0.2952671
1.312431 0.5810251 0.3594742 0.2399921
1.487677 0.571352 0.2751312 0.1650448
1.599234 1.185228 0.4549961 0.3162022
0.9220924 0.6656818 0.394043 0.1830654
2.458187 1.027555 0.4308205 0.3733616
1.413309 0.7520008 0.3761597 0.3138905
1.08757 0.6553249 0.3020306 0.1923351
1.084053 0.4696779 0.2551308 0.1971941
1.695902 0.9467201 0.4022655 0.3493996
1.484804 1.150274 0.4433155 0.3014545
2.050533 1.231663 0.4990616 0.3493576
1.519135 0.8531151 0.4158926 0.349205
1.516222 0.6987553 0.3710098 0.2791138
1.781422 0.8955307 0.3858967 0.3047771
1.896622 0.9155636 0.3864403 0.3191948
1.869623 1.090523 0.4023075 0.3359184
1.472305 1.050692 0.4577408 0.3073368
1.750355 0.7984333 0.3927784 0.3136635
1.834347 0.8541508 0.3993988 0.3030081
1.859589 0.8264866 0.3727951 0.2924309
1.036928 0.4117928 0.338932 0.1101284
2.693804 1.132202 0.431303 0.3025913
1.905699 0.9050503 0.3980474 0.3197784
1.305117 0.7016354 0.4186745 0.2522383
1.606197 1.20882 0.4805584 0.3739319
1.74114 0.9579678 0.446085 0.3123913
2.023745 1.016464 0.4227638 0.3439579
1.258581 0.3053741 0.2284489 0.04449654
1.18107 0.5711155 0.3237972 0.1890144
1.901421 1.095688 0.4421806 0.3272762
1.889832 1.089211 0.4566174 0.309906
1.773907 0.8277149 0.3712311 0.2520008
1.627478 0.8837509 0.4257641 0.2906342
1.1192 0.4083138 0.2070427 0.122879
1.883446 1.296865 0.5559978 0.3785019
1.936947 0.9842682 0.4297161 0.3279381
1.830788 1.081964 0.4936199 0.3192482
1.88505 0.9397659 0.4487286 0.3346348
1.915846 1.009935 0.3878613 0.3358479
1.167093 0.7107754 0.3679676 0.2665005
1.802649 0.9658127 0.4027309 0.331377
1.610188 0.7988663 0.4278126 0.3617287
1.050888 0.5709181 0.3353148 0.2746248
1.30508 0.6010017 0.3243885 0.2306252
1.75559 0.8455334 0.469799 0.3871174
1.805784 0.9684353 0.4020424 0.3303871
1.857962 0.8279724 0.3887634 0.268734
1.87759 1.015053 0.4021149 0.3387337
1.492546 0.7911625 0.4263706 0.2565212
1.122778 0.6199303 0.3547421 0.2647095
1.418142 0.6063499 0.3319807 0.216301
1.481733 0.7127132 0.3807468 0.2676573
1.96295 0.935627 0.4053974 0.3236713
1.367128 0.7950516 0.3786564 0.2776413
1.757114 1.073685 0.4298077 0.3297482
1.105589 0.3982601 0.2742348 0.1370678
1.2805 0.7696342 0.4783955 0.2816296
0.7718639 0.2031059 0.1905499 -0.06204605
1.265408 0.6910343 0.3621407 0.2473221
1.679655 0.7024078 0.328373 0.1911201
1.138288 0.4601955 0.3701477 0.1080971
1.045311 0.3607273 0.2790623 0.1567612
1.322844 0.6593761 0.4044743 0.2459917
1.716681 1.317686 0.4066372 0.3955746
1.470514 0.6621571 0.3339481 0.2873383
1.200542 0.716465 0.3612442 0.266037
1.869249 0.9717388 0.439642 0.385849
1.446482 0.7438297 0.3860683 0.2844172
1.145729 0.444437 0.2228184 0.150547
1.209709 0.7114677 0.3415661 0.2396107
1.969221 1.152802 0.4725895 0.3638859
1.270153 0.6094532 0.3398895 0.232399
1.120729 0.5400734 0.3259296 0.1735764
1.949234 1.117304 0.4603405 0.3499584
1.324919 0.3198605 0.1636086 0.03091431
1.990061 1.009348 0.5469456 0.4048786
1.788643 1.110247 0.4883556 0.3436451
2.082901 1.055706 0.4002228 0.3775578
1.180475 0.359972 0.2823982 0.05926323
1.081026 0.539526 0.2996979 0.1908627
1.896843 1.161253 0.4581947 0.3418579
2.152258 0.9828739 0.492691 0.4123611
1.701857 0.8969078 0.4477806 0.3766441
1.783506 0.835619 0.3930149 0.2833767
1.941643 1.369791 0.4804935 0.3273773
1.799322 0.9814243 0.3930607 0.2953682
1.071217 0.3502865 0.1710625 0.1376343
1.17334 0.4404335 0.2669201 0.1973667
1.902222 0.8288822 0.4049988 0.2729378
1.599953 0.8333645 0.4271278 0.3192787
0.928688 0.4508591 0.3122101 0.1561012
1.675697 0.9100685 0.4540043 0.2791615
1.005167 0.3574276 0.2059994 0.04117203
1.62887 0.8359661 0.4649086 0.3374949
1.617109 1.112055 0.4729462 0.2797031
1.135681 0.4539986 0.3204918 0.1986828
1.787378 0.951355 0.4183693 0.3420887
2.031784 1.096504 0.5046673 0.3177586
1.424324 0.6798534 0.3922062 0.2206783
1.13633 0.3923187 0.2416344 0.1748772
1.610779 0.8564034 0.5408382 0.2696209
2.091032 1.069216 0.4969425 0.3833694
1.150143 0.4773102 0.2954712 0.2052422
1.901144 0.9996452 0.4323215 0.3487511
1.909893 0.9588566 0.425745 0.3545589
1.205698 0.5716305 0.3556938 0.1983204
1.712355 0.9221401 0.3958817 0.3263645
2.02486 1.134073 0.4425068 0.313324
1.504448 0.7181759 0.3963966 0.2514534
1.586998 0.7504864 0.3594799 0.2729874
1.889448 0.9081917 0.4436321 0.3117714
1.733002 0.790144 0.3490105 0.2611084
1.317711 0.7560806 0.3896637 0.2394772
1.145535 0.7834358 0.4146614 0.1621876
1.846737 1.192806 0.475502 0.3763695
1.345375 0.8154716 0.3950157 0.2700634
1.508459 0.7853775 0.4036751 0.282671
1.922779 0.9669762 0.3848877 0.343977
1.384075 0.7288179 0.3545809 0.2835188
1.270029 0.4993553 0.2999401 0.1802101
1.837944 0.8407879 0.4056187 0.2925968
1.512316 1.066761 0.4675179 0.3845005
1.417179 0.6627884 0.3552952 0.2487392
1.122009 0.5416508 0.3541031 0.2053432
1.743435 0.8476429 0.3759556 0.2993708
0.9359531 0.5759468 0.318243 0.1693859
1.49334 0.8726673 0.3728752 0.2740078
1.984463 1.270842 0.4916706 0.3519459
2.127565 1.350157 0.4777851 0.3807735
0.9445839 0.3729324 0.2114697 0.1861153
1.587706 0.6841087 0.4279289 0.2272377
1.915693 1.229643 0.4248524 0.3185024
2.0292 1.120293 0.5227547 0.391552
1.386499 0.9640484 0.438755 0.3234348
1.980707 0.9549522 0.4191856 0.3270798
1.708836 0.7421913 0.3056526 0.234705
1.204954 0.5591488 0.3173809 0.278532
1.982779 1.032433 0.4390411 0.3657932
1.907005 1.036337 0.3677578 0.3323975
1.469902 0.6553383 0.3880768 0.3546886
1.787022 0.943821 0.3753242 0.336483
1.383282 1.045229 0.4407978 0.2662907
2.080107 1.042995 0.4472942 0.4044418
1.480135 0.7230721 0.3474998 0.2597256
1.823877 1.04505 0.462738 0.292511
1.10483 0.3732986 0.2369232 0.1595383
1.947498 1.011787 0.4199886 0.3299961
1.995998 1.027819 0.4324226 0.3509426
1.350853 0.4312534 0.2577972 -0.03917694
1.072227 0.3518372 0.08871078 0.04388809
1.481804 0.8051796 0.3862057 0.2156658
1.563868 0.9203587 0.4210358 0.3106194
1.287897 0.5539932 0.3423595 0.1888466
1.234928 0.4896431 0.2991867 0.1194611
1.11311 0.623148 0.3755245 0.2806873
1.830233 0.9224205 0.4287596 0.3394976
1.893015 1.057074 0.4757538 0.3516827
2.146772 1.226177 0.4498425 0.3456802
1.886576 1.03512 0.4405098 0.3774872
0.9588051 0.602047 0.3517628 0.245451
1.414988 0.6191902 0.3198738 0.1835155
1.132584 0.449522 0.2621517 0.1981411
1.000929 0.431263 0.286541 0.08946037
1.140982 0.415844 0.2388725 0.1106834
1.775528 0.8001022 0.3934555 0.2455578
0.8624725 0.2978668 0.1959801 0.09550667
0.8542595 0.4691277 0.2008266 0.1688766
2.056774 1.030926 0.4332142 0.3259869
1.116879 0.451334 0.306982 0.1317368
1.649099 0.8622589 0.438982 0.2824068
1.772173 0.9510002 0.4237232 0.3660908
1.925503 1.373556 0.4994926 0.3365707
1.731344 0.7947998 0.4937897 0.2656145
1.829454 1.060625 0.4929276 0.3855286
1.260807 0.4706306 0.2944221 0.2249947
1.283167 0.8302135 0.4476109 0.2241592
1.078737 0.7909794 0.3671398 0.242918
1.84387 1.140591 0.4515896 0.3153057
2.055477 0.9931335 0.3959827 0.3402786
0.969923 0.4917297 0.3173132 0.2326069
1.938593 0.8827267 0.4457359 0.3585987
1.303766 0.5595036 0.3133831 0.2393227
1.803528 0.9896488 0.4066982 0.3316307
1.083942 0.6874866 0.3859501 0.2486935
1.414207 0.6206951 0.429142 0.2586021
1.124054 0.511446 0.3494682 0.01907921
1.717396 0.7501431 0.3949566 0.2292843
1.094343 0.5271797 0.3588161 0.1789894
1.709623 0.8257236 0.3849106 0.2607155
1.847973 0.8372993 0.3723907 0.3089275
1.961216 1.150845 0.4849491 0.3259792
1.44722 0.672224 0.3922024 0.2433453
1.417164 0.6565762 0.3304024 0.2462654
1.917149 0.9544811 0.4709034 0.3808041
1.35387 0.6740265 0.3510742 0.3064995
1.279078 0.5269928 0.3187141 0.1947193
1.659655 0.7959328 0.4009323 0.3288193
1.783455 0.8662109 0.3934612 0.3154325
1.190205 0.611784 0.3826113 0.2127104
1.866751 0.8960323 0.3893433 0.3443451
1.563713 0.7989883 0.4055862 0.3076248
1.793501 0.9081326 0.4327126 0.3616028
1.725426 0.837141 0.4043064 0.2815151
1.414738 0.7225437 0.3701916 0.2639008
1.993366 1.352167 0.4918518 0.3138504
1.192499 0.7381344 0.3391399 0.2444839
1.264194 0.5306187 0.3229418 0.2312002
2.087934 1.174524 0.4681931 0.3389568
1.96356 1.127325 0.448494 0.3760509
1.955488 0.9970779 0.4358673 0.3936911
1.964731 1.18531 0.4822006 0.3189259
1.645279 0.8306656 0.3690882 0.2979755
1.897293 0.9242039 0.3883247 0.3201733
1.215324 0.8966274 0.415472 0.3360405
1.357901 0.5973778 0.3176708 0.2361765
2.017992 1.015909 0.4389381 0.3530998
1.953344 0.9650288 0.432394 0.3205891
1.18626 0.4203205 0.2686615 0.06323624
1.798683 0.8742352 0.3888721 0.3049278
1.83313 0.8204784 0.3582001 0.2765198
1.927717 0.8105278 0.3740549 0.3204918
1.43906 0.6665459 0.3293457 0.2766838
1.121094 0.3531647 0.20434 0.1008549
1.394991 0.5395241 0.3115139 0.1284599
1.346012 0.7022791 0.3809509 0.2609606
1.655842 1.055286 0.3701572 0.2879333
1.732622 0.8961601 0.3735867 0.3358746
1.472351 0.7360687 0.4501286 0.3235054
1.795259 0.8201923 0.4267349 0.3567238
1.857555 0.9456902 0.3704624 0.3489685
1.856647 0.9600239 0.3576851 0.3370628
1.20056 0.454258 0.2990379 0.2075081
1.39406 0.5728683 0.3343315 0.2054634
1.824545 0.9505348 0.3725071 0.3299408
1.819311 0.9141788 0.4128265 0.3539677
1.166437 0.5228233 0.3279715 0.2383938
1.870169 0.9109421 0.4185972 0.3364744
1.888885 1.288313 0.4937458 0.3446846
1.162764 0.3493977 0.1883278 0.2055416
1.351738 0.6725101 0.3815403 0.2290134
1.146328 0.6164341 0.3708878 0.2160015
1.990292 0.9197979 0.4210873 0.3071604
1.00968 0.4318714 0.2987156 0.06828308
1.892929 0.9121246 0.3863792 0.3188963
0.8659916 0.6286793 0.4349594 0.1031647
1.560068 0.7364941 0.3553495 0.3308153
1.583723 0.9659576 0.4472237 0.3023834
2.118256 1.074591 0.4496059 0.3793793
2.012032 1.258297 0.4785023 0.3433781
1.194761 0.4005566 0.2532082 0.1048412
1.400366 0.7028809 0.3864918 0.2273655
2.11953 1.13172 0.4760323 0.3558693
1.985609 1.050714 0.45755 0.3596401
1.348057 0.7600613 0.4219837 0.26474
1.946556 1.004345 0.4383945 0.3680325
1.033772 0.4564896 0.324934 0.1321068
1.907545 0.9380951 0.4190311 0.3262281
1.870903 0.9332066 0.4262218 0.3311176
0.9883289 0.4086266 0.2926025 0.1272717
2.023649 1.054514 0.5381069 0.3253117
1.88106 0.9331074 0.4082527 0.3654366
1.137995 0.3837776 0.2312794 0.1462097
1.246902 0.4930191 0.2189445 0.2357426
1.873537 1.218699 0.4555645 0.316494
1.411516 0.5717545 0.3846035 0.2466831
1.547842 0.8230228 0.4141769 0.3192902
1.105164 0.6474686 0.3990326 0.1624107
1.831814 0.8620586 0.3868904 0.2814884
1.335859 0.5893202 0.3438873 0.1900902
1.954178 0.9585819 0.418848 0.3468933
1.255867 0.5785542 0.3251133 0.1955051
1.378618 0.9351196 0.4252605 0.2271461
1.956169 0.8843994 0.4249916 0.2891464
1.78443 1.045433 0.4127102 0.2395477
1.933271 1.035723 0.439394 0.3824482
0.707489 -0.3112679 0.2127743 -0.4049549
2.106131 1.037315 0.4207783 0.3687859
1.277485 0.8221188 0.4231663 0.2688541
1.878912 0.9755707 0.3869495 0.3500004
1.267796 0.7261868 0.4006615 0.2787552
1.907972 1.017784 0.4202652 0.322773
1.971315 1.023472 0.410408 0.34729
2.115034 1.202253 0.4376888 0.3797798
1.380121 0.7344131 0.3784122 0.2655907
1.055832 0.4075012 0.2952824 0.1751804
2.132982 1.272358 0.4880581 0.3217239
1.228098 0.5715599 0.341423 0.2678967
1.889879 0.975666 0.4145603 0.3733711
2.058601 0.6106129 0.4511871 0.277504
1.317808 0.5637131 0.3476143 0.1646881
1.279636 0.6736832 0.3977852 0.2017002
1.095163 0.5978928 0.3219242 0.2863998
1.409515 0.7122631 0.3620605 0.2249775
1.840878 0.8419743 0.3787861 0.2525654
1.974504 1.039686 0.4106712 0.3780956
1.200655 0.5088615 0.2717991 0.1201859
1.912596 0.8689137 0.3744946 0.2891836
1.702984 1.129339 0.4202881 0.3840809
1.075974 0.8688641 0.4196205 0.3127975
1.903631 0.9974689 0.369585 0.3059139
1.555681 0.7558384 0.4193363 0.3626175
1.895069 0.9236984 0.4062729 0.3575697
1.135094 0.7406921 0.4114628 0.250145
0.9510307 0.3843212 0.2479153 0.1431122
1.474365 0.9017105 0.4386234 0.3038998
2.025301 1.193537 0.4432354 0.3577175
1.154564 0.7068577 0.3409824 0.2592735
1.441071 0.8841152 0.3866596 0.3438835
1.373625 0.7785912 0.3887787 0.2320366
1.937677 1.03735 0.398119 0.3216724
1.985317 1.07934 0.4457417 0.3276787
1.826578 0.8852825 0.3751574 0.301919
1.801418 0.9372654 0.4108734 0.3374214
1.943096 1.060455 0.4255905 0.3528519
1.831797 0.9448338 0.3831959 0.3450184
1.549194 0.7935562 0.3337612 0.2621536
1.675659 0.8394184 0.4494781 0.3037739
1.549387 1.045485 0.4557705 0.2862797
1.385462 0.9191895 0.4522438 0.2654934
1.718908 0.9792652 0.4541264 0.3479691
1.751488 0.9296436 0.3987122 0.3035831
1.970982 0.9030762 0.4505806 0.3402138
1.285294 0.6440907 0.3854313 0.2583065
1.008369 0.3348637 0.2582722 0.1037827
1.96995 1.011494 0.3837738 0.2777195
1.790121 0.876173 0.3789406 0.293045
1.082468 0.4577198 0.2475357 0.1917591
1.885191 0.9880219 0.3942528 0.3654213
0.8788853 0.5083656 0.3592358 0.1043015
1.923006 0.9568253 0.413125 0.3674088
1.229576 0.5568352 0.3468552 0.1864929
1.093355 0.3691807 0.1828651 0.1356239
1.666245 0.877037 0.4868526 0.3513975
2.010084 0.9621029 0.4293365 0.3395348
1.71398 0.8932819 0.4603939 0.330864
1.32819 0.7217197 0.3404808 0.2095451
1.776785 0.985527 0.4404659 0.3621407
1.38991 0.8659172 0.4787445 0.2872429
1.062475 0.58465 0.3297977 0.2250748
1.782835 1.101469 0.4637775 0.3090935
1.649176 0.8782692 0.398201 0.2830029
1.836346 0.9431171 0.4225883 0.3073673
1.594429 1.021626 0.4800968 0.3531246
1.690552 1.068609 0.4322338 0.3825378
1.269821 0.689333 0.4126625 0.2727814
1.923079 0.9729347 0.440321 0.3703899
1.414461 0.6061878 0.3070955 0.1854048
1.177828 0.610815 0.364378 0.2209358
1.076834 0.7827892 0.4075756 0.2402611
1.110733 0.3643646 0.1408863 0.111496
2.027822 1.216938 0.477047 0.3298149
1.436584 0.6741943 0.36236 0.261755
1.54921 0.4723282 0.2927303 0.1474361
1.808287 1.149258 0.4867458 0.3425446
1.211527 0.5592289 0.3506088 0.1618652
1.20854 0.4382286 0.1619911 0.186058
1.405392 0.6625862 0.3263588 0.2635021
1.932009 1.282095 0.5029755 0.4514065
1.837826 0.8646908 0.3789616 0.259634
1.128115 0.4482708 0.2768593 0.1284504
1.933794 1.067911 0.3988056 0.4137268
1.673807 0.8070774 0.3348293 0.2827492
1.533463 1.028236 0.4655151 0.3155575
1.991034 1.340912 0.5244808 0.3016262
1.968245 1.181437 0.5042419 0.3946228
1.086391 0.4080734 0.2527046 0.1444283
1.296869 0.6037865 0.3552113 0.254055
1.981918 0.9985485 0.4176292 0.3675728
1.594023 0.7282734 0.3997002 0.3649101
2.028318 0.9036407 0.4841385 0.3848133
1.749557 1.24243 0.4796982 0.3800907
1.862417 0.8642597 0.4028416 0.3198566
1.317413 0.596262 0.2820587 0.2573853
1.93993 1.115574 0.4538937 0.3487129
1.236309 0.6216736 0.3340902 0.2831383
1.238008 0.7488537 0.3644447 0.2843533
2.418543 1.25124 0.4655647 0.3761864
1.424915 0.965601 0.5037193 0.3382435
1.635626 1.202919 0.4267387 0.3069878
2.009392 0.9442139 0.4119987 0.3478165
1.59437 0.7674084 0.3770885 0.3157148
0.5080719 1.86421 0.2940063 -0.3233833
2.027063 1.017187 0.3984032 0.3585968
1.076332 0.4357357 0.2612209 0.1774673
1.519278 0.6610861 0.351285 0.2633734
2.165926 1.202316 0.4543514 0.3367558
1.150906 0.4740562 0.3339863 0.1509266
1.982927 1.273918 0.4901905 0.3667259
1.306204 0.6346684 0.3557453 0.2268677
1.549116 0.8544636 0.4143486 0.2674217
2.011024 1.051315 0.415432 0.3672523
1.497482 0.7582092 0.3666553 0.2433338
1.706772 0.9073658 0.4065742 0.2756176
1.990463 1.323036 0.5315018 0.3887081
1.868414 0.8125534 0.3797112 0.2910366
1.187883 0.7380619 0.4022751 0.2021942
2.118118 1.053688 0.4200802 0.3337555
1.364525 0.7549362 0.3645725 0.303093
2.016539 0.9872322 0.4235134 0.3500595
1.935352 1.113358 0.4278545 0.3337116
1.368994 0.6465321 0.3695183 0.2078781
1.750118 1.060215 0.428009 0.3385811
1.130013 0.3866634 0.2139435 0.208004
1.296705 0.7432365 0.4189243 0.2700129
1.868263 0.9144611 0.3723354 0.3768253
2.004602 1.13776 0.476366 0.3230324
1.693886 0.9115715 0.3813791 0.3206377
1.301023 0.7752285 0.3929291 0.2761726
1.80924 0.9184036 0.4045048 0.3206177
1.14476 0.4849243 0.2493954 0.147438
2.089273 0.977169 0.4612389 0.3241825
1.08593 0.3655415 0.2690248 0.1743841
0.953146 0.4311371 0.2144051 0.1245308
1.051437 0.3732719 0.2000771 0.1400776
1.325981 0.8310204 0.4291782 0.2895508
1.739229 1.01499 0.4779224 0.3527298
1.731247 0.8399754 0.3654308 0.2986851
1.761456 0.9457874 0.3573036 0.3027935
1.741573 0.6755009 0.5631676 0.1191063
1.94879 0.8535557 0.3855553 0.2878647
1.670101 1.053106 0.4860439 0.3179798
1.537844 0.7610626 0.386857 0.3373652
1.847649 0.8695679 0.3884201 0.2719145
1.867599 0.996315 0.4446659 0.3492241
1.184074 0.6117687 0.3945179 0.3111973
1.37125 0.6194458 0.3597975 0.2857752
1.839811 0.7948828 0.3814898 0.3148813
2.122778 1.277788 0.4798832 0.3253193
1.251127 0.4220638 0.2439747 0.06340027
1.906967 1.273241 0.4746819 0.3406467
1.34086 0.5974045 0.3250141 0.2146873
1.704897 0.9090118 0.41119 0.3138714
1.478655 0.8440094 0.4841843 0.3709774
1.848679 0.9200306 0.4127407 0.3233337
1.008789 0.4041519 0.2981348 0.1460543
1.161127 0.7089939 0.3870773 0.2678127
1.142649 0.8122311 0.4002495 0.2866344
2.378145 1.225725 0.4866772 0.3227978
1.717648 0.7396431 0.3450794 0.2303944
1.21521 0.6822777 0.3858719 0.2649879
1.843306 0.8112164 0.4051208 0.2962217
1.676811 1.084389 0.5248795 0.3407059
2.000252 1.083359 0.4273186 0.3574715
1.112513 0.5283737 0.3562222 0.1796875
1.359001 0.8740559 0.4392776 0.319025
1.476908 0.6646996 0.3623791 0.2419815
1.372776 1.125689 0.4759998 0.2978477
1.646433 0.7046204 0.3467827 0.2173252
1.163902 0.4353714 0.2319336 0.1028824
1.195627 0.6719627 0.3792286 0.3098774
1.95734 1.006355 0.3888912 0.3572388
2.035429 1.048082 0.4428997 0.3606825
0.9792919 0.2821598 0.1357021 0.08969879
1.502504 0.6657162 0.3690586 0.2530251
1.678221 1.05006 0.4495106 0.3524513
1.355858 0.9780865 0.4400024 0.2657337
1.812595 0.7610531 0.3344021 0.281374
2.019529 1.157907 0.5027351 0.3536091
1.783707 1.135641 0.5121155 0.3868942
1.007948 0.3710766 0.2536526 0.1938009
1.125856 0.3927441 0.2805796 0.09916687
1.558743 0.8135357 0.4608269 0.3239803
1.940176 1.063499 0.4768696 0.3119335
1.055138 0.6226635 0.3283119 0.08162498
1.817291 0.8426914 0.4329453 0.3090763
1.86689 0.9706135 0.438488 0.3273659
1.149395 0.4854927 0.3357124 0.1561527
1.087933 0.5601196 0.3631668 0.2439804
1.02721 0.3813782 0.2854633 0.1522446
1.007553 0.4224701 0.2673702 0.1929827
1.685135 1.062872 0.4519272 0.2766857
1.266922 0.5884724 0.4246101 0.2312088
1.163706 0.6261501 0.3321476 0.2611561
1.698933 0.7341652 0.3850555 0.3047838
1.396633 0.753788 0.3521767 0.2908974
2.178421 1.23687 0.4899445 0.3482227
1.934105 1.03406 0.4210873 0.3420849
1.525097 0.8999691 0.4174728 0.3067112
1.015108 0.603199 0.35569 0.1596737
2.049765 1.157265 0.4595394 0.3511295
1.205217 0.4282513 0.3182201 0.1826286
0.9817352 0.341692 0.2957535 0.1511555
1.380157 0.7127571 0.3868847 0.2533264
1.476414 0.8214779 0.3822308 0.3070526
1.618416 1.021406 0.4520111 0.3283119
1.219082 0.70117 0.3670731 0.2852192
1.866095 0.968689 0.4095573 0.3371868
1.24382 0.5694923 0.3665562 0.2306919
1.895203 0.9143581 -0.00680542 0.7327824
1.311428 0.8817558 0.4333687 0.3272629
2.354836 1.121687 0.4431248 0.3571014
1.3839 0.7838078 0.3843384 0.2902164
1.401226 0.7427425 0.4205313 0.3230715
1.324886 0.5287457 0.2909031 0.1783905
1.44771 0.8153477 0.4469643 0.2914162
1.392376 0.6177216 0.3306084 0.1934547
1.238997 0.52421 0.3028975 0.2032595
1.177509 0.8070164 0.4176216 0.2408428
1.414993 0.637392 0.3484964 0.2677774
1.377598 0.6077995 0.3490753 0.2255096
1.695084 0.7921219 0.3596573 0.2626333
1.463196 0.7823563 0.4217129 0.2308979
2.054871 1.240311 0.4775963 0.3533878
0.8361225 0.3498669 0.3705597 0.1095562
1.757521 0.9524422 0.421854 0.3422146
1.665041 0.8913536 0.4533024 0.3313484
1.939438 0.8612862 0.3727169 0.2899704
1.432579 0.9364891 0.3998985 0.3244858
2.343708 1.289436 0.4847012 0.3374195
1.85857 0.9071045 0.3919735 0.2964268
1.655521 0.95224 0.4611855 0.3837013
1.070988 0.647747 0.4229412 0.2243671
2.030529 1.422752 0.4596004 0.4061012
1.804409 0.8332691 0.3852158 0.3046198
1.379606 0.7998314 0.3556614 0.2326069
2.234985 0.9672699 0.5141888 0.288065
1.303274 0.7174759 0.429285 0.270113
1.624516 0.7223396 0.3616104 0.1967382
1.160973 0.6260815 0.3784599 0.2286663
0.9796696 0.5731993 0.2082663 0.1488714
1.405483 0.7354469 0.3849277 0.2377262
1.664038 0.8117714 0.4555988 0.3440742
1.663803 0.9282207 0.4179802 0.3336544
1.004589 0.339962 0.209816 0.1312294
1.667503 1.003429 0.5048103 0.3207531
1.706408 1.165319 0.501112 0.2955475
1.318493 0.8465958 0.4709339 0.3109722
0.9880142 0.4206362 0.1995325 0.07262802
1.701799 0.748724 0.3407593 0.4095364
1.131273 0.7355003 0.4059505 0.2408829
1.98988 0.998003 0.4273186 0.3240662
1.966665 0.963522 0.3945713 0.3450737
1.883669 0.8720474 0.410511 0.282774
1.214212 0.4629822 0.2826748 0.1057835
2.11035 1.224848 0.4944553 0.3427963
1.61095 0.8101463 0.4459171 0.2963276
1.209808 0.57897 0.3163719 0.2215195
1.339418 0.5139503 0.2992115 0.1794529
1.459 0.6750422 0.3942032 0.2779064
2.044983 1.189735 0.4688873 0.3231068
1.869143 0.964138 0.3937721 0.3326187
2.112707 1.14472 0.3717403 0.3926048
1.484438 0.7108593 0.405098 0.2603092
2.106953 0.9740467 0.4151611 0.3595867
1.328333 0.7464085 0.4523029 0.2754536
1.805758 0.8348408 0.3660069 0.3098183
1.079031 0.4648952 0.2898064 0.1851692
1.754473 0.7701893 0.3400459 0.2718163
1.703831 0.8823738 0.450942 0.334446
1.811924 1.044764 0.4700394 0.3650322
0.9709415 0.578392 0.3308773 0.05392838
1.499926 0.6555977 0.3199539 0.2146721
1.208981 0.6686687 0.3827839 0.2598648
1.866337 1.356863 0.5212078 0.3419247
1.783371 0.9015408 0.3936996 0.351963
1.880865 0.8392181 0.3569183 0.2974977
1.402618 0.8150005 0.3577709 0.2199459
1.848606 1.104841 0.4524612 0.3454399
1.674658 0.7796993 0.3784142 0.2597332
1.371778 0.6206341 0.3763485 0.1918144
1.309452 0.5345993 0.298254 0.1947632
2.020391 1.092123 0.4248886 0.3530197
1.9312 0.9641476 0.4412842 0.3444366
1.370724 0.5290852 0.3083935 0.1913738
1.221731 0.4795589 0.2908077 0.2307243
2.038712 1.002651 0.4112968 0.3678493
1.016834 0.523098 0.3018322 0.1738186
0.866293 0.1860447 0.1649284 0.1017685
2.229979 1.151182 0.4763985 0.4064369
1.651222 0.9555664 0.4524078 0.3502388
1.067068 0.306242 0.2227669 0.163599
1.519215 0.7938862 0.4302883 0.2849102
1.362314 0.6378345 0.3750563 0.2987356
1.330534 0.7260494 0.3819008 0.2592983
2.053713 1.097857 0.4596043 0.3633575
1.248808 0.6973629 0.3686447 0.2322979
1.786852 1.141874 0.5002365 0.3758087
1.312353 0.647562 0.4010963 0.2539577
2.148151 1.0474 0.42346 0.3572807
1.60981 1.031366 0.4216671 0.3731251
1.843622 0.942049 0.4187984 0.3224964
1.796497 0.9378319 0.4101334 0.3174267
1.926462 1.004282 0.4368134 0.3572235
1.685558 0.8102932 0.3795185 0.2924843
1.479601 0.7467098 0.385067 0.214695
1.634413 0.7883835 0.4034386 0.2489872
0.8594475 0.2832317 0.2366047 -0.1275368
1.572994 0.8156166 0.349329 0.2530575
1.741652 0.8326721 0.3520336 0.2783566
1.93894 0.9501572 0.3964033 0.3344011
1.121138 0.3458643 0.2240534 0.1853819
1.7833 0.8722725 0.4242878 0.3048592
1.444824 0.6895752 0.3702984 0.2107773
1.236151 0.5914116 0.3594522 0.236331
2.044872 1.080502 0.4355011 0.36553
1.839476 1.097609 0.4506149 0.4198303
1.68236 0.8505669 0.3802433 0.2614813
1.850592 0.9257126 0.4273605 0.338563
1.227541 0.7277451 0.3790188 0.268137
1.778774 1.090868 0.4645557 0.3088551
1.358767 0.6731682 0.4069862 0.2321119
1.273884 0.6156216 0.3939972 0.2426128
1.320385 0.5856323 0.379137 0.2703228
1.721481 0.9496536 0.4973907 0.3473492
1.242817 0.5078764 0.2927799 0.217926
1.599277 0.9037666 0.4352589 0.337122
1.692251 0.8607368 0.3942146 0.2945757
1.719112 0.9609814 0.4364738 0.3547897
1.215834 0.576746 0.3554611 0.1966171
1.914394 1.040525 0.4524555 0.3165379
1.548632 0.6854362 0.345602 0.2996387
1.227776 0.9644089 0.4646931 0.2667885
1.868849 0.684248 0.4551668 0.3977289
1.25437 0.7072124 0.3960075 0.2173328
1.021633 0.3978996 0.2692623 0.1206112
1.511681 0.6395073 0.3407154 0.2504463
1.295591 0.5180283 0.2402306 0.3536854
1.208463 0.4406767 0.2268791 0.1546726
2.037949 0.9953842 0.4286327 0.3436375
2.232361 1.32555 0.4922962 0.3224182
0.9245548 0.3483105 0.2914486 0.0860939
1.6488 1.170401 0.5155029 0.3457336
1.215082 0.4477615 0.2705135 0.1549606
1.345879 0.6367092 0.4052544 0.1736565
1.139668 0.558548 0.3048382 0.1966286
1.222763 0.6467419 0.3667164 0.3054008
1.130209 0.4917336 0.305891 0.1522617
1.505329 0.6367779 0.3133793 0.2497711
0.9511356 0.307291 0.2184143 0.05202866
1.425922 0.5762215 0.3190727 0.1798439
1.34041 0.541008 0.2947407 0.1999416
1.75226 0.8611221 0.3922272 0.3225307
1.148485 0.4005547 0.2278194 0.1406717
1.409246 0.6575012 0.388279 0.2198238
0.9970894 0.2717972 0.2386589 0.07878113
1.869617 1.165352 0.3646145 0.306118
1.237631 0.6675549 0.4031162 0.2617569
1.882805 1.171789 0.4449883 0.2689018
1.817623 0.8876743 0.3963203 0.3357916
1.944777 0.9138222 0.3983879 0.3067598
1.949476 1.00584 0.4079838 0.3351526
1.797241 1.203497 0.4651909 0.3198051
1.92898 0.9768696 0.4115562 0.3286858
1.893404 0.8607502 0.3574352 0.2945862
1.769333 1.168184 0.4683418 0.3159561
1.343584 0.7188625 0.4339828 0.3311386
1.482985 0.7325878 0.3792076 0.3386688
1.616823 1.241049 0.3784943 0.5796185
1.767815 0.8580742 0.3820381 0.3596802
1.182343 0.6143742 0.3475494 0.2357464
2.021425 1.219883 0.4707718 0.422102
1.179346 0.4523048 0.3291168 0.1601772
1.853132 0.8864403 0.5270367 0.29212
2.074991 1.052425 0.4927731 0.3867569
1.644829 0.8225784 0.4434748 0.3015356
2.274439 1.221924 0.4465714 0.3591557
1.882313 1.009848 0.4421234 0.3499355
1.048347 0.4307804 0.3454266 0.1352596
0.8819923 0.2748547 0.364994 0.1329918
1.53573 0.8623142 0.3562508 0.3785391
1.232943 0.4393463 0.2476063 0.1845951
1.998842 1.112473 0.5074139 0.4171352
1.819672 1.148972 0.5154648 0.3598824
1.731157 0.8789577 0.4200001 0.3382568
1.395269 0.630209 0.3714275 0.2938862
1.476473 0.9324322 0.4198132 0.307538
1.454906 0.7556992 0.3763847 0.2893391
1.561232 1.107119 0.4707718 0.3077583
1.268589 0.4082489 0.2928829 0.07407761
1.687571 0.8806915 0.4417572 0.3522606
1.593489 0.7465992 0.4184551 0.300272
1.415178 0.8625145 0.473484 0.2994709
1.367558 0.6660671 0.3659286 0.2811546
1.930126 1.033564 0.4112244 0.359724
1.168409 0.4385948 0.2800636 0.1323395
1.450233 0.702404 0.4147434 0.3203831
1.990959 1.33676 0.4836731 0.3432083
1.83449 0.9289856 0.4285049 0.3330135
1.180529 0.7130585 0.3897629 0.216074
1.180071 0.4359989 0.3250027 0.08481026
1.316389 0.8951492 0.4649067 0.2845097
1.100525 0.3667793 0.2633514 0.1038456
1.671894 0.7435894 0.355772 0.2506714
1.820822 0.7658482 0.4043102 0.2561474
0.9688301 0.2356796 0.1733589 0.04448128
1.209673 0.6291409 0.4162426 0.1761436
1.40831 0.7500553 0.4229088 0.3005028
1.746649 0.8236637 0.3834419 0.255352
2.093775 1.16831 0.4639568 0.3320084
1.534937 0.9752502 0.490963 0.3897781
0.9195633 0.2631092 0.2112083 0.07714653
1.648338 1.079105 0.4443951 0.2893887
1.313391 0.6429195 0.2959576 0.2299881
1.125172 0.5179644 0.2880077 0.1571627
1.883303 0.9381905 0.400425 0.3729057
1.773407 0.893362 0.4639931 0.3091583
1.504007 0.702589 0.3476982 0.2573071
1.17354 0.7462273 0.3513088 0.2469254
1.716261 0.8568821 0.3660431 0.2988682
1.568651 0.748311 0.3610859 0.3076725
1.2941 0.9271622 0.5836315 0.3410301
2.195005 1.297455 0.4804115 0.3413792
1.249306 0.9015598 0.4029255 0.3251419
1.145983 0.4608946 0.2777367 0.1825123
1.718014 1.180813 0.4306355 0.3004627
1.296614 0.4686241 0.228241 0.1834068
1.775236 1.0536 0.4357185 0.346035
2.010288 0.9798622 0.4077034 0.3293972
0.8152084 0.3309879 0.2408733 0.1459713
1.788191 0.829977 0.3722773 0.3195724
1.718861 0.9118538 0.390461 0.3276272
1.337576 0.5939293 0.3286476 0.2480373
1.119545 1.0933 0.498436 0.2187634
2.011265 1.014168 0.4206352 0.3089333
1.958748 0.9656887 0.4468403 0.2941885
1.775595 0.8022308 0.3547935 0.2511005
1.097296 0.5078449 0.3162231 0.1212215
1.79534 1.018419 0.4105415 0.3299408
1.281487 0.5765934 0.341301 0.1297722
1.806898 1.089266 0.4850063 0.3333073
1.601547 1.231819 0.4794006 0.3950748
1.858921 0.9167328 0.4202957 0.3451748
1.101427 0.601017 0.3600292 0.2195683
1.291861 0.8376389 0.4036617 0.2327976
1.313828 0.6181507 0.3798599 0.2320614
1.016188 0.3655968 0.1955986 0.1890173
2.213926 1.254492 0.4548035 0.3476582
1.432631 0.7262039 0.4222336 0.2884235
1.719942 0.8603573 0.3600998 0.282383
1.941399 1.149229 0.4456749 0.3874836
1.824488 0.7639236 0.375061 0.2796154
1.697527 1.003347 0.3982182 0.33391
1.729607 0.9390068 0.3927422 0.3240852
1.699974 0.8119221 0.358469 0.2790184
1.650923 1.007256 0.4950829 0.338068
1.44875 0.6559486 0.3189259 0.2595224
1.055817 0.551733 0.312418 0.1770077
1.729746 1.047573 0.4244461 0.3172874
1.341778 0.5468388 0.3971596 0.2397413
1.607622 0.746624 0.3742161 0.2961006
1.078476 0.5645561 0.3747616 0.1671381
1.673092 0.9349937 0.4891739 0.358675
1.826105 1.071316 0.4363976 0.3514156
2.184702 1.2917 0.4799652 0.3945351
1.900581 1.117233 0.4911633 0.336422
1.275692 0.7944031 0.3686314 0.2231655
1.763012 0.832428 0.3743496 0.2938919
1.374613 0.9291248 0.4258957 0.2903481
1.992353 0.9300938 0.4339104 0.3369656
1.363804 0.9160728 -0.5492725 1.247976
2.120203 1.192081 0.4196033 0.3139362
1.800039 1.186762 0.4772053 0.3633518
1.212 0.491684 0.3427925 0.08784103
1.795124 0.8955441 0.4309349 0.3452511
1.485943 0.6373177 0.3380661 0.2406178
1.592083 0.706687 0.3780155 0.2869835
1.893982 0.9603653 0.412962 0.353878
1.546545 0.8207493 0.4048615 0.3021622
1.850782 0.9176865 0.4160862 0.3505154
1.574295 0.7543106 0.382082 0.2742538
1.51082 0.8610229 0.4492741 0.3325977
2.134735 1.01601 0.4115963 0.3004284
1.320164 0.7168407 0.4196644 0.26301
1.155437 0.4315186 0.2916622 0.1534519
1.589104 1.152121 0.3866215 0.3229694
1.017851 0.6012058 0.3075924 0.1463623
1.548967 0.806673 0.4163303 0.2806358
1.957653 1.181131 0.4826164 0.3811264
1.453983 0.5999441 0.3258505 0.2359934
1.1861 0.4547825 0.311779 0.1808758
1.847313 0.8245564 0.3621006 0.2307529
2.053373 1.232506 0.4549885 0.3830929
1.646002 1.203796 0.4416313 0.3955841
1.277258 0.3481159 0.1960564 0.0330925
1.810331 1.052095 0.3939018 0.3479271
1.763481 1.271137 0.4784241 0.3546047
1.910818 0.9110851 0.382267 0.3045273
1.901197 0.8580742 0.3764648 0.3060322
2.049082 1.051502 0.4201622 0.3598862
1.479025 0.686861 0.3913345 0.2769346
1.941206 0.9000187 0.4130726 0.3273048
1.710669 0.7582054 0.3660469 0.2764788
2.047571 1.349403 0.4866199 0.3631287
1.561384 1.102463 0.4355297 0.4154396
1.943722 1.180069 0.4760437 0.3484344
1.811159 0.8955879 0.204895 0.6259375
1.085752 0.3795242 0.2528954 0.1433945
1.795776 0.9838638 0.4193497 0.3371925
1.180075 0.668848 0.3985081 0.2519665
1.49507 1.088005 0.4648819 0.2967205
1.256966 0.5984344 0.3490963 0.2203007
2.057646 0.9809742 0.3840294 0.3418827
1.398638 0.8337631 0.445034 0.3560429
1.69841 0.8032951 0.4606438 0.3923559
1.119598 0.4421425 0.2805195 0.1419277
0.8746262 0.3506069 0.3185196 0.02396965
1.810457 0.7971096 0.3869982 0.2754946
2.159727 1.356098 0.4661903 0.3767052
1.585394 0.9209232 0.4148903 0.2771502
0.946291 0.7015133 0.4076099 0.2611141
1.98555 1.039322 0.477869 0.3374424
1.887289 0.9184418 0.3879566 0.353528
1.745613 0.8676338 0.3568668 0.3034191
0.9921608 0.4323883 0.2140617 0.131424
1.812071 1.314768 0.5218601 0.3237
1.801367 1.057646 0.5071716 0.3933849
1.463968 0.679245 0.3390541 0.1093082
1.824837 0.9193192 0.4312801 0.3456573
2.10746 0.688612 0.2949753 0.1838856
1.220695 0.4793348 0.2653885 0.1444807
1.801693 1.007334 0.4895077 0.4231949
1.353504 0.7849407 0.4357529 0.2471495
1.435781 0.7734737 0.3995228 0.2904472
1.117985 0.6268578 0.3762913 0.2128983
2.072708 1.421076 0.4373322 0.3861961
2.049088 1.123173 0.4867477 0.410881
1.484249 0.839304 0.4647141 0.3133526
1.005795 0.3595867 0.1865406 0.1284199
0.9475842 0.5225468 0.4325714 0.1537609
1.818621 1.211445 0.5302467 0.3224888
1.400446 0.6122818 0.342514 0.2515736
1.589842 0.8812828 0.3989925 0.3473454
1.289549 0.6475201 0.3704052 0.2172375
1.084467 0.5245934 0.3899345 0.1977444
1.520586 0.9544315 0.4061489 0.3029079
1.459101 0.7561131 0.4172602 0.3232098
1.160435 0.548727 0.3483334 0.219243
1.704294 1.021526 0.4529629 0.3070889
1.731667 1.138321 0.4492092 0.3197346
1.727942 0.8940372 0.3693542 0.307991
1.027822 0.3384342 0.2103367 0.1870861
1.868456 0.9999657 0.3853645 0.3302269
1.171198 0.8066101 0.4119701 0.2842941
1.48488 0.7721157 0.4100323 0.3018818
0.9364395 0.3020515 0.3832798 0.03557014
1.494171 0.9387913 0.4510326 0.3038692
1.634256 0.8710232 0.4255695 0.2611847
1.183584 0.5570621 0.2767925 0.3307972
1.298822 0.4541245 0.2728329 0.1443272
1.927515 0.9262371 0.389328 0.324173
1.199108 0.6663666 0.403141 0.233017
2.231056 1.273296 0.4841042 0.3218307
1.290905 0.5208035 0.3250961 0.2169399
1.550255 0.8139534 0.3871918 0.3029528
1.827356 0.8509254 0.4081287 0.2983246
0.8611069 0.3484287 0.2518139 0.2317753
1.701363 0.7927876 0.3827324 0.2612591
1.503235 0.7299023 0.3772717 0.2897663
1.185209 0.3978043 0.2684917 0.1578083
1.269241 0.5982838 0.3745632 0.2233028
1.407385 0.6516628 0.3633051 0.2370872
1.306732 0.668478 0.4071484 0.3478756
1.036617 0.4693413 0.2725601 0.1956196
1.889193 0.9318829 0.3867073 0.284668
1.834063 1.243429 0.445631 0.3445435
1.28586 0.6156902 0.3758736 0.2081909
1.776367 0.8870487 0.4210014 0.299408
2.238655 1.163591 0.4887104 0.3221302
1.439829 0.8790417 0.3860626 0.3068943
1.853636 1.009129 0.4281712 0.3390474
1.288471 0.9138641 0.4774437 0.304987
1.94804 0.9729748 0.4123268 0.3638859
0.9273357 0.3642254 0.1596336 0.1404457
1.880877 1.122105 0.449297 0.3170757
1.828405 0.8239574 0.4023838 0.1886005
1.138086 0.8319397 0.4397488 0.2465801
1.293457 0.6163483 0.3490734 0.2434082
1.839705 0.9412689 0.4731865 0.3429661
1.538816 0.7811317 0.5250416 0.3224545
1.742325 0.921154 0.4081917 0.3243952
1.462099 0.9835148 0.4839306 0.2999153
1.352451 0.6223793 0.3105049 0.2100067
1.557545 0.7290134 0.3414726 0.2488499
1.465616 0.8270035 0.4159851 0.2826824
1.719477 0.8444118 0.3848553 0.2919312
1.402475 0.7096357 0.400281 0.2714329
1.874004 1.267357 0.4868126 0.3296986
1.648691 0.8397655 0.3692112 0.28722
1.2558 0.5141029 0.3041763 0.1977425
1.895069 0.8201694 0.4050655 0.2941742
1.530674 0.7632751 0.3635406 0.2969055
1.264853 0.7038116 0.3732834 0.2441521
1.169458 0.3780746 0.256382 0.144165
1.804596 1.105774 0.4886398 0.3191071
1.042986 0.6502819 0.3844471 0.2327404
1.679956 0.7476311 0.3844166 0.309576
1.02216 0.4610043 0.2706375 0.1801624
1.202084 0.3937035 0.217144 0.1859646
1.579081 0.7655716 0.4318466 0.3225555
1.955217 1.073824 0.4750099 0.3355064
1.613922 0.9726105 0.44417 0.3009567
1.922148 1.165009 0.4204903 0.2456779
1.216013 0.6759167 0.3649368 0.243372
1.144403 0.6631489 0.3272438 0.1896286
1.918852 1.09094 0.4189053 0.360178
1.541964 1.082106 0.4291916 0.3313274
1.246569 0.4105778 0.2006664 0.08154488
1.159166 0.6737518 0.3623524 0.2491436
1.486301 0.9551601 0.4506702 0.2817841
1.587219 0.7493191 0.3897057 0.3267488
2.026133 1.181334 0.4653893 0.334631
1.195961 0.5069485 0.3122826 0.1644478
1.392279 0.8652821 0.4273949 0.3108463
0.9635601 0.3301716 0.2274075 0.1185684
1.907927 1.084673 0.4562302 0.3179321
1.809242 1.171835 0.4701519 0.3389664
1.94219 0.8572197 0.4060316 0.3362026
1.787703 1.183784 0.5386925 0.3657837
1.757208 0.9109707 0.4358921 0.3309155
1.208878 0.4633713 0.3065987 0.215765
1.196205 0.8942032 0.4273777 0.3020515
2.109219 1.104658 0.4290714 0.2921333
1.904198 0.9028606 0.4379692 0.2993488
1.769625 0.9854355 0.4251366 0.2661972
1.785742 1.242172 0.4718838 0.3631554
1.103252 0.4174671 0.2824764 0.1739941
2.055002 1.027264 0.4429264 0.3654842
3.44101 0.7145214 0.2161903 -0.3376312
1.331106 0.6108131 0.3145027 0.1868935
1.221254 0.6656189 0.3834782 0.2201805
1.197956 0.649683 0.3319645 0.1486511
2.014977 1.052727 0.4276104 0.3668423
1.571098 0.686079 0.3591557 0.1907272
1.77669 0.9598026 0.3787804 0.3430138
1.789743 1.006569 0.4739304 0.3382092
1.629757 0.9100742 0.4857464 0.3589888
1.584843 0.9028778 0.463007 0.3243351
1.814629 0.9415207 0.3920631 0.3462963
1.688959 0.7712994 0.3454351 0.2835655
1.076824 0.4514198 0.2601852 0.127573
0.8463669 0.3417683 0.1589622 0.150053
1.517733 0.7339172 0.3924713 0.2318554
2.001198 1.373207 0.5157928 0.3880672
1.211916 0.5618153 0.3748989 0.2960968
1.040283 0.3306408 0.2635098 0.07373047
2.039433 0.9502144 0.4388676 0.304184
1.45034 0.7526016 0.3798656 0.2083511
1.017115 0.559679 0.3207531 0.2445946
1.849543 0.9236946 0.4986553 0.3905907
1.042702 0.3601742 0.1936207 0.1918888
1.105701 0.438139 0.2649574 0.1848574
1.706661 1.05409 0.5385208 0.3770046
1.897203 1.252735 0.4688244 0.3673897
1.14328 0.8487816 0.4485378 0.2564201
1.758331 0.7197914 0.3643951 0.2755451
0.9997635 0.1945133 0.08411598 0.1811028
1.39287 0.6343355 0.3093243 0.2540503
1.143921 0.6116982 0.3477669 0.2190914
1.923985 1.041456 0.467947 0.3566017
1.743641 1.1278 0.4730892 0.3120918
1.478643 0.8246555 0.4265156 0.2518883
1.193024 0.4793682 0.2986717 0.1885109
2.124044 1.319044 0.4774723 0.2285824
2.009048 0.9714813 0.4372654 0.3383236
1.378569 0.7370796 0.4275856 0.2201786
1.706261 0.8725777 0.3844967 0.3058529
1.239935 0.5806999 0.247797 0.2492313
1.122995 0.297224 0.1279583 -0.0785408
1.705364 0.9210033 0.4921398 0.4280901
1.886909 0.9973755 0.3962631 0.4925652
1.223921 0.5946064 0.3619747 0.2036114
1.156239 0.5507298 0.292469 0.006448746
1.086266 0.5497189 0.3568401 0.155674
1.909721 0.8546982 0.4390602 0.2929077
1.498131 0.6946392 0.3938847 0.3070679
1.224413 0.7008228 0.3654613 0.1832027
1.170431 0.5879898 0.4075909 0.1809769
1.343909 0.5254984 0.3542738 0.1253853
1.655014 0.8878155 0.5057554 0.3698673
1.638933 0.971283 0.4339581 0.3251228
1.870239 0.9909668 0.4081573 0.3562317
1.462702 0.7165527 0.3723278 0.2978573
1.060881 0.3453922 0.2132664 0.07099724
0.8761005 0.2604561 0.1840305 0.0972538
2.092764 1.078304 0.4354839 0.3094463
1.446371 0.7261333 0.3481808 0.2718258
1.234375 0.6179256 0.3580666 0.1231899
1.307989 0.6015091 0.3217583 0.2325897
1.704147 0.8230686 0.5032787 0.3216534
1.356796 0.7609501 0.4135227 0.2790308
1.909216 1.119816 0.4765797 0.3243046
1.894348 0.9487724 0.4142914 0.3011417
1.839298 0.8936424 0.4366512 0.3455544
1.837669 0.8542395 0.40415 0.2953215
2.01173 1.127979 0.4558029 0.3740959
0.8039093 0.2022991 0.1214676 0.1279297
1.786541 0.8285599 0.4113026 0.2857304
1.90444 1.026909 0.4387798 0.3415298
1.876375 0.9170437 0.413332 0.3286781
1.634851 0.7845516 0.3751297 0.2685509
1.62742 0.8350697 0.3999348 0.2787113
1.913065 0.9359245 0.4326458 0.3356953
1.184357 0.4746704 0.3108997 0.09261131
1.195448 0.8586597 0.4113598 0.2941074
1.640617 0.8230629 0.4231358 0.2294807
0.9429779 0.3973637 0.3385105 0.0859108
1.540443 0.857296 0.4729042 0.3875542
1.893799 0.9842281 0.5220051 0.4155006
1.921947 0.9887257 0.544241 0.4253082
1.856977 1.279682 0.4831715 0.3554382
1.452505 0.3061886 0.3114376 0.2421837
1.056465 0.5266266 0.3870049 0.1736107
2.03141 0.9598045 0.4417591 0.3077869
1.78907 0.8611279 0.3682117 0.2990761
1.223881 0.8222599 0.4615955 0.2921734
1.845072 1.217293 0.4629192 0.2991562
1.727671 1.177441 0.4477558 0.3354969
1.300016 0.7270737 0.4296131 0.322094
2.232412 1.356012 0.5031261 0.2760105
1.332258 0.7361355 0.4086056 0.2870808
1.684742 0.9336319 0.5069637 0.3214245
1.305815 0.8219738 0.4048347 0.2484035
1.250404 0.6908779 0.3693733 0.2436409
1.245348 0.7460861 0.3976212 0.1880436
1.839876 1.124416 0.4913425 0.3441429
1.581861 0.8024445 0.425396 0.2808952
1.767479 1.161871 0.4461327 0.3656216
1.338844 0.6529064 0.3766136 0.1983318
1.995024 1.025436 0.4181423 0.3496895
1.191975 0.4395132 0.3038864 0.02651596
1.128012 0.4952335 0.2937679 0.1997719
1.933689 1.057783 0.4673328 0.3106461
1.899317 1.077387 0.4401855 0.3244324
1.772215 0.896225 0.396986 0.3210068
1.722219 0.7812939 0.3607502 0.2913036
1.467058 0.9255295 0.4134254 0.336483
1.590921 1.184927 0.4751282 0.3441143
1.752991 0.8901157 0.4090309 0.3258362
0.9977016 0.3745918 0.2098408 0.2310333
0.8836336 0.4544373 0.2409515 0.2018919
1.803879 0.8050461 0.3414059 0.2610664
1.775667 0.7169132 0.3342419 0.2266674
1.561285 0.6915588 0.3108387 0.139864
1.587669 0.8961945 0.4196339 0.316411
1.757868 0.9217453 0.4971371 0.2911186
1.91856 0.8836613 0.3920898 0.3364239
1.758142 1.197584 0.4635983 0.3297253
1.475246 1.285774 0.4807739 0.3619423
1.450136 0.7145176 0.4229317 0.2963657
1.465557 0.6176319 0.3394718 0.2634335
1.190578 0.5004826 0.3561134 0.2077961
1.798265 0.8065834 0.3891258 0.2629108
1.21958 0.4334126 0.2969837 0.1756229
1.325441 0.9784012 0.4839287 0.3040123
1.600124 0.9485226 0.4524097 0.3456593
1.621881 0.8854103 0.4378242 0.3398685
1.2027 0.7438717 0.4151249 0.2262325
1.193878 0.4977379 0.3315811 0.2252178
1.174202 0.5919437 0.3663502 0.2597599
1.072149 0.4305763 0.3787136 0.09022141
1.785248 0.9050465 0.367239 0.3188057
1.9228 1.050556 0.4241753 0.3631554
1.892647 0.8616505 0.4054308 0.3562708
1.393585 0.7710686 0.4438934 0.2928352
1.901567 1.068975 0.4101753 0.3583336
1.260897 0.7545586 0.3963223 0.2744713
1.562122 0.8376236 0.4395237 0.2831497
2.011913 1.015253 0.4827652 0.3469048
1.664459 0.8196182 0.454195 0.2773743
1.217989 0.6720715 0.3584747 0.2384224
1.727314 0.9548206 0.4116364 0.3435936
1.867155 0.9062881 0.4097996 0.3276615
1.223738 0.3599129 0.2606544 0.1448059
1.862457 1.167377 0.4456558 0.317234
1.827591 0.8985863 0.3928871 0.3503017
1.210644 0.4708071 0.2347832 0.107049
1.804125 1.091536 0.4635677 0.3725243
1.925482 0.9425411 0.4384155 0.3367386
2.056925 0.9456329 0.4088955 0.2936592
1.685934 0.7558537 0.3169842 0.2476254
1.341743 0.6555271 0.358429 0.2468472
1.906403 0.9557095 0.4019909 0.2993946
2.031227 1.218472 0.4745922 0.2976608
2.245562 1.15332 0.4818192 0.3341103
1.857397 0.9087143 0.3878403 0.3390408
1.96847 1.039804 0.4913731 0.339283
1.028231 0.4417934 0.3109474 0.1691742
1.213179 0.3062592 0.2441673 0.05082893
1.036087 0.297905 0.2182922 0.1227703
1.355459 0.5774994 0.2416744 0.1892624
1.049324 0.4383354 0.2930412 0.101799
1.10729 0.4104815 0.2267351 0.1750698
1.924393 0.9858818 0.4265156 0.2824116
1.289106 0.6491261 0.3975849 0.2827454
1.778437 0.8380756 0.4060879 0.3190517
1.258007 0.5402699 0.2926636 0.2494659
1.711348 0.9809513 0.3831844 0.3297367
1.787128 1.166616 0.4145145 0.375164
2.030313 0.9921932 0.4199982 0.3349342
1.179565 0.6359386 0.3502007 0.2511539
1.569633 0.931633 0.3748131 0.5256329
1.836647 1.001947 0.4320126 0.3519669
2.004726 1.034349 0.4963341 0.41366
1.460358 0.8433437 0.4300957 0.3321209
1.201872 0.684391 0.3188152 0.2378445
1.597857 0.901926 0.5139484 0.3564224
1.302446 0.5688667 0.3676949 0.2796412
1.347349 0.7603264 0.3807545 0.3073673
1.847181 0.9964027 0.4128284 0.3331032
1.178782 0.5167332 0.2137337 0.1841602
2.465122 1.313065 0.474493 0.3456936
2.523727 1.202303 0.157362 0.2333412
1.221781 0.7578964 0.4002304 0.3003063
1.85705 1.170662 0.5159302 0.281065
1.900078 0.9991779 0.4754753 0.3502789
1.557467 0.8748417 0.3806801 0.2953568
1.449913 0.9691334 0.5283012 0.3409214
1.807699 0.8993587 0.3916502 0.2970448
2.085707 0.9598961 0.4133739 0.3070107
1.306086 0.625967 0.3986149 0.2190886
2.070051 0.6444016 0.2337475 0.1504955
1.953451 0.9240665 0.4240665 0.3281422
1.807301 0.8347816 0.3597965 0.3030796
1.253 0.5342636 0.2898884 0.2667084
1.569229 0.7128716 0.4007797 0.3044367
1.247786 0.5967388 0.3546085 0.1870975
1.189434 0.8190556 0.3733025 0.2974682
1.101156 0.3890305 0.2955856 0.1464176
1.688305 0.8391628 0.4944172 0.2456455
1.092115 0.4778728 0.353838 0.2205973
1.77594 0.9464245 0.4158173 0.3226223
1.347342 0.8955021 0.4207954 0.02261925
1.635204 0.9419994 0.4318447 0.3437214
1.226009 0.5676708 0.326746 0.2423916
2.156984 0.95611 0.4451828 0.2918358
0.9520702 0.3189163 0.2970448 0.03653526
1.7234 0.9367847 0.3175583 0.4413414
1.677334 0.7829533 0.3579197 0.2988834
2.059488 1.044813 0.4344673 0.346529
1.063951 0.5627575 0.3448105 0.2136307
2.001226 1.32185 0.4686222 0.3432693
2.288158 1.1705 0.343729 0.4764891
1.651087 0.7962017 0.396944 0.3010683
1.93165 0.8365803 0.3642025 0.3055935
1.094513 0.6668568 0.309063 0.2918415
0.866457 0.3735065 0.354475 0.04577065
1.53554 0.8567066 0.4166183 0.2994385
1.735001 0.8623638 0.4817314 0.3777056
0.9064617 0.4037533 0.2909451 0.2248516
1.805981 0.9295578 0.4119453 0.379425
1.830151 0.8769035 0.4266148 0.3890171
1.614525 0.615406 0.4649649 0.2822943
1.621771 0.8260937 0.418272 0.2719479
1.319283 0.5268536 0.2843494 0.2025928
1.943344 0.8289413 0.3876343 0.300745
2.143259 1.131771 0.4505005 0.3690968
1.715231 0.8930912 0.5067158 0.3690424
1.820597 1.00708 0.4431973 0.3375587
1.820761 0.9026871 0.4391956 0.317749
1.824818 1.317575 0.5028591 0.3302994
1.933176 0.8848133 0.4239693 0.2931843
1.85021 0.8706093 0.3742523 0.2748394
1.853764 0.9528828 0.3789215 0.3042374
1.570578 0.8191547 0.4884071 0.3127937
1.775427 0.8085976 0.4236641 0.2897596
1.66523 0.7550392 0.3908291 0.2805347
1.259254 0.6013947 0.3429279 0.1681032
1.827206 0.8919525 0.4062023 0.3315563
1.858263 0.9688168 0.4301138 0.3306465
0.9541912 0.4763699 0.2558613 0.1288376
1.913527 0.9801178 0.4247837 0.2891998
1.971594 0.8683586 0.3861046 0.3205948
1.75337 1.241833 0.4964085 0.2766399
0.9378834 0.2930717 0.2645588 0.1189575
1.681807 0.7043629 0.4139271 0.3281479
1.299257 0.6153221 0.3620195 0.264863
2.06266 1.025082 0.484354 0.3747349
1.995203 1.055515 0.4690037 0.3814068
1.732241 0.9556942 0.3721485 0.3800373
1.817192 1.079859 0.4684238 0.3494511
2.016964 0.9723206 0.4120903 0.46068
1.673563 0.8235035 0.3815632 0.3624334
2.022844 1.139025 0.4264507 0.3566265
1.820118 0.8852005 0.4408188 0.2936897
1.09444 0.4263535 0.2388611 0.0555687
1.539827 0.8313808 0.3919945 0.3123455
0.9517593 0.3182602 0.2189198 0.06590271
1.869686 1.099335 0.4429321 0.3677864
1.326599 0.7102051 0.360733 0.2336292
1.248951 0.4981861 0.2694035 0.236311
1.800888 0.8190832 0.4001312 0.2942915
1.580599 0.6318874 0.3090782 0.1913967
1.356377 0.6173668 0.3989716 0.2968731
1.317078 0.7877922 0.3857555 0.2773609
1.386295 0.8187752 0.4513016 0.2884674
2.260305 1.108091 0.4937553 0.3159027
1.861214 0.8738098 0.410244 0.3097715
1.945921 1.010096 0.4071827 0.3061829
1.295439 0.6264172 0.3295822 0.2316952
1.685335 0.8553143 0.4029551 0.2540627
1.23554 0.5727177 0.384819 0.2672272
0.9700089 0.3419418 0.2603836 0.1461086
3.080332 1.008909 0.3962669 0.3465767
1.308533 0.66049 0.4143715 0.2712555
1.271656 0.5948658 0.3266888 0.2247772
1.985081 0.962635 0.4725018 0.3696022
1.456412 0.525053 0.3195925 0.2807093
1.452244 0.9425011 0.5227718 0.2244244
1.468758 0.872921 -0.3429289 0.3518009
1.406706 0.5346222 0.307476 0.2186394
1.245422 0.6196327 0.3171902 0.1999722
0.7324581 0.3823967 0.3031387 0.08555984
1.254324 0.6610546 0.3731441 0.2308025
1.464764 1.031605 0.5963688 0.2675724
1.768383 0.9597664 0.4113388 0.3405247
1.973507 0.9104977 0.4321098 0.3448372
1.57699 0.8101673 0.4096508 0.3146286
1.361275 0.7618256 0.4274521 0.2919941
1.957165 0.8964462 0.4020672 0.3052731
1.093647 0.4638004 0.3127613 0.1561337
1.973133 0.9223766 0.4457684 0.3610306
1.675955 0.7976303 0.3441525 0.2730331
1.261742 0.6511097 0.3860092 0.2643566
1.033966 0.2762451 0.2309208 0.0396595
1.66016 0.8198318 0.3644905 0.2629938
1.015923 0.4559135 0.2842522 0.1498165
1.741602 1.139683 0.4579563 0.3873501
1.82456 0.7707691 0.3611107 0.2913685
1.751734 0.8940697 0.4674091 0.383913
2.001619 0.9477825 0.4275665 0.3766956
1.426968 0.7931938 0.4286385 0.3385983
1.784443 0.8779449 0.4386749 0.3130054
1.974909 1.111855 0.4613991 0.2973881
1.686613 0.9234638 0.3982153 0.1800928
2.726042 1.240255 0.424324 0.2707272
1.158577 0.4744968 0.2732468 0.1608391
1.74659 0.8617115 0.3780556 0.2978153
1.481876 0.8340206 0.3696518 0.2851963
1.831951 1.135187 0.4544125 0.3490849
1.189632 0.4875679 0.2795658 0.1988001
1.103661 0.5834446 0.2797871 0.200798
1.304197 0.463131 0.304348 0.2073669
1.768333 0.8915577 0.4550877 0.3266106
1.628941 0.7480106 0.3841553 0.2776566
1.52681 0.719059 0.3767004 0.3299351
1.816181 0.9047451 0.4272366 0.3235636
1.314112 0.4427567 0.2614784 0.1616936
1.552828 0.7832069 0.440176 0.2463589
1.32489 0.8778648 0.4712162 0.3296528
1.299736 0.5786171 0.3976974 0.2112961
1.165733 0.4385223 0.2338524 0.2167301
1.84276 0.8243122 0.3765049 0.2702579
1.92585 1.299885 0.4646263 0.3223972
1.453999 0.9360828 0.4386768 0.2816658
1.638378 0.9614849 0.4486561 0.3406868
1.149736 0.6108227 0.3473263 0.2004881
2.018726 1.029333 0.4553051 0.2852039
1.479242 0.7309942 0.4023218 0.2571878
2.085814 1.143988 0.4276295 0.3737583
1.897078 0.8591232 0.4153023 0.3027363
1.273478 0.5699539 0.2666054 -0.04389763
1.752403 0.7692204 0.3212547 0.368927
1.165894 0.253418 0.2092266 0.1319141
1.23036 0.5706863 0.3418312 0.2825251
1.76465 1.004766 0.433567 0.367588
1.280838 0.6032505 0.3822136 0.2691803
0.5800571 0.1988716 0.1800842 0.03317451
1.143518 0.4822693 0.3516636 0.2012615
1.944403 0.9887352 0.4716663 0.3666611
1.913858 0.9715729 0.3778324 0.348772
1.813646 0.8603497 0.3906975 0.335
1.146112 0.4417801 0.2603474 0.1329136
1.902096 0.9975872 0.4196529 0.3894901
1.190752 0.586195 0.3402996 0.1993504
2.043362 1.242117 0.4791794 0.3713055
1.156385 0.6802559 0.3995972 0.3041134
1.333931 0.6016474 0.3358393 0.2124195
1.907312 1.210817 0.2821865 0.547863
1.449884 1.004498 0.4453564 0.29179
1.251287 0.5900192 0.3177261 0.1610813
1.719488 0.8271847 0.3850689 0.271616
1.837595 1.154648 0.4331264 0.3287334
0.9783611 0.4499664 0.2899227 0.1407051
1.645432 0.7717953 0.3586121 0.302496
1.452135 0.8980293 0.4168987 0.3115387
1.62557 0.9375954 0.3857441 0.3187885
1.899866 0.9457569 0.4047289 0.333271
1.373089 0.5246487 0.2717695 0.2276106
1.250593 0.4562302 0.2759361 0.09709358
1.68877 0.9532967 0.4906216 0.3648701
1.653938 0.8805981 0.464695 0.357996
1.635077 0.8284912 0.4371166 0.3326702
1.771227 0.9369869 0.4305916 0.3396511
1.83115 0.9303265 0.4608173 0.3483276
2.938231 1.265301 0.5431862 0.3538685
1.694735 0.8345642 0.3703918 0.3109074
1.832129 0.9080791 0.4022503 0.3388691
0.8915176 0.5211105 0.2471085 0.07707977
1.216743 0.4301167 0.1921949 -0.05772972
1.189663 0.4712639 0.2267838 0.2093086
1.741623 0.9083385 0.4161129 0.3164482
1.204809 0.6329823 0.3053112 0.2189445
1.348833 0.3704681 0.2793903 0.1485348
1.454769 0.9190407 0.4812908 0.3755188
1.726599 0.7916851 0.3842449 0.2790699
0.8819504 0.3209133 0.2598305 0.07361221
1.90126 1.036098 0.4470539 0.3272552
1.025921 0.6610737 0.3828449 0.2231884
1.660442 0.9195766 0.4498692 0.2359333
1.139114 0.69944 0.3588848 0.2539864
1.686922 0.7334776 0.3671417 0.2616873
1.085138 0.6039181 0.3674517 0.2157946
1.835672 0.8817844 0.4702187 0.3500462
1.814432 0.8788738 0.4322128 0.2971344
1.930313 1.065956 0.4413548 0.2936192
1.201803 0.467514 0.2933598 0.09658623
2.031046 0.9480705 0.4231262 0.2995338
0.2120438 2.18152 0.3754234 -0.7856903
1.658642 0.8178158 0.3857079 0.2592144
1.811785 1.093651 0.427021 0.3281078
1.994806 1.000906 0.4024105 0.2691669
1.973583 0.9963512 0.4480743 0.322504
1.490885 0.8801498 0.3773193 0.2375641
1.58728 0.9683495 0.5027924 0.31563
1.596004 0.9153309 0.41539 0.2318897
1.941799 0.9342098 0.4575787 0.3239193
1.604746 0.8440247 0.4313202 0.282156
1.202713 0.9110794 0.3933907 0.2542534
1.987547 0.9935875 0.4292698 0.3231602
1.82906 1.035606 0.3798275 0.2721577
2.181911 1.219763 0.4538517 0.3649979
2.784599 0.9878845 0.4659653 0.2526913
1.915701 0.9218674 0.5000381 0.4061689
1.615669 0.711359 0.3565769 0.2570858
1.237345 0.3900623 0.3708458 0.07965469
1.533936 1.11368 0.4830532 0.3069496
1.04134 0.5983753 0.3644829 0.1846924
1.074873 0.3983021 0.217329 0.06269073
1.622633 0.8631611 0.3909607 0.2856541
1.80298 0.8993301 0.4450455 0.3664761
1.832438 0.9098072 0.3756733 0.3039551
1.69092 0.8988667 0.4289207 0.2820892
1.754543 0.9059505 0.4307327 0.3188515
0.9445667 0.5094719 0.507328 -0.07503319
0.978548 0.2835693 0.1815281 0.10783
2.003714 0.9592171 0.4296217 0.3370857
1.779068 1.147869 0.5475216 0.422184
1.662066 0.7812996 0.4347973 0.3035698
1.332682 0.5748692 0.3791122 0.1317921
1.039946 0.4413586 0.2769547 0.195816
1.452421 0.7140522 0.3944397 0.2782669
1.342125 0.7548866 0.402813 0.236969
1.176805 0.5325947 0.2966089 0.222393
1.611465 0.7241611 0.3456478 0.2388859
1.761765 1.038351 0.4267368 0.3629208
1.311264 0.709343 0.3875523 0.1849442
1.453562 0.78125 0.4032059 0.272356
1.071629 0.4791107 0.328825 0.2042828
1.950253 1.07295 0.5188255 0.4112282
0.9438801 0.4056282 0.2871494 0.1196499
1.825699 1.008509 0.3873005 0.3024235
1.964205 0.9884892 0.4340057 0.3378716
1.843861 0.9821339 0.4113083 0.2703896
1.910978 0.980217 0.4030457 0.3396406
0.9184952 0.4114666 0.3477097 0.1098557
1.758942 1.155741 0.4947071 0.3607254
0.9162731 0.3718948 0.3033199 0.1188583
1.78525 1.029024 0.4888153 0.3570709
1.966026 1.086967 0.4610977 0.2919922
1.141764 0.3701687 0.3092251 0.07292175
1.888876 0.7807808 0.3774719 0.2691059
1.918079 0.9571037 0.3967533 0.3107929
1.728931 0.931673 0.4960651 0.3822975
1.751789 0.9041653 0.412571 0.3372993
1.928434 0.9315834 0.4105663 0.3457785
1.91608 1.004782 0.4811592 0.357275
1.579981 0.9286366 0.4538937 0.3686476
1.828794 0.85462 0.3934574 0.3019638
1.909184 1.096415 0.4714756 0.324461
2.090944 1.069784 0.4606304 0.3378887
1.835215 0.8694019 0.3966103 0.2997189
1.190819 0.7242603 0.3638554 0.2055702
1.155973 0.6741562 0.3925247 0.2075806
1.84712 0.8151054 0.3911333 0.2786045
1.376856 0.748064 0.3602276 0.2412949
1.440153 0.7189846 0.3700542 0.2625103
1.128967 0.5301456 0.3322754 0.1675282
1.213753 0.7047005 0.3749237 0.2601471
1.938721 1.089945 0.4239578 0.3371696
1.346062 0.5848083 0.3706913 0.2298737
1.289705 0.8487511 0.4024467 0.254879
1.3594 0.9585972 0.4285126 0.2622585
0.7684803 0.3065186 0.2081757 0.02559662
1.806112 1.062492 0.3949108 0.3544598
1.781794 1.12278 0.4518204 0.3542519
1.592592 1.055592 0.3846378 0.4621201
1.392527 1.007233 0.4040966 0.3764935
1.583523 0.7417717 0.4320393 0.2543583
1.263186 0.4539471 0.2335663 0.02951431
1.475368 0.6613216 0.4001789 0.2377529
1.767416 0.8429337 0.3722401 0.3111763
1.925825 1.130217 0.4727268 0.358717
1.188683 0.7503433 0.3940792 0.249218
1.186655 0.4696198 0.2961025 0.1440086
1.647184 0.7959385 0.4770527 0.325901
0.9298325 0.610384 0.4180679 0.1873379
1.384123 0.6916027 0.3876705 0.2630262
1.439589 1.002651 0.5044899 0.3139019
1.206686 0.6941662 0.3898563 0.2173061
1.883171 0.8952656 0.479641 0.3601818
1.560059 0.6597519 0.3574619 0.299408
1.545347 0.6632423 0.3193703 0.2390976
1.98292 1.061407 0.4284592 0.366581
1.851734 0.9888172 0.3926811 0.3561058
1.456465 0.7160797 0.4700356 0.2799644
1.638477 0.9704018 0.4052773 0.359396
2.004965 0.8944721 0.4516411 0.3556757
0.9875755 0.4248505 0.3393116 0.1529388
1.820837 0.7889137 0.4420109 0.3322964
1.563498 0.8187065 0.3715553 0.2876263
1.002737 0.3884029 0.2335148 0.2289619
1.86018 0.9043941 0.4018993 0.3486309
1.254971 0.7509632 0.4285431 0.2928658
1.012819 0.3908958 0.1875095 0.1375084
1.817163 1.137417 0.4704132 0.3663673
1.067228 0.6603813 0.3431282 0.1900196
1.261627 0.7686577 0.3543777 0.3087234
1.105953 0.6843338 0.3939705 0.237915
1.782227 1.14518 0.4774609 0.3479309
1.298052 0.7846928 0.4149151 0.2965145
2.021688 1.149317 0.489296 0.3798523
1.113983 0.4720287 0.4556885 0.2086563
1.268972 0.6609554 0.3357983 0.3163853
1.196812 0.7037392 0.36619 0.2616825
1.644554 0.9482479 0.427599 0.3273678
1.805647 0.8553047 0.3760548 0.3366756
1.091402 0.388958 0.2576027 0.132494
1.924328 1.035681 0.4323044 0.3214188
1.753643 0.8403263 0.3600922 0.2775955
1.361002 0.569128 0.3043137 0.2241373
1.123343 0.3947983 0.2144518 0.1219816
1.989315 1.03285 0.4833431 0.3857498
1.306871 0.6914749 0.4254532 0.2456799
1.374315 0.6455727 0.3378067 0.1980782
1.137554 0.5077858 0.2718849 0.151226
1.529779 0.6937943 0.3734798 0.2937164
1.390829 0.5226421 0.3184433 0.2253761
1.226376 0.5838413 0.3104191 0.1635494
1.075527 0.4688511 0.3327255 0.1617107
0.9216347 0.1048584 0.1610641 0.05297279
1.783644 0.8308773 0.3759403 0.2919369
1.047491 0.3444519 0.2101421 0.08998871
1.214949 0.4731102 0.2916088 0.1958065
1.621166 1.022778 0.5002518 0.354908
2.238613 1.151466 0.4602871 0.3819103
1.255711 0.389986 0.2322712 0.06970787
1.799355 1.082911 0.4517918 0.3535728
0.86553 0.6668682 0.4185772 0.2198181
2.199947 0.9002895 0.415699 0.2905254
1.798912 0.8595371 0.3909235 0.3135223
1.225395 0.2593403 0.2289333 0.003416061
1.047554 0.3976994 0.2091751 0.1669044
1.059774 0.3739986 0.2948914 0.08893204
1.586048 0.9464512 0.4415379 0.292841
1.87031 0.9791718 0.4263515 0.3595848
1.16468 0.4902534 0.2721443 0.143919
1.898893 0.8609428 0.39645 0.3090439
1.520859 1.061438 0.4442005 0.2271328
1.237953 0.74543 0.3962269 0.2540321
1.738119 0.8769646 0.4090958 0.2851048
1.941025 0.9890537 0.4246159 0.3416519
2.012794 0.9363728 0.4423161 0.3134842
1.962938 0.8251419 0.3898849 0.2932978
1.057383 0.3694 0.2620029 0.04223442
2.020306 1.004992 0.4291439 0.330019
1.332544 0.4380379 0.2960472 0.091362
1.585526 0.737505 0.3697643 0.1904049
1.984142 0.9501266 0.4405937 0.3457088
1.386461 0.6647015 0.3804569 0.3014584
1.536423 0.829443 0.4190102 0.3423042
1.874138 1.074764 0.4523525 0.3496838
1.036312 0.5947666 0.2909908 0.2515697
1.508544 0.6391191 0.3626709 0.2837563
1.15037 0.5131302 0.266758 0.1291656
1.24074 0.8996086 0.3481483 0.3039417
1.731213 0.9805298 0.5105438 0.4245605
1.840361 0.9966831 0.4191723 0.3406086
1.276691 0.7963867 0.4811249 0.3064957
1.476877 0.9470482 0.4304142 0.2784233
1.753952 0.8512535 0.4543333 0.3661728
2.054293 1.133265 0.5019627 0.3454342
1.867886 1.057974 0.4361076 0.31003
1.864807 1.100857 0.5168686 0.3864822
2.34116 1.005121 0.5213947 0.3042355
1.774055 0.8451366 0.4658871 0.324048
1.545622 0.6787205 0.3323021 0.2517109
1.645363 1.159065 0.3735008 0.1693516
1.857273 1.038395 0.45961 0.3055325
1.666615 0.8720093 0.3883457 0.2972012
1.211975 0.6729107 0.3559608 0.2074661
2.068878 1.088448 0.4336224 0.3428497
1.584089 0.9404144 0.4362431 0.337677
1.460915 0.8047447 0.3889942 0.2811184
1.102373 0.4733658 0.2318077 0.241066
1.29557 0.9927921 0.4316807 0.2754879
1.6084 1.270313 0.5134811 0.374342
1.850664 0.9727764 0.4361534 0.3423347
1.914293 1.254845 0.4979382 0.3101368
1.334032 0.8082809 0.4074974 0.2470284
1.329781 0.7211246 0.3944168 0.2971954
1.21479 0.4783001 0.3304291 0.1732388
1.630005 0.832962 0.3934822 0.239727
1.289875 0.7161541 0.3760033 0.3268147
1.525227 0.7782192 0.3748398 0.2934303
1.77564 0.9652538 0.4612484 0.311861
1.517675 0.861412 0.4538155 0.2892399
1.794222 0.9552593 0.5087337 0.3884029
1.845053 0.9492798 0.4816132 0.3501482
1.103817 0.527935 0.3209381 0.1964531
1.466255 0.6222363 0.2856503 0.1513596
1.903149 1.15519 0.4556313 0.3764477
1.828051 1.052376 0.475687 0.3682194
1.474083 0.7839108 0.4065704 0.3098812
1.714895 0.5478878 0.3867121 0.1655197
1.869005 1.164726 0.491457 0.3406544
1.966536 1.1408 0.4420929 0.3559837
1.695528 0.6963711 0.3313484 0.2553635
1.505993 0.7537727 0.3795433 0.2930794
0.9667091 0.5775146 0.3451977 0.159977
1.860783 0.9347553 0.4760838 0.3495808
1.560047 1.004282 0.4261131 0.2915249
1.396078 0.8969688 0.4330349 0.2983665
1.307947 0.7471867 0.3487701 0.2665768
1.907011 0.9044857 0.3920994 0.3326416
1.898581 0.8972931 0.3930187 0.2936287
1.983822 1.0212 0.449316 0.3007088
1.208809 0.611393 0.3742352 0.249424
1.893213 0.8325691 0.4746265 0.3017368
1.852047 0.9083443 0.4055386 0.3309946
1.966574 0.939621 0.4277287 0.332407
1.169641 0.6107578 0.352644 0.1813526
1.027323 1.031904 0.4608364 0.3152122
1.40266 0.7234879 0.3975315 0.2659283
1.808338 0.9551601 0.4337769 0.3623829
1.528835 0.7204266 0.3923492 0.2788172
1.532206 0.7556076 0.3876801 0.275877
1.314936 0.6590729 0.3636341 0.2424049
1.589346 0.7427454 0.4044971 0.3067913
1.316301 0.6375713 0.3400421 0.2272606
1.19729 0.6050606 0.335537 0.2180634
1.449661 0.8115902 0.3838863 0.2836761
1.670439 1.002949 0.414381 0.3013287
1.969845 0.8352013 0.3681679 0.2612095
1.479235 1.326197 0.4831219 0.3519688
1.672804 0.8042927 0.4250851 0.2844982
2.133488 1.141521 0.4730377 0.3160553
1.00106 0.4032288 0.2348595 0.1849346
1.070292 0.6599007 0.3934612 0.2631035
1.150028 0.480814 0.2692127 0.1380739
1.454021 0.6677971 0.3534527 0.2395363
1.292995 0.4939842 0.2385826 0.1447268
1.889746 1.078176 0.4208736 0.2924519
1.114012 0.4878349 0.3268414 0.1640873
0.9994087 0.4755611 0.1435699 0.2835922
1.414385 0.8104401 0.4432468 0.2723999
1.237434 0.4780922 0.2921057 0.1599827
2.061993 0.8992004 0.4347382 0.3622007
1.882017 0.9730072 0.3890209 0.2980652
1.926754 1.14205 0.4905739 0.3343716
1.870989 1.007097 0.4725151 0.3354416
1.021803 0.3816109 0.2240753 0.09490204
1.2775 0.6808453 0.3822174 0.2628593
1.359541 0.7087479 0.383852 0.278265
1.294188 0.6190815 0.3354969 0.278388
1.411528 0.7958698 0.3698711 0.1661415
1.220449 0.6378536 0.3836994 0.22332
1.758034 1.295822 0.4685364 0.3681259
1.835661 1.001654 0.430645 0.3641024
1.446285 0.9358158 0.4172497 0.343502
1.489298 0.8486919 0.426136 0.3655167
1.294979 0.672821 0.3959827 0.2662449
1.616997 0.9275475 0.4664021 0.3385468
1.919359 0.8254833 0.3889618 0.3230801
2.12491 1.086571 0.438261 0.3505974
1.404333 0.9624901 0.4667492 0.2961998
1.906654 1.031775 0.4507141 0.3305054
1.163536 0.4010029 0.2355671 0.1303024
1.444963 0.7511501 0.4112263 0.2848244
1.302317 0.6361885 0.3518772 0.2637768
2.069674 1.043728 0.4267826 0.3367729
1.351727 0.5706367 0.3581944 0.2422447
1.095642 0.7274342 0.3986149 0.2312832
1.068693 0.381794 0.2400646 0.07628059
1.920118 1.020832 0.3974152 0.3040943
1.758331 0.6762466 0.3323765 0.2296658
1.017399 0.5129738 0.3104286 0.226511
1.405882 0.7863998 0.4935436 0.341403
0.9166317 0.2320175 0.2128716 0.0990963
1.676416 1.081257 0.4550953 0.3067532
1.757326 0.8065281 0.3846722 0.2671127
1.787582 0.9630756 0.3776569 0.3001251
1.661583 0.7868404 0.3754501 0.2539501
1.881472 1.161783 0.41436 0.4459591
1.744877 0.9331226 0.3895149 0.3393326
1.710678 0.6176357 0.6079922 0.5160522
1.276478 0.4171352 0.2649345 0.1594563
1.942041 1.047436 0.43783 0.3832836
1.466454 0.9808521 0.4349537 0.3046722
2.214264 1.06809 0.4214401 0.3794384
1.124603 0.5692234 0.33148 0.2219543
1.643625 0.9736156 0.3683949 0.3287258
1.272614 0.4286957 0.3224411 0.1561718
1.459188 0.7548199 0.3860073 0.268383
1.944771 1.077518 0.41889 0.2859879
1.547995 0.8654671 0.3881969 0.3694744
1.997429 1.114021 0.4423103 0.2965717
1.882084 1.007414 0.4125004 0.3486347
1.721216 0.9009361 0.4257774 0.3473473
1.746201 0.8651047 0.4671679 0.3816252
1.831411 1.091101 0.4750919 0.3806152
1.474682 0.8931732 0.4033604 0.3289299
1.532465 0.9367123 0.4618835 0.3365192
1.790386 0.9331779 0.3960152 0.3344822
1.700619 0.7971516 0.3808632 0.2845745
1.566051 1.090452 0.4398193 0.3448849
1.751297 1.047029 0.4119301 0.338191
1.928947 1.011801 0.4272423 0.3378906
1.185656 0.6076107 0.3795013 0.1971092
0.9921761 0.7563362 0.4082966 0.2325287
1.703074 0.994854 0.4614086 0.3553009
1.632154 0.8269596 0.4304543 0.3202496
1.819866 0.8683186 0.400301 0.2565689
1.742754 0.6700897 0.3865833 0.5321312
2.039534 1.115108 0.481945 0.3368893
0.93297 0.2996254 0.2494621 0.1263466
0.9645576 0.4451275 0.2591934 0.1296577
2.491556 1.29958 0.5111294 0.3373394
1.184742 0.6097279 0.3632774 0.2347088
1.295721 0.5754795 0.3396015 0.1721096
2.03499 0.9147835 0.4119511 0.3286324
1.196802 0.6285534 0.3634987 0.195322
2.078297 1.043793 0.3874302 0.1785564
1.590607 0.8459473 0.4753647 0.2996731
1.519293 0.9466572 0.4398499 0.3526249
1.49066 0.9259663 0.3929043 0.2645493
1.121847 0.3737297 0.3015385 0.1133118
0.7686558 0.6167679 0.3740788 0.1753578
2.075834 1.044165 0.4517078 0.266222
1.90353 0.8945179 0.4355869 0.3160343
1.110193 0.335722 0.2740059 0.1412067
1.369799 0.6378479 0.3308487 0.1844158
1.774319 1.211786 0.4463081 0.3389664
1.161369 0.3423252 0.2349682 0.02948761
1.613207 0.7632904 0.4180822 0.3065453
1.184597 0.5184746 0.3151379 0.1920414
1.2871 0.5744057 0.3439045 0.1962986
1.521755 0.6491985 0.3083191 0.2292881
1.782835 0.8429356 0.4261799 0.3471947
1.410117 0.5889702 0.2894583 0.1208601
1.255314 0.4445667 0.2669735 0.1355629
1.392481 0.7055702 0.3922787 0.2855854
1.91338 0.9439716 0.4163342 0.3212986
1.526541 0.9745941 0.3967056 0.2959452
1.816366 0.8760738 0.3428631 0.2975101
2.13294 1.273014 0.5198822 0.3643436
0.947897 0.4556961 0.3373585 0.1763287
1.944407 1.056734 0.427454 0.3293667
1.11705 0.3850651 0.2639465 0.05761528
1.733458 1.061296 0.4125233 0.304081
1.574869 0.861721 0.3808746 0.2830448
1.327929 0.6967716 0.4173241 0.2327061
2.12196 1.10783 0.4611301 0.3666248
1.900711 1.029482 0.434124 0.3157139
1.932816 1.282419 0.4784565 0.3537598
1.041647 0.4822598 0.2873917 0.1238747
1.224623 0.6015873 0.3560143 0.2317276
1.118788 0.4969559 0.3307896 0.1706066
1.757698 0.8240547 0.4221725 0.3589973
1.477425 0.7486019 0.3693781 0.3255768
1.235197 0.7886238 0.3623905 0.2826061
1.889208 0.8928833 0.3872585 0.3057938
1.291033 0.6090422 0.3107405 0.2222681
1.725931 0.771183 0.3555164 0.2674351
1.114309 0.3976917 0.2586174 0.06519318
1.581432 0.8353691 0.4250517 0.2972784
1.323692 0.4436131 0.2199192 0.173357
1.237782 0.5991993 0.3325119 0.1304102
1.630257 0.9732246 0.4067726 0.3080425
1.423317 0.7152004 0.3556042 0.205534
1.264568 0.7988415 0.4431515 0.2966938
1.790937 0.9096794 0.4254742 0.3225594
1.422567 1.038261 0.4971485 0.3459892
1.087534 0.4533138 0.2699127 0.163784
1.584496 0.8088741 0.3784904 0.2731533
1.976149 0.8853798 0.3866558 0.3174667
1.762003 0.8118982 0.3669891 0.2803888
1.208481 0.6992569 0.3784161 0.2565174
1.274872 0.5785503 0.3110142 0.2329559
1.069464 0.4411106 0.2109184 0.1770172
1.220987 0.5117149 0.3028069 0.1692753
1.790886 0.9063778 0.4073086 0.3268728
1.546104 0.61026 0.4451466 0.2876854
1.524979 0.8351364 0.3893414 0.2929115
1.764257 0.8598824 0.3991528 0.2718983
1.572788 0.7982426 0.4259014 0.2917233
1.677551 1.23778 0.5001621 0.3175621
1.671085 0.769022 0.3846512 0.2407551
1.773338 0.9072628 0.3838844 0.312849
1.329397 0.4244213 0.2620296 0.09241199
1.517626 0.7112427 0.3731365 0.2441692
1.646374 0.5712891 0.3147373 0.1752596
2.017195 0.8879452 0.4861717 0.3131809
1.637087 0.884531 0.4673672 0.3145275
1.576937 0.7938824 0.4101639 0.2408915
1.139057 0.3787823 0.2396908 0.1146393
1.450483 0.6391697 0.3458242 0.2202005
1.568014 0.7735901 0.3939495 0.2914171
1.818348 1.176512 0.4297981 0.2817993
1.458925 0.6971111 0.3607197 0.2508497
1.573318 0.8675823 0.3943844 0.2693081
1.982597 1.057798 0.4498119 0.337141
1.068399 0.329174 0.257618 0.09192848
1.468254 0.8619461 0.4103031 0.3217506
1.107113 0.5243378 0.2445793 0.2116213
2.371813 1.114151 0.4560814 0.354393
1.75267 1.014147 0.3941631 0.3059788
1.951454 0.954546 0.4290047 0.3430862
1.879494 0.8681316 0.3907242 0.336256
1.347992 0.5268002 0.190424 -0.07749176
2.23074 1.157587 0.4830227 0.3837547
1.258772 0.7378159 0.3727551 0.3024197
1.507034 0.9594536 0.4695473 0.3690395
1.639462 0.7717867 0.349103 0.2877588
1.510962 0.8270836 0.4101744 0.3183279
1.501143 0.8408413 0.3431015 0.3607254
1.276114 0.5161877 0.2775307 0.1909008
1.158525 0.6607056 0.3472328 0.2826595
1.522688 0.7820988 0.419672 0.2859039
1.920135 0.9136715 0.4082041 0.3484688
1.371744 0.7586994 0.393446 0.2183418
1.392408 0.8642597 0.4081383 0.3347988
1.883358 1.064844 0.4143963 0.331111
1.433451 0.6217861 0.330595 0.290638
1.319605 0.6130066 0.3659573 0.2523994
1.678984 0.7453003 0.3510399 0.2744484
1.055569 0.4688053 0.3268776 0.1921062
1.650501 0.8858471 0.4356937 0.3064728
1.902739 1.059187 0.4399471 0.3891907
1.014587 0.3193169 0.2632866 0.1514416
1.480331 0.7411766 0.4612389 0.2925415
1.376921 0.7931175 0.4734821 0.3440914
1.221489 0.5989838 0.3431702 0.2079487
1.868914 0.9382629 0.422575 0.3310623
1.835131 1.081951 0.4251633 0.3058224
2.218159 1.349165 0.5088921 0.3674698
2.100708 1.289492 0.4826622 0.34515
1.930431 1.177366 0.4693565 0.3240376
1.64064 0.9454231 0.4247875 0.3252506
1.216 0.5775471 0.4284782 0.1460876
1.949682 0.8706903 0.3916006 0.3088522
1.153496 0.4595642 0.2190228 0.1739035
1.255697 0.5359917 0.3288336 0.2052183
1.869577 1.008137 0.4178467 0.4369974
1.097904 0.3657284 0.2344017 0.171896
1.045231 0.4538307 0.2818317 0.1325951
1.363651 0.6881123 0.3764439 0.1907177
1.157413 0.4546852 0.2557106 0.166975
1.515194 0.7278881 0.416954 0.2917175
1.630039 0.8914452 0.4505978 0.2927017
1.892185 1.038914 0.4547768 0.30476
1.862968 0.9162788 0.4168587 0.3192863
1.317135 0.5653801 0.2667027 0.1790924
1.754524 0.7587662 0.3422699 0.2195587
1.864399 0.9516945 0.3980827 0.2789268
1.758596 0.8510523 0.3959408 0.3146725
1.943983 1.136938 0.428566 0.2714634
1.956224 1.026606 0.4340229 0.3186417
1.276844 0.5840797 0.341855 0.2238398
1.732681 0.9869118 0.4039993 0.3554897
1.668383 0.7670708 0.4023962 0.2877426
1.04159 0.8474789 0.4349079 0.2740479
2.170376 1.173109 0.4721012 0.2670078
1.658579 0.9029865 0.3916836 0.3196526
1.952291 0.9909554 0.4181118 0.3078384
1.348333 0.7727489 0.3848934 0.316782
0.9895611 0.3314457 0.2655182 0.1192665
2.289068 1.40506 0.5103626 0.3557892
1.077402 0.9347649 0.4550591 0.2385178
1.816622 1.087215 0.436348 0.2942734
1.475325 0.7020168 0.3433208 0.2463245
1.673731 1.003342 0.4681644 0.243866
1.541925 1.054924 0.4633141 0.264246
1.980791 1.077892 0.429987 0.3178577
1.391396 0.7465763 0.3738632 0.3107872
1.915457 0.8613129 0.3850756 0.3251076
1.622904 0.7143707 0.3270073 0.2810402
1.844522 1.041946 0.4544182 0.3533459
0.9406052 0.7780609 0.4264164 0.2349033
1.598221 0.7792664 0.3598003 0.2457886
1.641512 1.055082 0.4385891 0.3559761
1.772779 0.9281502 0.3834248 0.326828
2.037407 0.9911194 0.4085941 0.3325539
0.9264774 0.4113178 0.3168049 0.07499123
1.693483 0.9766579 0.4386883 0.2772865
1.793839 0.9831219 0.4131584 0.3550844
1.792664 1.033207 0.4638958 0.316927
1.146603 0.5581036 0.4190235 0.218298
1.178577 0.6869984 0.4029102 0.2419548
0.9777908 0.5687332 0.4050713 0.1508617
1.815868 1.024801 0.4474964 0.3485928
1.556438 0.8737068 0.3948555 0.3148861
1.86124 1.043606 0.4660931 0.3840637
2.185286 1.255169 0.4851799 0.3363495
1.420835 1.30056 0.480299 0.364439
1.078135 0.3673611 0.2851505 0.1238041
1.693382 0.9790535 0.5033741 0.4249058
1.959373 0.9451351 0.4175739 0.3422318
1.173956 1.032927 0.4402275 0.2534027
1.964622 1.097822 0.4465942 0.3409634
1.845688 1.176304 -7.160568 7.783845
1.999525 0.8982162 0.4053535 0.3238754
1.753187 0.8025436 0.3605785 0.2818298
1.44191 0.9747982 0.4815331 0.3893471
1.993216 1.082222 0.4200897 0.2775917
1.995176 1.0487 0.4506092 0.3348675
1.182314 0.8580074 0.4394398 0.2388268
1.814659 1.08864 0.4374714 0.3129406
0.9759026 0.7218666 0.509552 -0.2702827
1.41452 0.695879 0.3975487 0.2623367
1.301748 0.6097794 0.428978 0.2047672
2.198425 1.127821 0.4559956 0.3372993
1.91987 1.142839 0.4274387 0.369669
1.740406 0.9404926 0.3961506 0.3217516
1.695042 1.004576 0.3569317 0.445961
1.854235 0.8878136 0.3898716 0.3309269
1.761162 0.981041 0.4267311 0.2846355
1.875896 0.8999405 0.3615513 0.2814865
1.965481 0.9433193 0.4265213 0.30336
2.00572 1.036018 0.4243793 0.3546085
1.237629 0.5456543 0.3535862 0.2360249
1.481613 0.9488697 0.4885597 0.340332
1.893967 0.9086437 0.405901 0.3330727
1.132883 0.4596729 0.2631054 0.186245
1.679737 0.8230143 0.441699 0.3103533
1.17593 0.614315 0.3738518 0.2617912
1.312294 0.599781 0.3277359 0.1397648
1.928019 0.9061108 0.3844433 0.2698975
1.142139 0.6787033 0.3864841 0.2236652
1.28541 0.6239357 0.3753052 0.2308521
1.583479 0.8010654 0.3779583 0.2147598
1.548819 0.7238398 0.3722181 0.287076
1.523468 0.7885647 0.4125891 0.329113
1.685308 1.114861 0.407711 0.2942638
1.701523 0.8573856 0.3612595 0.2540264
1.97097 1.038927 0.4200001 0.3760281
1.505089 0.8579578 0.4713631 0.3279114
1.903505 0.9922867 0.4888573 0.3627377
1.738972 0.7318478 0.3500099 0.2805367
1.739878 1.002649 0.4173241 0.3236465
1.249924 0.6266537 0.3402252 0.1929359
1.265076 0.7923355 0.3991299 0.3168221
2.020018 1.051325 0.4377041 0.3606777
1.418118 1.049492 0.4580269 0.3504047
1.378004 0.7205334 0.4308186 0.3593206
1.475058 0.8095379 0.4200783 0.3586464
1.046413 0.7558022 0.3903389 0.2498302
1.690626 0.7444801 0.4074116 0.2844563
1.693485 0.8778019 0.4036713 0.2932758
2.143293 1.181408 0.4805889 0.3236485
1.963633 0.8980007 0.4171715 0.3204136
1.864532 0.8784733 0.3963833 0.3243942
1.624399 1.044744 0.4318771 0.3656235
1.516426 0.6930141 0.3607073 0.235239
1.777491 0.798357 0.4199505 0.2850971
1.057775 0.6559753 0.4198971 0.2164822
1.148746 0.5474911 0.2990093 0.1573944
1.018375 0.4493313 0.2604532 0.1548948
2.004665 0.9362774 0.4077835 0.3282814
1.916052 1.102331 0.4417534 0.3605013
1.422737 1.063845 0.4622898 0.3445663
1.612169 0.7277164 0.405304 0.264389
1.613951 0.9063625 0.4696407 0.3530207
1.348381 1.199614 0.4973507 0.388937
1.372784 0.5798883 0.2832537 0.2140942
1.74045 0.7857513 0.401268 0.3208256
1.934616 1.215046 0.4565582 0.3636131
1.293201 0.4440842 0.2593822 0.1811409
1.888739 0.9468594 0.4544201 0.3991928
2.034653 1.179274 0.4296646 0.3532352
1.628096 0.7237148 0.3532715 0.2153645
0.9787655 0.3675728 0.2409401 0.08615875
1.738764 0.7314253 0.3363972 0.2640657
1.687956 0.9829903 0.4007263 0.3326588
1.616344 1.051311 0.5018082 0.3365822
2.186331 1.388081 0.3627472 0.1245384
1.694967 0.7620115 0.3537111 0.2592554
1.093027 0.3618927 0.2526779 0.08076477
1.71574 0.9159203 0.4351006 0.3083878
1.663733 0.9428883 0.4356079 0.2876415
1.858362 1.025656 0.4414959 0.3289413
1.307997 0.664526 0.3543644 0.267807
1.774752 0.9818478 0.4969082 0.3771114
1.640017 0.7630672 0.3528194 0.2545872
1.287621 0.7780342 0.3640766 0.2552414
1.966692 0.9462242 0.4840012 0.4713879
1.139494 0.528059 0.3480339 0.1602592
1.870216 0.9664803 0.5098171 0.4115133
1.717224 1.007847 0.5215034 0.3724995
1.822018 1.00753 0.4394512 0.3375664
1.25008 0.5944023 0.3827705 0.2035027
0.9994221 0.3266945 0.08549118 0.06779861
1.311584 0.5826302 0.3372173 0.194397
1.922867 1.042036 0.4290867 0.3140574
1.854271 1.133463 0.4590321 0.3866978
1.000494 0.3678875 0.2753716 0.1598434
0.8611813 0.3388748 0.1420269 0.1261387
2.019718 1.073153 0.4780483 0.3403416
1.179712 0.5080996 0.2944536 0.2093687
1.371628 0.7502766 0.3966236 0.2943649
1.849989 0.9383278 0.4066315 0.3267679
1.493145 0.7067318 0.4036541 0.3014812
0.966114 0.4273911 0.3517513 0.1145706
1.40057 0.9414501 0.454422 0.3108673
0.8304119 0.3673668 0.1372681 0.1209869
1.488987 0.7561989 0.413723 0.2788715
1.651154 0.9987526 0.4558372 0.3312759
1.689629 0.8385887 0.4385872 0.3424168
1.865456 0.7445469 0.3227081 0.2777519
1.951357 1.02656 0.4725761 0.3458366
1.90893 0.9640465 0.3815365 0.3341408
1.894257 1.069153 0.4609241 0.3793774
1.029715 0.3410873 0.2485123 0.04754257
1.889996 1.069855 0.4509277 0.4001999
1.676422 0.9433155 0.3850727 0.3677044
1.40237 0.6302013 0.3409357 0.2363605
1.866835 1.048578 0.5071545 0.3996735
1.631523 1.006271 0.4379902 0.3234539
1.93162 1.142187 0.4495716 0.337328
1.866713 1.383007 0.5272331 0.357399
0.9892178 0.5805626 0.3678856 0.1441517
1.937096 0.894083 0.4173317 0.2929029
1.259247 0.4240532 0.2953625 0.1298714
0.9410095 0.4083176 0.2938633 0.1988297
2.122877 1.24176 0.4695835 0.3585453
1.400265 0.5774326 0.358305 0.1181946
1.415283 1.077124 0.4401665 0.3677902
1.00495 0.4746056 0.2747784 0.2790833
1.762739 1.065651 0.5064468 0.5667629
1.616249 0.833868 0.3889885 0.2809811
1.279779 0.5391388 0.3475018 0.202755
1.002872 0.6311512 0.3664417 0.1679573
1.570534 1.36618 0.4896832 0.3256779
1.667191 1.291454 0.4731083 0.3139286
1.746487 0.8856602 0.4713097 0.2999897
1.018816 0.536108 0.3410358 0.1889534
1.901304 0.8244305 0.354826 0.3255558
1.856092 0.9999485 0.4097614 0.3454399
1.094711 0.5410671 0.3340931 0.2663536
1.310888 0.5936852 0.3849487 0.2058926
2.179634 1.271149 0.4987717 0.3318634
1.52389 0.751585 0.3495598 0.2856903
1.559464 0.8226147 0.3988934 0.290247
1.737865 0.8861713 0.4235287 0.2625427
1.782293 0.9365578 0.3555775 0.2605953
1.723101 0.867363 0.4122105 0.3447075
1.181396 0.6331692 0.3931971 0.2089376
1.726227 0.9321518 0.4461555 0.3323784
1.700283 0.9823513 0.4160519 0.3229446
1.708067 0.7967806 0.3545456 0.2952089
1.449726 0.6639614 0.4039097 0.2671661
1.351141 0.6262932 0.3451786 0.263133
1.471235 0.860836 0.4771614 0.2418041
1.773302 1.145374 0.4561329 0.2966652
1.794777 1.041914 0.4255047 0.3829746
1.785456 0.9561539 0.4179993 0.3527279
1.253941 0.6573696 0.3281937 0.2266254
1.870789 1.217896 0.5142822 0.3324661
1.772657 0.8482914 0.4512024 0.3174753
1.644482 0.7633896 0.3812141 0.2795124
1.295173 0.6318197 0.3049307 0.2670612
0.9740257 0.2037163 0.2222576 0.07322693
1.866579 0.90732 0.4033413 0.3094654
1.804527 0.781044 0.3588543 0.3088474
1.095377 0.1361256 0.1813736 0.1279144
1.478886 0.7862282 0.4094849 0.2943974
1.413473 0.725132 0.3775349 0.258604
1.836411 0.931263 0.3923073 0.2907009
1.999542 1.082037 0.4639759 0.3475819
1.969069 0.9279804 0.3895035 0.2897263
2.081926 1.241522 0.4964962 0.3202839
1.671688 0.8399734 0.4009895 0.2971973
1.100555 0.3250561 0.2350216 0.1309891
1.19058 0.5925007 0.3388233 0.1846828
2.065865 1.148554 0.4182281 0.3711185
1.292295 1.097631 0.4601955 0.3879528
1.355646 0.6568584 0.2990494 0.2575397
2.02936 1.247997 0.5035267 0.351368
1.854898 0.884943 0.4043636 0.2903233
1.71801 0.7929325 0.377037 0.3127146
1.931578 1.165689 0.4560299 0.333498
1.707193 1.00589 0.4149742 0.3461266
1.675957 0.7329969 0.3592167 0.2665043
1.659334 0.7639475 0.3691921 0.2655907
1.165104 0.4119625 0.2164745 0.001455307
1.977448 1.177114 0.4738197 0.3085651
1.371595 0.7294388 0.3472729 0.2815781
1.370384 0.7333336 0.3910112 0.2659855
1.787306 0.8082924 0.4215212 0.2973108
1.18961 0.5551395 0.3734055 0.2490253
1.009157 0.4120655 0.2951488 0.09496689
1.771729 0.8675232 0.3767853 0.3157921
1.686172 0.8555145 0.3392811 0.277174
1.931578 0.9625187 0.398962 0.3488274
1.881187 0.8704453 0.4008694 0.3035202
1.462259 0.7099724 0.3497944 0.2584457
1.017843 0.5752354 0.3995323 0.149641
1.620571 0.9800873 0.4262276 0.2970657
1.885229 0.927166 0.4064331 0.3135262
1.504679 0.645483 0.3508835 0.2567644
1.249427 0.4239368 0.2601233 0.1280918
1.800486 1.158306 0.4497242 0.3223743
1.705755 0.7684669 0.3610382 0.2740393
1.870588 0.8873234 0.3953161 0.3331547
2.045973 1.023209 0.472332 0.3381691
1.904543 0.9969444 0.3946457 0.3544693
1.755299 1.257463 0.4611912 0.3391552
0.9680977 0.3821411 0.2257538 0.03993797
1.624107 0.9969521 0.4823227 0.3912849
1.658619 1.009289 0.4059925 0.3064575
1.236475 0.548172 0.3768272 0.1531811
1.24124 0.4488316 0.3018589 0.1441975
1.861698 1.012852 0.4114151 0.3456764
1.201618 0.4854717 0.3124704 0.1758976
1.098898 0.5412159 0.3514099 0.1658916
1.14559 0.4118099 0.2936401 0.2884846
1.74333 0.8143444 0.3866253 0.3003654
2.419823 1.239594 0.4959164 0.3496151
1.370934 0.639534 0.3613796 0.2208633
2.0256 0.9399509 0.4165287 0.3195572
0.9988918 0.988287 0.3163471 0.3236046
1.315163 0.642292 0.376133 0.1398315
2.022188 1.018135 0.4188156 0.3395023
1.239902 0.5846634 0.3766155 0.1881943
1.160645 0.5498104 0.3655472 0.2624969
1.263857 0.7020073 0.3485718 0.2738762
1.92927 1.024509 0.401823 0.3835411
1.553953 0.6956158 0.3145847 0.2784176
1.783531 1.182426 0.438385 0.3136253
1.073666 0.4252949 0.2590275 0.1190109
1.07622 0.3662891 0.1946592 0.1273956
1.665916 0.7766972 0.4251957 0.3086653
1.417017 0.632122 0.3427458 0.2595797
1.74505 1.1476 0.4392471 0.3697567
1.612032 0.8408642 0.3961754 0.3357115
1.824821 0.8276787 0.3828793 0.2912617
1.750467 1.195059 0.5017891 0.3483829
1.866802 0.9897022 0.4401283 0.330946
1.730282 0.7851677 0.3492031 0.2800255
2.141453 1.064621 0.5266151 0.4494438
1.422255 0.6599026 0.3260841 0.2401047
1.589607 0.3194504 0.2591152 -0.02738571
1.327221 0.644022 0.2964382 0.3090992
2.03459 0.9070339 0.4159641 0.2174034
1.84833 1.186329 0.4623203 0.3834114
1.750496 0.8037949 0.3638306 0.157917
1.157124 0.4585705 0.2894802 0.1320248
1.886312 0.9175682 0.4027729 0.3073654
1.138788 0.4436398 0.2934971 0.1645012
1.699928 0.7720623 0.4321098 0.3175955
1.449099 0.7033062 0.3705425 0.2388744
1.817795 1.355011 0.4920444 0.3702621
1.761494 1.143461 0.4659977 0.2783833
1.194672 0.5583382 0.3322353 0.1942301
1.419441 0.6869354 0.4032021 0.2697506
1.985765 0.9135857 0.4392357 0.2052479
2.069315 1.048666 0.4413872 0.3410511
1.046309 0.6553173 0.3173904 0.2583942
1.961725 1.007975 0.417263 0.3166542
1.181015 0.5080833 0.3048153 0.2161713
1.044077 0.4682608 0.2419987 0.2231293
1.839022 1.075123 0.4209633 0.3006535
0.916584 0.3498058 0.2637272 0.1414738
1.119658 0.4676533 0.319746 0.1870308
1.102474 0.4728279 0.3211689 0.1639023
1.42078 0.7231998 0.3722076 0.2715702
1.927546 0.9506226 0.4044666 0.3319731
1.36132 0.6309509 0.3472462 0.242651
1.896412 0.8787441 0.4581928 0.30546
1.228743 0.5009356 0.3087158 0.1589098
1.822382 1.004009 0.3945789 0.2744579
0.9585705 0.3263626 0.2596073 0.08587646
1.686331 0.8457489 0.4428997 0.3171711
0.9096508 0.2665825 0.1232071 0.06719971
1.742655 0.8241501 0.3571987 0.2830915
1.278141 0.5573406 0.2958202 0.2437935
1.699398 0.5907307 0.423605 0.1124687
1.957678 0.9313107 0.3678246 0.3443012
1.393305 0.6311131 0.3696957 0.2089939
0.8277435 0.7693996 0.3147297 0.4198685
1.437895 0.6934872 0.3578014 0.2515678
1.848978 1.010317 0.5046997 0.3599663
2.062378 1.187252 0.4660416 0.3554554
1.709106 0.8204575 0.3589458 0.2900696
1.026087 0.5150414 0.3349838 0.09958458
1.046309 0.4797974 0.2347889 0.1783352
1.322527 0.6203537 0.3503571 0.2503128
1.858027 1.243353 0.4866028 0.4059105
2.368 1.123968 0.4350643 0.3500061
1.100779 0.3906918 0.2400055 0.2013512
1.704624 0.8924751 0.4788952 0.4052944
1.17572 0.5405769 0.3149529 0.2344952
1.365324 0.4862881 0.3272572 0.1718483
1.813396 0.8293152 0.3970833 0.256382
1.868124 0.8135223 0.4281082 0.3027344
1.574978 0.7737942 0.4049578 0.2169294
1.464699 0.8004513 0.3904762 0.2877998
1.937111 0.7686481 0.3892298 0.2516851
1.292118 0.8295727 0.4143944 0.2542381
1.064167 0.5103207 0.3777752 0.1497612
1.645342 0.7595043 0.3570995 0.2300196
2.097446 1.168339 0.5250664 0.4066582
1.920874 0.9639187 0.3899746 0.3410492
1.729176 0.8678074 0.3787994 0.2900753
1.184271 0.4734802 0.2586575 0.1643906
1.618574 0.719347 0.3707008 0.2617645
1.157431 0.3961544 0.2715759 0.1428413
1.723076 1.108978 0.4566479 0.3381939
1.916145 0.961071 0.4188919 0.3506107
1.802126 1.148678 0.4933186 0.2969398
2.072189 1.07123 0.4393311 0.3041496
2.079819 0.9570656 0.408905 0.3675728
1.713312 0.7539463 0.2966614 0.2744637
0.8862629 0.3674526 0.1504326 0.1518517
1.321745 0.7650013 0.4052086 0.2647038
1.038137 0.3148327 0.2603703 0.1310177
1.081707 0.5201073 0.3585796 0.1740036
1.199936 0.5559082 0.3496418 0.2324562
1.768126 0.9047737 0.3885555 0.2927094
1.850698 0.8500881 0.4318218 0.2812004
1.799229 0.8769627 0.4349442 0.3323879
1.393312 0.6648979 0.3611088 0.2607174
1.886658 0.8734627 0.4182777 0.3729515
1.579977 0.8359337 0.4238148 0.330801
1.662695 0.9684162 0.3955574 0.2949352
1.38904 0.9077835 0.4870853 0.2953148
1.628168 1.055433 0.4839535 0.3273849
1.211277 0.5414505 0.2789803 0.007562637
1.193113 0.3973618 0.2700119 0.164011
0.8698349 0.4527683 0.2913456 0.1302338
1.880241 0.9584064 0.3969402 0.3699341
1.550232 0.9518929 0.4444714 0.3933926
1.851599 1.169455 0.4570847 0.3642979
1.666954 0.8209038 0.3861609 0.3190584
1.791136 1.232973 0.481945 0.3245277
1.40107 0.4923306 0.3257504 0.1684704
1.397867 0.956028 0.4494228 0.2811375
1.813503 0.931488 0.3703308 0.3319607
1.07942 0.5100899 0.3470812 0.1602058
1.783192 0.8957024 0.422884 0.3444862
1.759838 1.046354 0.4111004 0.3484783
1.516886 0.8894272 0.3630219 0.3176994
1.188017 0.6747265 0.3987598 0.1978378
2.010218 1.082823 0.4105797 0.3343334
1.083569 0.6870022 0.4315491 0.2179909
1.100622 0.5061703 0.3360691 0.2254887
2.233501 1.203175 0.4726715 0.371273
1.167179 0.3996506 0.2182007 0.005804062
2.11866 1.118263 0.4329681 0.3742905
1.595009 0.7746773 0.3428497 0.3056717
1.176649 0.4449272 0.2733307 0.1762276
1.366457 0.5638676 0.3409576 0.1545067
1.216656 0.6174393 0.3365841 0.2151203
1.949732 1.02717 0.4103832 0.3554726
0.9514523 0.3450356 0.2666111 0.145853
1.674936 0.8227463 0.459446 0.3579865
1.711039 0.796772 0.357502 0.2905006
2.099352 1.159586 0.4394112 0.3527012
2.090658 1.037642 0.4401894 0.3755093
2.001303 1.095814 0.4444962 0.3878994
1.390791 0.7301254 0.3722496 0.2738934
1.302177 0.5198765 0.2684383 0.1364212
1.332073 0.6504936 0.3708038 0.2699471
1.542152 0.9418106 0.4070835 0.2847252
1.634222 0.8349133 0.4428921 0.2749367
2.238165 1.098862 0.4622135 0.3516293
1.299589 0.7587395 0.4533558 0.298605
1.829065 1.112913 0.4480495 0.3426762
1.79492 1.093716 0.4523697 0.3374615
1.569633 0.5857162 0.367918 0.2396269
1.73175 0.7657566 0.4220371 0.3720913
1.16357 0.4468079 0.2963371 0.1911201
1.588612 0.8286762 0.3688488 0.2715778
1.974716 1.023621 0.4364872 0.3551865
1.233549 0.5360756 0.3302879 0.1584682
1.055162 0.4059353 0.3044453 0.1106014
1.636312 0.7817822 0.4123592 0.3007584
1.9424 0.9634457 0.4384174 0.3272514
2.044859 1.048269 0.4092083 0.3103542
1.851234 1.13122 0.4650345 0.3556614
1.455811 0.6696491 0.386713 0.2752762
1.814777 0.9146404 0.4018784 0.322298
1.872972 1.088966 0.3988476 0.3128872
1.575983 0.7633276 0.4043169 0.2578888
1.167568 0.6351891 0.3506079 0.256072
1.226166 0.8596153 0.4047318 0.2723675
1.212992 0.6233597 0.366272 0.2180519
1.681093 0.8237782 0.3906269 0.2137222
1.797874 0.9851036 0.3696003 0.3382282
1.82494 0.8648434 0.41469 0.3170872
1.926895 0.8864574 0.3851852 0.3212128
1.754086 0.8639755 0.3789997 0.3116455
1.282511 0.6096687 0.3703451 0.2882586
1.843815 0.8395004 0.3959818 0.3107204
1.180405 0.4975948 0.3671875 0.1466713
1.088186 0.5714149 0.3383236 0.1707039
1.420731 0.7562408 0.4056015 0.2398243
2.040981 0.9051609 0.4133101 0.3167629
1.981388 0.958622 0.4338264 0.3499813
0.9878788 0.6834373 0.3538857 0.07031441
1.838085 0.8587189 0.408659 0.3176594
2.216986 1.04674 0.4490585 0.374464
1.714527 0.9315624 0.411541 0.3424416
1.774643 0.763998 0.3632793 0.2678623
1.225161 0.5115108 0.2556343 0.1427364
1.327591 0.5562935 0.3215694 0.2125626
1.425648 0.8936882 0.4442711 0.2802143
2.041195 0.8501663 0.4008656 0.3163109
1.927025 0.8212452 0.3629608 0.2819424
1.599798 0.9121189 0.3856812 0.3494129
1.739893 1.043667 0.4150829 0.333416
1.744307 0.9105244 0.3901138 0.3288307
2.373775 1.331577 0.4562111 0.3472958
1.49938 0.82938 0.4521217 0.3090916
1.824442 0.7698822 0.3612919 0.2801876
1.692945 0.9350204 0.3937149 0.3092556
1.711441 0.7849197 0.3773422 0.3206787
1.277777 0.492979 0.2973557 0.2025623
1.795681 1.109701 0.4714489 0.3896561
0.8467407 0.5039387 0.2785282 0.1175079
1.448919 0.9181404 0.4075127 0.3418827
1.8062 0.7772675 0.2862263 0.1600685
1.845182 1.145081 0.4745083 0.3717613
1.420702 0.8505802 0.4240875 0.3125801
1.813993 0.9149761 0.4041557 0.314661
1.755125 0.8368225 0.423521 0.2442837
1.147915 0.3682957 0.1816273 0.03767776
1.750792 0.9429512 0.4544563 0.3391094
1.254452 0.5274162 0.4282589 0.2815037
1.90427 0.8927345 0.4204741 0.3261576
1.647783 1.100739 0.4195843 0.3069439
1.822758 0.8951454 0.3878098 0.2873726
1.847675 0.8270111 0.3754807 0.2602081
1.091976 0.4842892 -0.04600334 0.4118977
1.41522 0.5435915 0.312727 0.2159748
1.712517 1.004841 0.4078979 0.301836
1.795477 0.9171429 0.395586 0.3038769
1.510845 0.7190742 0.3937263 0.2575302
2.412971 1.366583 0.4297829 0.3848991
0.9761724 0.2933435 0.1928205 0.1134806
1.298719 0.5875664 0.3476963 0.1994495
0.9753857 0.4603672 0.2609577 0.1349087
1.905188 1.214773 0.4924164 0.3366203
1.49259 0.7702084 0.4374266 0.3306265
1.686523 0.8759155 0.4737301 0.3228779
1.775394 0.7937183 0.361064 0.2977848
1.302113 0.4040337 0.2038155 0.119812
2.000845 0.9149666 0.4099178 0.3278503
1.675274 0.9367447 0.4949989 0.4098454
0.7400341 0.4315605 0.3885307 0.1127224
2.010614 0.849575 0.4224091 0.3392162
1.254658 0.6164265 0.3728256 0.2395496
0.910614 0.3789921 0.3034363 0.1577921
1.425928 0.8823318 0.4445229 0.312912
1.402294 0.71805 0.3674603 0.2385712
1.939707 1.011501 0.4193802 0.4015713
1.574926 0.8394661 0.4358902 0.3485994
0.9299507 0.4932766 0.310627 0.1884861
1.158508 0.6554413 0.4212132 0.4407883
1.785913 0.8957367 0.4039001 0.3117714
1.347584 0.6637211 0.3664684 0.2525196
1.753103 1.005611 0.4329205 0.3352966
1.44858 0.7010193 0.4216423 0.2069416
0.975256 0.3776264 0.1570663 0.1290245
1.735582 0.8090782 0.3845787 0.3206081
1.631477 0.7621613 0.318634 0.2779617
1.710493 0.9962482 0.4159679 0.3480053
1.44241 0.6829281 0.3893852 0.2708645
1.438414 0.6945419 0.3395977 0.2922535
2.02014 1.136423 0.4291821 0.3193607
2.021622 1.009966 0.4203644 0.3365822
1.099941 0.7518654 0.4030495 0.2357445
1.88703 1.03739 0.4560242 0.4130859
2.081831 1.068455 0.4394627 0.3289108
1.805033 1.000647 0.4655342 0.3141918
1.360104 0.6299782 0.3281364 0.2111568
1.577147 0.8515301 0.4389782 0.3156929
1.887821 0.9508381 0.4064617 0.3412437
1.385359 0.6766758 0.3654366 0.3312531
1.050308 0.5862579 0.402771 0.2217865
1.093685 0.4857063 0.3092289 0.1842175
1.7414 0.9100552 0.4053059 0.2965374
1.822006 0.830534 0.4376698 0.3675632
1.945005 0.9549122 0.4188137 0.2908802
1.323498 0.6981525 0.3693581 0.2614059
1.103451 0.4474964 0.293335 0.155652
1.401062 0.8044834 0.4064636 0.335022
1.881073 0.9990406 0.3987999 0.3668985
1.690439 0.7684298 0.3706236 0.2957811
1.523874 0.7644405 0.4066601 0.312068
1.878119 0.9175606 0.3950157 0.3207874
1.267359 0.4990215 0.3294258 0.2001038
1.171875 0.4802113 0.3096046 0.1733685
0.9642849 0.4140873 0.250412 0.1536655
1.718859 0.9795189 0.505846 0.4092884
1.99202 1.072651 0.4129372 0.3407669
1.607512 0.7243805 0.3363819 0.2428837
1.085651 0.5505486 0.3610592 0.1696167
1.834297 0.7987671 0.4581184 0.2967052
1.104248 0.386776 0.289917 0.09076309
1.909573 0.9146996 0.4332523 0.2785187
1.356701 0.9887733 0.4916363 0.3117657
0.9870758 0.4255352 0.2736282 0.1068211
1.198093 0.6371422 0.4095249 0.2225418
0.8584614 0.271656 0.1806717 0.0348568
1.302919 0.5265274 0.3362923 0.2035275
1.430862 0.8251324 0.4139881 0.36092
1.408209 0.5553398 0.3588753 0.2260151
1.79591 0.9038563 0.3810806 0.3188362
1.578037 0.8658047 0.4478302 0.3095341
1.465979 0.7954445 0.4174099 0.3179131
1.142406 0.8630733 0.4357986 0.2237625
2.040194 1.301548 0.4730606 0.2910309
1.378443 1.030338 0.4878426 0.2756062
1.675743 0.8192997 0.3248787 0.2376328
1.723541 0.8297138 0.3738785 0.3334751
1.733545 0.778511 0.3353119 0.2772865
1.7153 1.152576 0.454237 0.337019
1.507902 0.7458019 0.4132833 0.3222837
1.44429 0.8500309 0.3906727 0.2988987
1.084362 0.3125229 0.2416382 0.07371712
0.9640331 0.4222317 0.3192272 0.1436253
1.184294 0.5386295 0.2961426 0.1947365
1.920807 0.9518509 0.4077911 0.3554668
1.574757 0.9526424 0.4506283 0.3741674
1.292639 0.5074978 0.2933674 0.0936718
1.778357 0.8436966 0.3805237 0.3141127
1.084225 0.3269653 0.2268448 0.09256554
1.920429 0.8486004 0.4770775 0.3450508
1.724669 0.8217182 0.3518562 0.2854691
1.613131 0.7605247 0.4310989 0.2656174
1.295994 0.9112263 0.4526329 0.3384228
1.162489 0.4064999 0.2886696 0.1327057
1.304827 0.7347031 0.4046707 0.2678394
1.721478 0.8660965 0.3516617 0.3051109
1.919756 0.8701973 0.4048271 0.3149147
1.558424 0.8215981 0.4385853 0.3755465
1.240583 0.5885792 0.3567886 0.1971054
1.874989 0.9536877 0.5817776 0.3084831
1.914118 1.215811 0.4622631 0.3232422
1.853243 0.9499683 0.4542141 0.270874
1.751621 0.9166451 0.3719463 0.3467846
2.200268 1.070385 0.4350662 0.3667736
1.917135 0.8496437 0.4034767 0.3203964
1.941868 1.307653 0.5218773 0.4000626
1.320995 0.6392345 0.3608952 0.2565126
2.325512 1.02733 0.470768 0.3898277
1.713911 1.325895 0.4720516 0.3880501
1.660295 1.084612 0.4956474 0.3076344
2.21508 1.052919 0.4148769 0.3610497
1.890388 1.069965 0.5063877 0.3495026
1.876154 0.88064 0.3937092 0.3041611
2.017426 0.8794575 0.4168091 0.3202152
1.577822 1.102148 0.4826107 0.3421116
1.639614 0.8570595 0.4370346 0.3055058
1.142658 0.582674 0.3664246 0.214962
1.435263 0.8135242 0.4147205 0.3067474
1.407991 0.8497543 0.4563198 0.2687531
1.346811 0.8085098 0.4386024 0.2847786
1.666658 0.7035942 0.3703976 0.247282
1.096231 0.5967503 0.359396 0.2209787
2.172541 1.249825 0.4758587 0.3270283
1.528145 0.6865826 0.3718414 0.3196487
1.140833 0.4706707 0.3079739 0.1609497
1.895874 0.8081722 0.5198021 0.3434734
1.799559 0.7911186 0.3552799 0.282897
2.16584 1.187456 0.4958858 0.3721848
1.274696 0.8303757 0.422102 0.261097
1.540304 0.7574482 0.464262 0.2499218
1.756727 1.021788 0.4687614 0.3752136
1.02055 0.4801884 0.29669 0.1768551
1.472219 1.309044 0.5476875 0.3498268
1.416315 0.7240314 0.4277687 0.2482147
1.905024 1.021194 0.4596939 0.2836742
1.185562 0.4251328 0.2565651 0.1578999
1.754152 0.9739571 0.4055939 0.3378201
1.934109 0.96175 0.4059639 0.2744179
1.260647 0.5122776 0.2994671 0.09905243
1.795788 0.9388237 0.3938427 0.3119793
1.666798 0.8473549 0.3719673 0.2894268
1.356052 0.6187153 0.3560448 0.266284
1.756229 0.8958282 0.4078884 0.3176498
1.965677 0.9688892 0.4111366 0.3135452
1.450001 0.7546196 0.3751469 0.2457886
1.854429 1.012039 0.4701805 0.4022369
1.162691 0.4929237 0.2984219 0.2168236
0.878994 0.2975616 0.2513618 0.1021137
1.062908 0.7767754 0.288702 0.1652641
1.491907 0.7007637 0.3740826 0.2457161
1.859598 1.168669 0.4732227 0.3539658
1.273447 0.4607391 0.2931252 0.1400261
1.93856 0.8787994 0.4100485 0.2778482
1.135603 0.5992775 0.4094181 0.2356129
1.881084 1.179989 0.4513874 0.2846107
0.8707752 0.2064457 0.2479877 0.03430557
1.344126 0.7661304 0.4583225 0.3490162
1.129675 0.9595947 0.4211617 0.2583485
1.454533 0.6124897 0.392004 0.2166195
0.8828087 0.4010582 0.2313423 0.08916283
2.338741 1.331114 0.490715 0.3244572
2.018692 1.161058 0.4692554 0.338974
1.844904 0.8660412 0.4978294 0.2639637
0.9445305 0.4163494 0.2809238 0.1749992
1.960985 0.9969845 0.4815063 0.4000568
2.031073 1.120911 0.5048542 0.4138088
1.137398 0.5230236 0.2724762 0.1813631
1.801931 0.94734 0.4175606 0.3634338
1.147413 0.5998001 0.3655415 0.2444668
2.053864 0.9644623 0.3600731 0.3544254
1.114052 0.5327644 0.3304157 0.1981277
1.164083 0.509428 0.3007793 0.1931725
1.857191 0.8826199 0.3818083 0.3074255
1.563856 0.967207 0.4560642 0.3621998
1.457951 0.6062202 0.4044542 0.2836828
1.045815 0.5557785 0.3848972 0.1523075
7.086308 1.580416 0.09370804 0.1950779
1.490969 0.6428127 0.3237019 0.2012329
1.637669 1.195158 0.5465698 0.4141712
1.734785 0.8873882 0.4689159 0.4390087
1.708574 0.7690525 0.3482037 0.2843008
1.324577 0.6011028 0.3867455 0.227849
1.771622 0.8748493 0.4248562 0.3568916
1.080599 0.4924145 0.3102779 0.2331619
3.322887 0.6384792 0.0649929 0.1605721
1.783718 1.203045 0.4939098 0.3555717
1.39686 0.6736774 0.3788424 0.263751
1.213037 0.730978 0.3744583 0.2270355
1.602551 0.7757607 0.3988724 0.3086176
1.79948 1.03887 0.5740719 0.5321617
1.02495 0.418066 0.2830238 0.1396618
1.222111 0.5324774 0.2804289 0.2169495
1.922668 0.9198284 0.4313955 0.3229465
1.981777 0.8957863 0.4016685 0.3252087
1.061314 0.5400486 0.3324528 0.1822472
0.9762421 0.4842205 0.278923 0.1537323
0.7517319 0.3739052 0.1906605 0.1915817
1.456192 0.6683998 0.3856373 0.2389984
1.637253 0.9785423 0.4291668 0.3689728
1.10903 0.6309013 0.3372459 0.2845945
1.345739 0.8263931 0.4172821 0.2767773
1.740799 0.8040733 0.3946896 0.2852077
1.05777 0.3293629 0.2164421 0.1337566
1.175222 0.6951904 0.3605957 0.2769451
1.328463 0.450449 0.2022915 0.1274853
1.029886 0.435482 0.3048019 0.1391449
1.104834 0.6378765 0.3906651 0.1392269
1.724329 0.8555565 0.2728863 0.4364071
1.166252 0.6306248 0.4104748 0.2366505
1.641123 0.9648495 0.4772511 0.3346577
0.9164257 0.3939171 0.2929859 0.1059666
1.671661 1.272137 0.5079517 0.3473873
1.55335 0.8298035 0.5695992 0.1124687
1.697138 1.04114 0.4562263 0.4013424
1.381639 0.6847878 0.3397846 0.2531643
1.123379 0.5557842 0.3380127 0.1975918
1.714994 0.9068565 0.3841972 0.2634373
1.966261 0.9540367 0.4155846 0.3019085
1.816978 0.910408 0.4321671 0.2922115
1.695766 0.7103062 0.3279724 0.2709045
1.180422 0.4826374 0.3064156 0.1400013
1.680069 0.7567787 0.3722372 0.2874479
1.56542 0.79809 0.4160328 0.2868767
1.858349 0.925127 0.4133701 0.2803001
1.326706 0.6884346 0.4268169 0.2533665
1.763735 0.9403687 0.397398 0.2656918
1.325361 0.5366898 0.2848148 0.1077156
1.82448 0.8488884 0.416954 0.293047
1.863106 1.041885 0.4405193 0.3192234
1.354303 0.726429 0.3938541 0.2839603
1.047779 0.2832775 0.1612568 0.1203747
1.467054 0.7177048 0.4413395 0.2395153
1.883242 1.019342 0.4238968 0.3281441
1.451935 0.8281708 0.4473305 0.2669163
1.880884 0.8904324 0.4345856 0.2865143
1.466072 0.7748318 0.4112959 0.3245134
1.168051 0.4868469 0.3214169 0.1503944
1.982119 1.195099 0.4458866 0.3571568
0.9567318 0.3496656 0.1969128 0.1212187
1.238049 0.5547562 0.3395405 0.2072353
1.046114 0.3226433 0.2097149 0.1404819
2.006784 1.074938 0.5613346 0.3664513
1.054287 0.460022 0.3060532 0.1774616
1.356054 0.5828953 0.3175163 0.2252045
0.9281597 0.3496323 0.2694645 0.1025772
1.726686 0.8290348 0.3899155 0.3177967
1.529631 0.719574 0.3775063 0.2661343
1.933876 1.033333 0.4383011 0.3493004
1.251053 0.5651226 0.3444309 0.2147217
1.829746 0.949192 0.5109997 0.4122334
1.12527 0.4235325 0.2238722 0.1661291
2.036146 0.963892 0.3944016 0.3293943
1.874714 0.881443 0.3831062 0.2689095
1.828218 0.9409065 0.4402504 0.3025379
1.773857 0.9166489 0.3514194 0.302227
1.779116 0.970726 0.4027576 0.360281
1.156712 0.6957588 0.4481258 0.2446613
1.595554 0.7068624 0.3558674 0.2574797
1.885363 0.9811974 0.4481487 0.1759892
1.12579 0.6187286 0.3353176 0.2636566
1.856134 0.9040203 0.4141502 0.307497
1.370022 0.7722034 0.3803816 0.2835093
1.383228 0.6305618 0.3599625 0.2324066
1.867529 1.08194 0.4724369 0.3166103
1.366226 0.831604 0.4624672 0.2536011
1.943321 0.9351997 0.3977947 0.2757397
1.053303 0.4781265 0.2567024 0.1510944
1.090111 0.6987104 0.3948336 0.2603436
1.86857 1.063126 0.4268627 0.3311386
1.651207 0.9512539 0.4906139 0.3491573
1.00614 0.3866158 0.2741566 0.1179733
1.922241 1.118916 0.4501247 0.3461704
1.813166 0.9344158 0.4734116 0.3093109
2.02879 1.088533 0.4682541 0.3435345
1.751822 0.8062286 0.372654 0.2780209
1.062433 0.4377041 0.2958431 0.1491261
1.719191 0.9527931 0.3980885 0.2701893
1.72731 1.115288 0.4480877 0.2938747
1.703068 0.8817863 0.497385 0.3249035
1.389343 0.8058243 0.4103947 0.304184
1.276073 0.8892002 0.42486 0.2829628
2.101254 1.119673 0.4577408 0.3625879
1.258041 0.5565319 0.3008766 0.2314129
1.287939 0.6088018 0.3016291 0.255167
1.719936 0.9202442 0.3573341 0.3274002
1.64262 1.371647 0.4771748 0.3590202
1.211586 0.474102 0.2573853 0.19244
1.14071 0.4916153 0.2414522 0.1524706
1.945772 0.8976879 0.3857841 0.3207779
1.412153 0.6904011 0.4122295 0.2709618
1.074047 0.3217354 0.1654091 0.04547691
1.812635 0.8017712 0.3657341 0.3046608
1.916954 1.04759 0.4316654 0.3637476
1.392384 0.6623154 0.348774 0.2608566
1.29882 0.6575508 0.36022 0.2478371
1.920929 0.7633419 0.3306141 0.2350578
1.868488 1.1217 0.4596939 0.3890705
1.252439 0.5292645 0.3463058 0.1621761
1.147261 0.7109833 0.3702545 0.1534977
1.251608 0.3580647 0.2187481 0.0484848
1.081062 0.4485683 0.2838707 0.164854
1.353493 0.8152084 0.4047337 0.2532616
2.28554 1.185631 0.3431072 0.3730297
1.445715 0.6539211 0.3193283 0.3134232
1.324537 0.7510872 0.4140072 0.2753181
1.91703 0.9038677 0.4427586 0.2706356
1.235729 0.6316471 0.356266 0.2378063
1.823885 1.136986 0.4358368 0.3414173
1.868603 0.9855804 0.4121284 0.3586483
1.136953 0.5053082 0.2774067 0.1762314
1.934145 0.9959908 0.4447365 0.3820877
1.844536 1.066479 0.3970566 0.370472
1.379595 0.8699455 0.429388 0.3251247
1.191162 0.6256599 0.4129467 0.2241154
1.293238 0.6161251 0.3306675 0.2303905
1.049811 0.4196177 0.1995287 0.1518354
1.158833 0.6217632 0.3397846 0.2122154
1.751417 0.9900227 0.4984627 0.4372864
1.926575 0.854023 0.4296036 0.2770166
1.775394 0.9831028 0.4582443 0.3429852
1.808514 1.178474 0.4708424 0.3172874
1.931358 0.9683495 0.3997431 0.3407269
1.412018 0.3196564 0.2544699 0.131031
1.70413 1.012476 0.4430161 0.3358517
1.693062 0.9421234 0.423502 0.3293457
1.956978 1.066088 0.4246464 0.2955456
1.592697 0.7947235 0.3543968 0.2578659
1.11693 0.6002445 0.3730125 0.2257824
1.471539 0.7674332 0.3973045 0.283124
0.9797039 0.5775566 0.3553696 0.1932182
1.832911 0.7656174 0.3318195 0.4359016
1.160221 0.6409893 0.3206482 0.2140541
1.87962 0.9142723 0.405035 0.3140335
1.359043 0.6687183 0.3864517 0.215992
1.669062 0.8168736 0.3652859 0.268218
1.844776 1.353806 0.470789 0.3248997
1.787792 0.8095016 0.4110413 0.3284492
1.272974 0.6590538 0.4111862 0.2547951
1.708395 1.014807 0.5168743 0.3475151
1.122204 0.4524002 0.263895 0.1911793
2.065607 0.9400978 0.3831921 0.3213921
1.993727 0.9756126 0.4202938 0.3215218
1.388783 0.8726845 0.4199734 0.3042965
2.074135 1.183561 0.4405613 0.3420219
1.774847 0.7773914 0.4432268 0.2914505
1.817133 0.8295784 0.3599491 0.2660103
1.3505 0.5212135 0.2805557 0.2687607
1.136322 0.4243374 0.2819958 0.1277256
2.005863 1.312206 0.4825649 0.3833427
1.249563 0.6726131 0.3232594 0.2545757
1.45455 0.9268608 0.4623566 0.2107697
1.715292 0.7810326 0.3795414 0.2598286
1.196512 0.6752396 0.3449574 0.1977596
1.300669 0.7314167 0.4773388 0.2034168
1.669083 0.9408569 0.363224 0.306612
1.327366 1.024599 0.4320774 0.3309078
1.945271 0.982338 0.4235668 0.3330708
1.954535 1.079885 0.4270954 0.3377934
0.7686043 0.2191334 0.1564884 0.01860237
1.360998 1.071384 0.4655399 0.3845043
1.758556 0.7682934 0.370697 0.2787857
1.042322 0.3316765 0.1862755 0.1290703
2.291197 1.294725 0.4535065 0.3519688
1.481005 0.5598946 0.3258419 0.2489471
1.546795 0.7182999 0.3916912 0.2797012
2.078915 1.102331 0.4662342 0.3237438
1.801437 0.8581791 0.3200111 0.2814636
1.604822 0.8157902 0.4551048 0.3464947
1.408401 1.004431 0.4194965 0.3383389
1.04324 0.459446 0.2845173 0.1792126
1.800114 1.01631 0.4059391 0.3438511
1.160517 0.5836792 0.3954048 0.2046576
1.935854 1.046524 0.4080715 0.3297729
1.229918 0.6127033 0.3657627 0.2328186
1.26614 0.713686 0.399559 0.2698622
1.355728 0.7349815 0.340044 0.3041668
1.209864 0.4810781 0.2750769 0.1674395
1.273832 0.6717224 0.3144398 0.1595707
1.81319 0.9104004 0.4287415 0.306551
1.909761 0.9836597 0.4214096 0.3119488
1.499535 0.6830826 0.4039593 0.2639713
1.520693 0.9552746 0.4599552 0.2957439
1.498774 0.7333183 0.3975983 0.2927589
1.801844 0.7801952 0.3934097 0.2965298
1.853947 1.084913 0.454483 0.3587952
1.189295 0.3284035 0.2312832 0.14048
2.071592 0.9699821 0.3614731 0.3546658
1.69212 0.9657307 0.379837 0.3386345
1.489859 0.7324352 0.37743 0.2237434
1.480331 0.6387482 0.3978367 0.2299519
2.010998 1.140888 0.4945679 0.3143559
1.873285 0.917347 0.4061146 0.2904987
1.014267 0.3025494 0.1528473 0.09918976
1.43955 0.7581711 0.3698273 0.3074017
1.10446 0.3875389 0.2314835 0.1166077
2.006664 1.177868 0.5733223 0.4178219
1.628227 0.8680153 0.4844131 0.3747425
1.842903 0.955162 0.4030075 0.3151436
1.988073 0.9551659 0.4041157 0.369976
1.731726 1.212416 0.5111103 0.3858299
1.289345 0.6483021 0.3856144 0.2245331
2.10219 1.034727 0.4279976 0.3282089
1.739826 0.9123363 0.3856735 0.3062477
1.410986 0.7953949 0.4091816 0.2489109
1.779484 1.049314 0.4860954 0.3321133
1.350885 0.5819836 0.3440228 0.1916122
0.9732399 0.3132687 0.1509247 0.070364
1.651905 0.7176895 0.3389111 0.2499046
2.011562 1.136444 0.4603043 0.3763027
0.9657211 0.5174732 0.3082561 0.211338
2.000153 1.107986 0.4350338 0.4473381
0.9408913 0.3338947 0.1938744 0.1139183
0.8889198 0.2722359 0.1372681 -0.03522491
1.252253 0.4024868 0.1953926 0.01137352
1.961205 0.9476051 0.4060612 0.313508
1.266628 0.5222073 0.2958984 0.1491718
1.754234 0.85355 0.3438683 0.2904253
1.27787 0.4645691 0.3351269 0.09692955
1.846439 0.888052 0.3900375 0.3098946
1.68206 0.8698769 0.408617 0.2805634
1.557728 0.7854958 0.3730316 0.1551762
1.789621 0.7754145 0.3573275 0.2927618
1.306545 0.5574417 0.2926559 0.2103481
1.860598 0.8257866 0.3885489 0.2955256
1.170006 0.4274597 0.2817516 0.107193
1.241337 0.5812359 0.3624649 0.2080059
2.311733 1.066303 0.4898834 0.2672596
1.894533 0.9717617 0.4263992 0.3059216
1.983837 1.181002 0.4356937 0.3032722
1.81941 0.9271526 0.4648571 0.3120232
1.988268 0.9601746 0.4439564 0.349287
1.809023 0.7943802 0.3987141 0.2944593
1.863478 0.9465084 0.3820152 0.3439751
1.210413 0.513216 0.3205156 0.2058086
1.835238 0.9741077 0.4529419 0.3452721
1.041582 0.3357182 0.2387009 0.1354122
2.023537 0.9526596 0.387682 0.3040829
1.71702 0.8552361 0.3020973 0.216856
1.252165 0.6881924 0.3608074 0.230608
1.307232 0.7099819 0.4071026 0.1923943
1.981539 1.282446 0.4763145 0.3087101
1.450371 0.8036575 0.4038582 0.3744221
1.035656 0.6621475 0.4031143 0.2422981
1.359211 0.6311779 0.3583546 0.258728
1.589617 1.0474 0.4663792 0.3342495
1.448168 0.8447247 0.4177017 0.3136959
2.043829 1.2871 0.5076294 0.3575993
1.792284 1.051378 0.4609032 0.3291492
1.793085 1.225361 0.4575596 0.3279972
2.02195 0.9212074 0.5269852 0.380537
1.897247 0.8303509 0.3961124 0.3005352
1.109026 0.6868267 0.3705311 0.2630386
1.088772 0.543169 0.3432655 0.2158546
1.536922 0.867136 0.4166508 0.2398472
1.221704 0.5628624 0.3602657 0.1277142
2.047474 1.015842 0.4267712 0.3483925
2.260025 1.145044 0.4866219 0.3698425
1.945992 1.192249 0.5767555 0.5109863
1.43136 0.7655888 0.3785114 0.3032131
1.366562 0.6112137 0.3054752 0.1295681
1.79657 0.9060497 0.3964214 0.3205776
2.019339 0.9315796 0.4074421 0.3241959
1.932457 1.087294 0.4552879 0.3799343
1.886164 1.058832 0.5234127 0.4355164
2.088108 1.228441 0.4641075 0.3476639
1.815672 0.9941978 0.4276276 0.4098377
1.759201 0.814249 0.3873463 0.3110867
2.059166 1.115473 0.4515724 0.3604813
2.004957 1.018488 0.4892254 0.4285908
1.434288 0.9310055 0.4045467 0.3262653
1.656036 1.130831 0.4715366 0.3399487
-0.8534899 3.173208 0.02042484 1.804988
1.358379 0.8250923 0.4816742 0.30867
0.854229 0.1961117 0.00860405 0.04206657
1.14407 0.6332226 0.3551598 0.2083988
1.961487 0.8941097 0.4061737 0.3030968
1.85302 0.9874058 0.428957 0.2929935
1.827602 0.9193687 0.3934822 0.3374195
1.313528 0.7168617 0.4153347 0.2942677
1.125895 0.3300781 0.2185249 0.1264515
1.215555 0.807024 0.4261112 0.2426281
1.622217 0.8035908 0.3702755 0.2716665
2.179697 1.052784 0.4606514 0.3381138
1.214029 0.4801807 0.2984676 0.1242695
1.714373 1.114098 0.4526749 0.3228111
2.219404 1.126276 0.4404221 0.3523884
1.496269 1.017416 0.4497013 0.3520565
0.9715796 0.373167 0.1740742 0.1025515
0.9721756 0.4530602 0.3617115 0.1405888
1.019953 0.2632084 0.3359909 0.07560349
1.327374 0.5273247 0.283865 0.2153463
1.306831 0.657095 0.3477478 0.2674751
1.879988 0.819067 0.3640099 0.302247
0.9459229 0.1809483 0.02135468 -0.09020615
2.087105 1.087561 0.4872761 0.357769
1.332388 0.6246147 0.3751736 0.1877213
1.054342 0.4463129 0.2593937 0.199811
1.734316 0.932642 0.438858 0.3214779
1.745667 1.260441 0.4764519 0.3478127
2.769812 1.357132 0.5006809 0.3208046
1.310812 0.5680504 0.3366585 0.2057667
1.460415 0.79459 0.3896599 0.2722816
1.528435 0.9631138 0.4450035 0.2583008
1.260933 0.5073986 0.3033466 0.211565
1.210148 0.6889267 0.3782406 0.2340641
2.170843 1.110418 0.4240055 0.34865
1.610525 0.8024483 0.4778404 0.3554382
2.338587 1.021446 0.4753151 0.3339119
1.673584 0.5958786 0.2778254 0.2004337
2.072533 1.230572 0.4553967 0.3120041
1.140028 0.4597034 0.2598515 0.1794567
1.143715 0.6513233 0.3049545 0.1851215
1.428715 1.069653 0.4730968 0.3306313
1.962038 1.031786 0.4431686 0.3346539
2.005045 1.090498 0.42939 0.3500977
1.250189 0.5511723 0.3090763 0.2517138
2.4814 1.168993 0.5318604 0.2096348
1.181135 0.6277981 0.3564892 0.233429
1.056843 0.6530342 0.3519726 0.1934452
1.70166 1.170769 0.5316772 0.3775444
2.023254 1.043503 0.4423866 0.3445854
1.324042 0.5705919 0.3330822 0.1974726
1.330568 0.6453323 0.3558464 0.2085094
1.779436 0.8093662 0.3698235 0.2605419
1.283251 0.4670954 0.2643499 0.09080219
1.090504 0.6363983 0.2982502 0.2279205
1.27062 0.865778 0.345562 0.2467957
1.73509 1.057388 0.5148735 0.4297047
1.556742 0.7578907 0.3437881 0.1930847
0.9941807 0.3863258 0.2346954 0.185585
1.830231 1.240862 0.465868 0.3068085
1.849157 0.942667 0.4230309 0.3061447
1.116379 0.601078 0.3530254 0.2196598
1.705807 1.007069 0.4594841 0.3167324
2.100304 1.166306 0.4721279 0.4195862
1.979555 1.388172 0.4597836 0.3799915
1.864424 0.9658489 0.4240513 0.3353062
1.301575 0.7556705 0.3927422 0.2917461
1.144632 0.6060009 0.3129807 0.2279863
1.934237 0.9388237 0.3987656 0.333889
1.910839 0.9761047 0.4131145 0.3400822
1.779015 0.8078613 0.3611221 0.2614479
1.347721 0.8823776 0.3693237 0.2594376
1.02844 0.6129856 0.3115234 0.1476498
2.301861 1.053104 0.4466534 0.3236256
1.833342 0.9258652 0.388113 0.3230591
1.819872 0.8300171 0.3570423 0.2893162
1.945013 1.048525 0.4191895 0.3312607
0.8242207 0.689991 0.3669224 0.2074108
1.369619 0.6514072 0.341465 0.1614494
1.155409 0.3081398 0.2097893 -0.1050568
1.672937 0.9668961 0.4898548 0.3172379
1.482546 0.7668877 0.3801517 0.2419491
1.259785 0.8471146 0.3968334 0.2275028
1.654856 0.8657455 0.4092016 0.2555056
1.53681 1.000906 0.4774628 0.299242
1.977802 1.141001 0.4865227 0.3218784
1.566771 0.9381695 0.4691048 0.2838707
1.166569 0.5656166 0.3048658 0.2292509
1.487621 0.6586399 0.3947124 0.2934837
1.227568 0.7109852 0.394495 0.3016777
1.94306 1.010649 0.4224892 0.3160515
1.395555 0.7914124 0.3558578 0.2951698
1.521774 0.7711277 0.3771706 0.3157654
0.9851685 0.3614597 0.2737999 0.1201916
1.75494 0.9202518 0.3763771 0.329628
1.935341 0.8850784 0.4070759 0.2901907
1.81745 1.040688 0.4146786 0.3249626
1.773354 0.9000797 0.336668 0.3109608
1.887028 0.8854504 0.3843803 0.2914181
1.784382 0.9000568 0.3335609 0.2907963
1.851561 1.078096 0.4552402 0.3201237
1.968685 1.160872 0.4418545 0.3545494
2.095222 1.157131 0.4691944 0.3415279
1.956282 0.9686451 0.4122505 0.338686
2.129486 1.365757 0.4634609 0.3600006
2.262924 1.145853 0.478693 0.3435268
2.019535 1.163971 0.500864 0.3197155
1.83918 1.071318 0.4698143 0.3135529
1.333941 0.4083805 0.2287121 0.1362133
1.8834 1.2141 0.4398994 0.3346691
1.722464 0.793972 0.3434753 0.2997055
1.363176 0.6100121 0.3586521 0.2835865
1.868954 1.055178 0.4412193 0.3049259
1.727417 1.155769 0.4620857 0.3931503
1.108921 0.531805 0.346653 0.2208862
1.992516 1.169487 0.4722691 0.3225327
1.579357 0.7486115 0.4113607 0.3184557
0.9674606 0.3165989 0.2996616 0.04539108
1.835423 0.7984962 0.3889637 0.2978048
2.009726 0.894001 0.3871899 0.2998714
1.390585 0.5349007 0.3757763 0.2061539
1.165903 0.4509735 0.1685982 0.2322655
1.812868 0.8466835 0.3944435 0.2947006
1.532068 0.9742889 0.4881458 0.3149109
1.127123 0.3520622 0.2487469 0.1230698
1.440741 0.6340694 0.3576193 0.2663794
1.002773 0.4009438 0.1819916 0.08982849
1.056961 0.4162712 0.2870979 0.1177511
1.999052 0.9213772 0.4404469 0.3332748
1.91888 1.00602 0.4262714 0.3581409
1.929642 0.7768364 0.4926472 0.3444366
1.408377 0.7765675 0.4151459 0.2656498
1.520533 0.7821808 0.4043884 0.2953033
0.9637165 0.3040314 0.2394123 -0.09884453
1.083984 0.7259121 0.3618279 0.2388268
1.790529 0.91049 0.3920422 0.3182621
1.467741 0.7257538 0.4021854 0.304493
1.066082 0.3692074 0.2407532 -0.01633835
2.100925 0.9777985 0.4658775 0.3255749
1.259083 0.4891186 0.2530441 0.1715908
1.726217 0.8443108 0.3164368 0.1981697
1.698549 0.9580345 0.3841438 0.2943764
1.769772 1.314617 0.4946232 0.3185997
1.270994 0.6782036 0.3795443 0.2432995
1.931599 1.035894 0.4739876 0.3809776
1.575943 0.7276306 0.3833447 0.2867146
0.8955116 0.3331413 0.320879 0.08072853
1.184309 0.5137367 0.2850838 0.2353439
1.613255 0.7352562 0.3861275 0.2924252
1.440063 0.7594604 0.4712715 0.2636166
1.481258 0.8180599 0.3511162 0.2550564
1.506474 0.6920528 0.3610363 0.2789469
1.673794 0.9130478 0.4497576 0.3262815
1.383982 0.9243317 0.3712063 0.1996346
1.729025 0.8461876 0.3913422 0.3082428
2.384771 1.059397 0.4202118 0.3517494
1.998653 1.152521 0.4523983 0.3675804
1.572199 0.7486553 0.3705845 0.3070297
1.917492 1.14896 0.4314804 0.2834377
1.361607 0.5487232 0.3264656 0.2128468
1.767025 1.267574 0.4618626 0.332592
1.571119 0.8037891 0.3992195 0.2952528
1.299335 0.6008263 0.2911911 0.2883797
1.955692 0.942379 0.3855762 0.3082943
1.013548 0.5456238 0.2884254 0.1950951
1.64477 0.9152775 0.4060478 0.3576965
1.216169 0.5087433 0.2966642 0.194644
2.022835 0.9058857 0.4202147 0.3001986
1.639425 0.9293213 0.429388 0.3327885
1.41156 0.6161575 0.3133736 0.238101
1.105867 0.5555458 0.3374176 0.1822262
1.07155 0.460392 0.3449783 0.1664639
0.81493 0.3003387 0.2443104 0.04391098
1.531347 0.6570625 0.3443127 0.1869335
1.155777 0.7433548 0.3611279 0.2452583
1.466198 0.6542912 0.3558311 0.3017235
1.761282 0.7891397 0.3650751 0.2965307
1.326441 0.6259642 0.3758392 0.22892
1.413353 0.6600952 0.3513985 0.1933651
1.76363 0.9913712 0.4218311 0.3530941
1.733814 0.9562531 0.4378357 0.3302994
1.357729 0.6800785 0.4088097 0.2408123
1.329222 0.6002369 0.408411 0.2907925
1.820753 0.997715 0.4105854 0.3039398
1.066961 0.4922848 0.2682743 0.2347984
1.405466 0.5280828 0.32304 0.1671381
1.958147 0.842741 0.4165945 0.3124914
0.9946575 0.3830929 0.3092461 0.1321774
2.168785 1.308678 0.5171299 0.3362141
1.877874 0.8409052 0.4055157 0.2783012
1.658672 0.7570629 0.3550339 0.3034811
1.183887 0.7735538 0.3891716 0.2927189
1.042917 0.3718357 0.2250614 0.09390068
1.663603 0.8704834 0.406641 0.3228664
2.129705 1.213182 0.4891167 0.3493252
1.765295 1.061335 0.4507427 0.3664112
1.593843 0.7006216 0.3788538 0.2673464
1.353786 0.6910343 0.4116879 0.2890244
1.841206 1.218712 0.4481964 0.4008789
1.552126 0.7376709 0.4233685 0.2561836
1.063507 0.6545963 0.5143566 0.323
1.438433 0.7238216 0.378828 0.273222
0.9999371 0.7008038 0.4171791 0.2524357
1.342331 0.7332764 0.3886395 0.3144054
1.571638 0.8352747 0.4225178 0.2735758
1.351332 0.670496 0.4342136 0.2684402
1.268496 0.7735844 0.4249249 0.2812881
1.04793 0.3922157 0.2333946 0.03343964
1.83952 1.116552 0.4048729 0.307497
0.9245586 0.3731232 0.3430748 0.1350002
1.028963 0.4861336 0.3613605 0.1326857
1.416492 0.5716105 0.3504677 0.2188921
1.246031 0.6143494 0.3240967 0.2668133
2.100828 1.046242 0.4154034 0.319376
1.666204 0.995739 0.4145641 0.3697929
1.007012 0.5492249 0.2480478 0.2172623
1.959232 0.8513985 0.4003258 0.2873058
0.9624615 0.2935543 0.1537285 0.1543674
1.162912 0.7740498 0.4054317 0.2109737
1.29055 0.6924896 0.3876553 0.2193089
0.8851376 0.275713 0.3014431 0.06654549
1.805403 1.033375 0.378912 0.3154449
1.732809 0.8174343 0.3381042 0.2776318
1.728292 1.008785 0.4610386 0.3442955
1.73657 0.8430729 0.4036217 0.2567635
1.815809 0.8667355 0.3737411 0.3144588
1.630222 1.036036 0.4451485 0.3472767
1.512207 0.6780262 0.296957 0.2284985
1.665434 0.7520885 0.3690386 0.2522697
1.902578 1.031452 0.4444618 0.3529987
1.761576 1.148947 0.4694748 0.3135052
1.937572 0.9526539 0.4754372 0.3462219
1.784126 0.8585701 0.3815289 0.3602619
1.415079 0.498888 0.2827129 -0.02267647
1.431364 0.6570606 0.3583956 0.318141
1.27644 0.5392418 0.2896709 0.2074356
2.125591 1.059933 0.4515953 0.3615198
1.16646 0.3940983 0.2820415 0.1137104
1.685852 0.8367176 0.3771687 0.2849636
1.622419 0.8551655 0.3553333 0.2627029
1.369772 0.6193905 0.3548584 0.1185703
1.658466 1.02515 0.5164776 0.2979317
1.880289 1.011587 0.4375725 0.3340092
1.862551 1.224178 0.4970207 0.3041153
1.125105 0.484951 0.2399092 0.1929417
1.04117 0.4081745 0.2074261 0.1671982
1.740644 0.8270798 0.3988457 0.2822876
1.067677 0.2278271 0.2374287 0.1118507
0.9300461 0.2778187 0.1844044 0.08558273
1.03117 0.5483799 0.3593178 0.1765347
1.043903 0.3635006 0.1071548 0.07944489
1.216063 0.5670662 0.3554344 0.2435389
1.280695 0.6146011 0.3596249 0.2388124
2.001978 1.024254 0.4325619 0.3794384
1.183012 0.7270985 0.3650684 0.2438507
1.051605 0.3240662 0.2408352 0.09420395
1.521753 0.7200623 0.4124641 0.2977924
1.80755 1.091734 0.4540329 0.3144779
1.613585 0.827116 0.3564205 0.2936449
1.903074 1.18915 0.4638119 0.3286877
1.563343 0.8332272 0.4210434 0.3172989
1.954554 1.173822 0.4889793 0.3703346
1.482986 1.048794 0.4488068 0.2885475
1.582979 0.7842827 0.3743134 0.3009892
0.9256859 0.2678623 0.199255 0.09239006
0.8929577 0.3320837 0.1551075 0.1625175
0.9278774 0.356142 0.1606979 0.04924965
1.830153 0.9365349 0.397522 0.3245144
1.846077 0.8252592 0.3896589 0.2994633
0.9766712 0.2773056 0.217762 0.1586838
1.193777 0.4138393 0.2386265 0.1226559
1.64587 1.224184 0.4045486 0.2478294
1.45966 0.9471607 0.4550247 0.2916718
1.261572 0.6728916 0.3558674 0.2464199
1.305899 0.4987755 0.3081818 0.1778259
1.34524 0.6048317 0.4359131 0.2993336
1.574211 0.8328915 0.4573059 0.2968521
1.084234 0.6862965 0.3693829 0.2394905
1.716068 0.2078133 0.8327093 0.3005619
2.005329 1.01704 0.4558735 0.3661194
1.379717 0.5037785 0.3275356 0.1023579
1.261196 0.5298214 0.2581062 0.1973438
1.487282 1.059538 0.4951229 0.3168068
1.236668 0.2471008 0.1985769 0.126009
1.426275 1.139191 0.4566555 0.3021774
1.24114 0.8126621 0.4230614 0.2827663
1.279974 0.6728306 0.3441772 0.2755222
1.731573 0.9534473 0.3999577 0.318285
1.833008 0.9645309 0.3474827 0.2846565
1.014359 0.5559692 0.4396296 0.2142391
1.819725 1.074404 0.4840508 0.3347588
1.514915 0.8525925 0.4341259 0.3482246
1.702951 0.828968 0.405221 0.2862778
1.527344 0.8486118 0.4092999 0.2724781
2.061237 1.093077 0.4635868 0.3182278
1.272865 0.7105827 0.4307232 0.2472115
1.002239 0.4027901 0.2384148 0.1550236
1.921478 0.9273758 0.3448505 0.3305321
1.171631 0.9563541 0.4494038 0.2622013
1.765154 0.866663 0.3883228 0.3336716
2.065359 1.233404 0.5224552 0.3118992
1.362885 0.5502281 0.3664379 0.2009048
1.767775 0.925148 0.3498154 0.3164406
1.356417 0.573494 0.2857523 0.2352686
1.460049 0.8486843 0.4044991 0.3122959
1.956356 0.9607449 0.4170761 0.3044987
0.9491005 0.3635941 0.1876698 0.0887661
1.088823 0.6036034 0.3085384 0.2187309
1.857065 0.8921318 0.3838558 0.2859497
1.840401 1.226709 0.4645176 0.3420429
1.554888 1.248661 0.5121632 0.3131981
1.839216 1.290813 0.4662094 0.3577194
1.876932 1.059738 0.4198742 0.3333378
1.817396 0.9433975 0.4435215 0.3664875
1.915274 1.05945 0.4431152 0.3151951
1.969248 1.086456 0.4510536 0.3559341
1.869875 1.164028 0.4584293 0.3212872
1.078501 0.3437767 0.2472229 0.1034622
1.264835 0.9187279 0.4383068 0.290123
1.474646 0.8008766 0.3995705 0.253931
1.430029 0.707428 0.364378 0.2536678
1.741318 0.9027481 0.3860016 0.2781754
1.161028 0.3381062 0.2013359 0.1203232
1.505608 0.6754837 0.3958626 0.2372398
1.240845 0.7052937 0.4466505 0.217474
1.161827 0.4923716 0.2950144 0.2209282
1.497368 0.849453 0.3832703 0.2872429
2.034912 1.108206 0.4285755 0.3159847
1.445665 0.6885777 0.4172821 0.2243996
1.994207 1.397655 0.4928856 0.3516273
1.150274 0.4463806 0.2140064 0.1357756
1.81184 1.0704 0.4791985 0.3479176
1.336721 0.5954285 0.3373337 0.1980572
2.027981 1.200237 0.4748306 0.2849216
1.704142 0.975481 0.438612 0.2706928
2.502726 1.29661 0.4866581 0.2977734
1.162222 0.6706562 0.3743896 0.2110062
1.737867 0.9389095 0.477829 0.3869705
0.8786583 0.5065804 0.2091846 0.1548615
1.860445 0.904726 0.388588 0.2918739
1.838602 0.937809 0.4079285 0.2965202
1.673399 0.860096 0.4074898 0.3215408
1.21052 0.6573887 0.3103886 0.1919727
1.625048 0.8385296 0.3897076 0.2607841
1.367361 0.5231762 0.3198204 0.2001514
1.812675 1.080591 0.4332142 0.3515625
1.482714 0.821167 0.4027328 0.3118639
1.290716 0.9622688 0.4355469 0.2144775
1.72176 0.9595547 0.4183006 0.3576851
1.153888 0.3956547 0.2371054 0.2894945
1.983395 1.088266 0.4470177 0.342947
1.285164 0.505846 0.3090668 0.2174015
1.2778 0.6685295 0.3796024 0.2636547
1.26438 0.5491295 0.2697086 0.2264977
1.332472 0.5552425 0.3489008 0.149334
0.8938141 0.256012 0.1488991 0.1291924
2.045048 1.052521 0.5079479 0.341013
1.767815 0.8381271 0.4018288 0.3070793
1.13483 0.3370609 0.2391491 0.1061649
2.23554 1.359571 0.4898014 0.3730125
1.548998 0.7822666 0.3568115 0.2557678
1.830021 1.111073 0.4253635 0.3486576
1.8314 1.153215 0.4558105 0.3466282
0.9989681 0.4548664 0.2631931 0.1822004
1.319101 0.6881351 0.3534184 0.2662525
1.516821 0.7777843 0.4149189 0.3557491
1.396762 0.5962191 0.3017025 0.1270809
1.189323 0.5664749 0.2962818 -0.01076126
1.082346 0.5111427 0.3322811 0.1617508
2.02574 1.108292 0.4597187 0.3518105
1.19911 0.5418758 0.3007469 0.2343388
2.005138 1.274424 0.4895287 0.3367977
1.279057 0.6114731 0.3622646 0.2401257
0.9239998 0.7242966 0.312254 0.3507576
1.642298 0.976862 0.4289532 0.2721291
1.223267 0.5298815 0.2861862 0.17873
1.788263 0.9027138 0.4086056 0.2863827
1.598286 1.126759 0.5511017 0.328392
1.84214 0.9623032 0.3786259 0.2904148
1.907097 0.8749571 0.3806381 0.2893915
1.743723 1.120676 0.4576874 0.3531017
1.135883 0.6603184 0.3296661 0.2170773
1.217718 0.5878105 0.3739777 0.2437201
1.141584 0.3204594 0.2345924 0.07898712
2.127289 1.059267 0.4859295 0.3938122
1.867859 0.9652576 0.4290466 0.3644352
1.212723 0.8349628 0.3738708 0.2464256
1.745358 1.194672 0.5010872 0.3500366
1.451252 0.4388466 0.1857262 0.1167488
1.789059 0.7528591 0.4298038 0.2605133
1.240768 0.3965645 0.183136 -0.1312294
1.599022 0.7353239 0.3812981 0.2549858
1.65744 0.7790833 0.4186859 0.2500973
2.195856 1.039536 0.4304466 0.3522072
1.342047 0.2670307 0.1606445 -0.02881432
1.546503 0.7403622 0.3726826 0.3089066
1.824339 0.9194393 0.4180727 0.3207016
1.682791 0.7862453 0.399107 0.2841225
0.8447628 0.5744305 0.2946625 0.1285191
1.854809 0.8295689 0.3615856 0.3487244
1.99913 1.223976 0.2602081 0.5207176
1.714582 0.9040966 0.3785439 0.3261614
1.988258 1.333157 0.4683571 0.3395023
1.945107 0.9529934 0.4260826 0.3035126
1.308643 0.72612 0.4027634 0.282198
1.594374 1.148684 0.4234982 0.3984566
1.235931 0.9241295 0.3841724 0.2663231
1.089493 0.7425251 0.3647575 0.2767391
1.836391 1.062378 0.3940926 0.294735
0.7582264 0.1688156 0.04309654 0.01983452
2.253265 1.084789 0.4729557 0.3164349
2.06267 1.023443 0.4285145 0.3624725
0.9196243 0.2680416 0.232935 0.1418037
1.862 0.9132004 0.3958206 0.2943039
1.572645 0.8589382 0.4135704 0.3583565
1.821909 1.142708 0.4871101 0.3695526
2.033131 0.998209 0.4141865 0.3485622
0.9596481 0.5351124 0.4647617 0.1076012
1.236795 0.5677452 0.3149185 0.2147942
1.793985 1.120996 0.4554501 0.3243275
1.758125 1.040752 0.3604755 0.2596397
0.9220839 0.3967447 0.2113008 0.149374
1.038967 0.4518576 0.3452234 0.1965733
1.792248 1.284529 0.496933 0.3331299
1.183308 0.4856491 0.3039703 0.1217995
1.883965 0.8140688 0.389082 0.2862577
2.047184 0.8680935 0.4187269 0.3524017
2.069897 1.022806 0.5422478 0.3783264
1.195169 0.5258102 0.3135242 0.1766262
1.136145 0.577261 0.3165245 0.2231331
1.461649 0.6579895 0.3181324 0.1895599
1.942856 0.8565044 0.4010658 0.3049526
1.892359 0.8586979 0.4048367 0.2978678
1.912121 1.253494 0.4808388 0.3440475
1.928196 1.18618 0.4565468 0.3953972
1.190308 0.5334892 0.2929726 0.1586676
1.136509 0.5424995 0.3509617 0.2337608
1.788301 0.825058 0.3911304 0.2610664
2.34903 1.180824 0.4911518 0.3388634
1.487843 0.8244038 0.4227829 0.3057594
1.024809 0.3247948 0.3037949 0.1024723
1.462355 0.7536087 0.3595829 0.2838802
1.82312 0.9781418 0.4190979 0.3409996
1.373468 0.9356022 0.4531631 0.3093758
1.137255 0.5388241 0.3001804 0.06295013
1.351204 0.6402893 0.3362169 0.2316208
1.453575 0.8606033 0.4830399 0.3012686
1.970882 1.06143 0.4400501 0.4019146
1.19665 0.3780746 0.2479782 0.06111145
2.083504 1.196892 0.4757137 0.349432
1.939249 1.094299 0.4129963 0.400959
1.704945 1.160986 0.5115509 0.4043655
1.511892 0.7184362 0.3905277 0.2839937
1.624355 0.9174938 0.4716492 0.3303738
1.201778 0.5002613 0.2658024 0.1997471
1.883404 1.108662 0.436779 0.3323669
1.123735 0.4221191 0.233654 0.1604366
1.163124 0.5093193 0.2920322 0.09261513
1.22698 0.3018036 0.1658735 -0.6293936
2.001144 0.8819656 0.4252834 0.2950611
2.994452 0.898632 0.415432 0.3209648
1.824839 0.9928303 0.5265903 0.3757324
1.310921 0.6820107 0.383543 0.2430496
1.354141 0.853508 0.4063435 0.2546349
1.774372 0.8834515 0.3799076 0.2697582
1.748402 0.9736576 0.4174786 0.3165817
1.936415 0.9502659 0.4433117 0.2947369
1.904533 1.205376 0.5091019 0.3398247
1.466948 0.7154236 0.35462 0.1911659
2.412603 1.083899 0.4938412 0.3945637
1.182013 0.6282196 0.4095211 0.2637539
1.462469 0.6158066 0.3495293 0.2685719
1.715416 0.9572639 0.4133167 0.2754841
1.113474 0.5460396 0.31952 0.2103786
1.709904 1.151155 0.5309963 0.3581219
1.752728 0.8562565 0.3985672 0.2851124
1.860533 1.028872 0.4028845 0.3321228
1.221899 0.5310974 0.3390503 0.236948
2.002626 0.9733601 0.4048843 0.3401718
1.881832 1.319431 0.501606 0.3245525
1.298923 0.5537434 0.3028612 0.1197929
1.242798 0.5981064 0.2919807 0.265274
2.146643 1.124866 0.4614124 0.3408985
1.302027 0.7501755 0.410099 0.2343578
1.603941 1.208002 0.5644627 0.3330803
1.063084 0.3954124 0.2041531 0.1145229
1.865881 1.122562 0.4973392 0.3437424
2.011126 1.081501 0.4720631 0.4111004
2.331789 1.310619 0.4803982 0.289402
1.845663 0.8603115 0.3705673 0.3034344
1.938004 0.9007568 0.3745174 0.3175898
1.892105 0.9343815 0.4067936 0.3251648
1.445063 0.8092461 0.4026318 0.3393364
1.739899 1.054358 0.4891663 0.3912239
1.469217 0.631155 0.385437 0.1757679
2.137558 1.020796 0.4276085 0.3260651
1.500034 0.6437225 0.3425264 0.195838
1.993879 1.134592 0.4635429 0.3562222
1.359846 0.8656998 0.4209976 0.3046913
1.521746 0.6659222 0.3569431 0.2816505
2.161068 1.325006 0.4832287 0.3204536
1.170504 0.424181 0.2825985 0.1258965
1.263378 0.6954727 0.4029884 0.2487774
1.661638 0.743782 0.321909 0.2743225
1.210655 0.5168362 0.3181181 0.2226572
0.9691391 0.372488 0.2297916 0.1854572
1.662498 1.191759 0.4949074 0.3339481
1.272087 0.6110468 0.3243856 0.2105999
1.845806 1.029419 0.4341507 0.3332005
1.352613 0.6324043 0.3578587 0.2151241
1.517653 1.110792 0.5054245 0.3848915
1.834396 0.8820515 0.3883705 0.2710228
1.36079 0.8202324 0.4593544 0.3139248
1.747118 0.7938404 0.3812923 0.2864494
1.473856 0.6592293 0.3830929 0.2467632
0.7861366 0.6514874 0.433033 0.1741924
1.062069 0.4328327 0.2226467 0.1457005
1.444052 0.7094402 0.3137112 0.2439575
1.986561 1.071575 0.4321918 0.3365631
1.875731 0.9967937 0.3940353 0.3461456
1.114105 0.5820084 0.3522091 0.2385044
1.123875 0.960598 0.4526711 0.3072586
1.004091 0.3549805 0.1879044 0.09555817
1.182781 0.4426975 0.2032223 0.09832764
1.483259 0.7364063 0.3968334 0.2487297
1.693069 0.8700867 0.3927479 0.3088646
2.071922 0.9839821 0.4636383 0.3443909
2.184208 1.000065 0.4574947 0.3350077
2.030376 1.089626 0.4269371 0.3973303
1.297682 0.6297245 0.3421059 0.2335405
1.284811 0.6139793 0.3423214 0.2350922
1.688541 0.7822132 0.3742027 0.2998867
1.743708 0.789444 0.3746281 0.2911491
1.816299 0.9111557 0.4413185 0.3289051
1.747469 0.8418541 0.3649597 0.3185272
0.9319611 0.3575821 0.2100849 0.1747856
1.301748 0.9082146 0.520071 0.2443752
1.66914 0.863739 0.4181156 0.3184071
1.430592 1.009886 0.4974709 0.3288784
0.916399 0.2501869 0.2754211 0.01462936
2.03949 1.021694 0.4043331 0.3216381
1.376551 0.9122772 0.4763584 0.352129
1.416189 0.6665058 0.3264732 0.1560802
1.216173 0.7361317 0.352993 0.2907333
1.245876 0.5130825 0.2926292 0.1630554
1.132586 0.7068768 0.3916264 0.2408752
1.440338 0.75173 0.3914356 0.2897682
1.020983 0.4286041 0.2426186 0.05430794
2.222538 1.243902 0.5055237 0.3876858
1.160383 0.5988102 0.3243809 0.2399521
1.600801 0.8458309 0.4842796 0.3742256
1.523199 0.9350986 0.4127522 0.3835049
1.781084 0.870882 0.4253101 0.3394165
1.732067 0.8267059 0.2441664 0.3686123
1.081474 0.4932213 0.2880764 0.1839542
1.887753 1.151117 0.4577065 0.3680496
1.623692 0.9433632 0.4932594 0.3913555
1.631634 0.7076836 0.3746147 0.2639332
1.392624 0.474556 0.3356342 0.2106953
1.0028 0.2426052 0.1207542 0.05846024
1.989397 1.114742 0.4410267 0.3342247
1.056376 0.6326103 0.3837719 0.2062893
1.827305 0.987215 0.3986416 0.3272705
2.032469 1.038748 0.4609928 0.3099632
1.154417 0.4335041 0.27314 0.1933022
1.808285 0.8565731 0.3982191 0.3064537
1.112494 0.4079208 0.2633314 0.1749191
1.447538 0.890337 0.4319954 0.3225975
1.912788 0.9807453 0.4073009 0.3435135
1.821495 1.207048 0.4645977 0.3349361
1.316507 0.7496605 0.3963833 0.2973461
1.191011 0.5096455 0.278019 0.2061844
1.114017 0.5307484 0.2843094 0.1880341
1.665977 0.7303829 0.3560333 0.2604179
1.952847 1.039879 0.4463043 0.3780975
1.84753 0.8547783 0.4093437 0.30762
2.032608 0.9969559 0.4198341 0.3418865
1.287861 0.8303108 0.427145 0.2676983
1.495113 1.093861 0.4613914 0.4095955
1.80538 0.8827724 0.5088558 0.4682407
1.188076 0.4642353 0.2798176 0.08843994
1.205795 0.5680218 0.3328667 0.1714058
1.454594 0.7392921 0.3683262 0.2010326
1.017023 0.3188066 0.1824207 0.1166468
1.439808 0.7814293 0.4582596 0.3242073
1.359034 0.9551239 0.3996029 0.3486328
1.644501 0.775528 0.3777676 0.2700033
1.003483 0.3594685 0.1961975 0.07544804
1.739872 0.816679 0.4632568 0.3517342
1.136341 0.6102333 0.3224201 0.237421
1.778402 0.9213238 0.4080677 0.3021851
1.54674 0.7154694 0.3804512 0.252224
1.201084 0.8187065 0.4203529 0.2852707
2.21958 1.058777 0.4444542 0.4580421
1.477509 0.7427616 0.4337387 0.308939
2.09976 1.074528 0.4658928 0.3162422
2.237118 1.106886 0.4639072 0.324192
1.275118 0.681673 0.3781414 0.2509995
1.167278 0.3734207 0.1948414 0.1157379
1.45578 0.646553 0.3459845 0.249073
1.830088 1.125862 0.4495182 0.2772369
1.623281 0.7731609 0.3771324 0.2545376
1.152189 1.004755 0.4678993 0.3474522
0.9923573 0.4381371 0.2165833 0.1550522
1.752386 0.8274517 0.3868561 0.3022823
1.928101 1.067095 0.4577312 0.2951221
1.46212 0.6990643 0.4347572 0.2447205
1.876415 1.087601 0.4619942 0.3418427
0.9926128 0.247076 0.1512241 0.09339523
1.005037 0.4118299 0.2329741 0.1651049
1.236809 0.5764484 0.2680969 0.2183571
1.894518 0.9067974 0.4938183 0.3757744
1.342218 0.421875 0.223814 0.4253788
1.604176 0.9237595 0.4304695 0.3564968
1.497259 0.8404522 0.3389626 0.3095245
1.589558 0.5881519 0.3198013 0.1949635
1.68321 0.9757977 0.4446049 0.3940639
1.670372 0.7207203 0.4588299 0.3299561
1.110954 0.9122734 0.439146 0.2737827
1.338703 0.5726604 0.3381863 0.1649628
1.704754 0.8421688 0.4572659 0.3277035
1.913338 0.8578682 0.3861618 0.2994118
1.851137 0.7782116 0.346674 0.3074532
1.712177 1.085592 0.4307117 0.3593578
1.882395 0.9092693 0.424778 0.3355799
2.125971 1.170025 0.4892902 0.3360558
1.673056 0.8751163 0.4028816 0.2901001
2.001928 1.161732 0.4623413 0.3448982
1.046429 0.5381794 0.2945976 0.1314831
0.8624763 0.3811989 0.2065067 0.09205627
1.696707 1.352453 0.5068092 0.3046284
0.9882336 0.5136814 0.3352795 0.1659164
1.737268 0.8469257 0.3584766 0.2800407
1.887117 0.8680573 0.45788 0.3043346
0.9044418 0.3910484 0.3000698 0.0973835
2.344366 1.07023 0.4797707 0.2956791
2.038723 1.044609 0.4240437 0.3420963
1.354574 0.6677685 0.3074627 0.2162457
1.354074 0.7249012 0.4052334 0.2615719
1.857147 1.126854 0.3611183 0.2197666
1.69117 0.9075546 0.4702854 0.3810902
0.926899 0.4103889 0.297142 0.02630806
1.31414 0.8453255 0.4249763 0.2745705
1.489594 0.4928608 0.2688618 0.1643429
1.78248 0.8129387 0.3727684 0.2900076
1.828547 1.084217 0.4543877 0.2985096
2.198446 1.097427 0.4524784 0.3803844
2.803432 0.862896 0.4461575 0.3588142
1.639986 0.6645994 0.3169432 0.2559004
1.861868 0.865963 0.449358 0.3421574
1.151009 0.4995289 0.2746201 0.2201042
1.252966 0.8016186 0.3432045 0.225317
1.958178 0.8830414 0.41045 0.3190575
1.828035 1.011383 0.5760479 0.2340946
1.146975 0.5289192 0.351532 0.2017593
1.284492 0.4816933 0.2933502 0.1807079
0.9409237 0.3129883 0.232357 0.05550766
1.035778 0.4532595 0.2919588 0.1519394
1.099253 0.4691296 0.1959763 0.142952
1.55818 0.7263145 0.3493786 0.2821465
0.9447174 0.3720284 0.2819824 0.1028366
1.701956 0.9025745 0.4543953 0.2128525
1.447641 0.7115364 0.4009743 0.2968893
1.07398 0.3946915 0.2405033 0.1837864
1.098726 0.5856628 0.3245659 0.2049065
1.158659 0.8009472 0.3836994 0.2307854
1.825962 1.164871 0.4886742 0.3592205
1.113892 0.5300579 0.3047009 0.1292038
0.9604034 0.3617096 0.2577248 0.04013062
1.31653 0.9027214 0.432415 0.2607307
2.5909 1.170958 0.4917545 0.3715782
1.272371 0.4396858 0.237442 0.06447315
1.158703 0.405798 0.2657089 0.1341476
1.492624 0.6957836 0.3665161 0.1920013
1.669073 0.980238 0.4162712 0.3199177
2.085503 1.19099 0.497242 0.3491154
1.965721 0.919239 0.392561 0.318573
1.300116 0.6232395 0.3573322 0.2147007
2.146624 1.283342 0.47328 0.3668156
1.258923 1.047981 0.4662991 0.2747993
1.414761 0.7299137 0.3702631 0.255456
1.017817 0.4731903 0.198494 0.1866837
1.040789 0.3961105 0.2906322 0.08677101
2.224571 1.197008 0.4635067 0.3306828
1.389101 0.8199711 0.5026398 0.3411179
1.273367 0.7459202 0.3882523 0.2707195
0.9373474 0.3809795 0.1899815 0.1900873
1.820036 1.017183 0.4057922 0.3270054
1.116747 0.774786 0.3749542 0.2715282
1.666231 0.751894 0.3502274 0.275713
1.906296 0.9180222 0.4573307 0.2889223
0.9769878 0.2896938 0.2920113 0.1378899
1.955999 0.8265781 0.3697491 0.2947598
1.732166 1.010464 0.4211369 0.3503609
1.730604 0.8408413 0.3864346 0.282362
1.126905 0.4887886 0.2989044 0.1038761
1.139538 0.3587646 0.3305321 0.05740929
1.73501 0.9830627 0.528759 0.3633404
1.246288 0.5533905 0.2768021 0.2064018
1.31609 0.7981853 0.3897457 0.2732391
1.428566 0.6618595 0.3664112 0.2231951
2.484795 0.924427 0.4276943 0.412611
2.045631 1.026417 0.4281178 0.3378811
1.971758 0.9827232 0.4263248 0.3803864
1.782169 0.8916836 0.3858948 0.3097839
1.897112 0.9605331 0.3942051 0.3541451
1.790236 1.006811 0.4598541 0.3916683
1.852299 0.9588165 0.4102402 0.2937355
1.779726 1.058287 0.4647465 0.3288364
1.882595 0.9900322 0.4690571 0.3087711
1.857046 0.9005775 0.4027824 0.2280674
2.199265 1.013699 0.426733 0.3403015
2.232977 1.342768 0.5158329 0.3400326
1.101067 0.3632507 0.2192879 0.1772337
0.995203 0.3305225 0.2635155 0.08233261
1.774141 0.8287659 0.393568 0.2836227
1.829117 1.223312 0.484684 0.3478661
1.316658 0.6207848 0.3977947 0.2271175
1.077663 0.3924751 0.2758598 0.1633511
1.495108 0.7339077 0.3946362 0.2234192
1.112757 0.4533768 0.2717514 0.1356964
1.967213 1.064123 0.434988 0.3147678
1.295158 1.164436 0.5282097 0.3935356
1.596628 0.8441467 0.4613438 0.3831367
1.799023 0.9670219 0.3946781 0.3321991
0.977438 0.3102455 0.1656704 0.0942688
1.990694 0.8314915 0.4068146 0.2750015
1.75391 1.141634 0.4309711 0.3428574
1.270016 0.6651344 0.4113865 0.2421761
0.999445 0.2833271 0.07702732 -0.007567406
1.814247 0.9819756 0.4006672 0.3723011
1.844959 0.9864635 0.4775162 0.4440804
1.91836 0.9480991 0.4035397 0.3310013
1.936893 0.8922977 0.4091816 0.3274441
1.734037 0.7385006 0.4043436 0.2403183
1.565722 0.5418873 0.3147469 0.1557274
1.748621 0.8904514 0.4419918 0.2114449
1.899364 1.088615 0.441185 0.3356705
0.8937569 0.2641087 0.1512165 0.05635071
1.940596 1.13175 0.4374199 0.3460941
1.486719 0.8338223 0.3900909 0.2670555
1.33021 0.6362514 0.3153629 0.2269897
1.201214 0.5485172 0.323185 0.2249641
1.533075 0.7801723 0.4129524 0.2791061
1.783707 0.8969574 0.3837147 0.306509
1.716257 0.7784252 0.3743534 0.3059626
1.300856 0.4584999 0.2896996 0.08185577
1.513227 0.9493332 0.4723339 0.3366966
1.402012 0.7720814 0.5288925 0.2806416
1.940901 0.9029007 0.4122028 0.3256741
1.499491 0.550684 0.3138809 0.1701546
1.684916 0.9510193 0.4481773 0.2886448
1.384283 0.6871672 0.3549433 0.2758703
1.501188 0.7558575 0.3660278 0.2712955
2.30619 1.183096 0.4719944 0.3456726
1.851738 0.8914948 0.3890343 0.3336792
1.255234 0.4573135 0.3139095 0.1355305
2.393858 1.071337 0.4780006 0.3958893
1.364021 0.9237843 0.4339428 0.3592205
2.021744 0.9184399 0.393816 0.3221207
0.9916382 0.2921295 0.1778183 0.1342974
1.756573 0.9083366 0.4277954 0.3708887
1.205872 0.6649647 0.3501339 0.2526188
0.9788094 0.5293026 0.369894 0.1689453
1.66843 0.9171429 0.3779964 0.3016224
1.62149 0.9177532 0.4492245 0.3830528
1.430666 0.8422089 0.4698677 0.332428
1.148348 0.5675888 0.3239384 0.1918869
1.825642 0.8090725 0.4428539 0.2723656
1.938265 1.097221 0.4590874 0.346283
1.051741 0.7967358 0.3852406 0.2339401
1.806921 1.099199 0.4720917 0.3211212
0.777462 0.2350044 0.1342773 0.1402397
1.697233 0.8910446 0.4669704 0.337719
1.765562 0.8177052 0.3784752 0.2592621
1.976486 0.8931656 0.3982677 0.2938976
1.819546 0.7649117 0.3248901 0.4221354
1.712305 0.784771 0.3851967 0.2599239
1.544262 0.9215889 0.409956 0.2956276
1.984148 1.105145 0.4528236 0.3324718
1.752506 1.098656 0.4791927 0.3771706
1.910656 0.8233128 0.3966103 0.315526
1.541445 0.7748928 0.4191666 0.300806
1.90011 0.9167099 0.4119301 0.3049946
1.872881 0.901432 0.429203 0.2732964
1.779579 1.015463 0.3975639 0.3497601
1.646633 0.8875237 0.4173794 0.3174725
1.50983 1.094969 0.486351 0.2905712
1.139326 0.4965019 0.3148022 0.1955128
1.777906 1.016245 0.4199848 0.3191605
1.647102 0.874445 0.4012146 0.2971764
1.679678 0.8603001 0.3749914 0.2631617
2.389557 1.243555 0.5077744 0.3686886
1.818998 0.835186 0.3376236 0.240202
1.301752 0.941576 0.4788208 0.2376671
1.773502 1.167601 0.4954643 0.3175926
2.539612 1.105421 0.4104881 0.3624382
1.873564 0.9553089 0.4028187 0.31563
1.685843 0.8569698 0.4173164 0.3214626
1.949247 1.283844 0.4421978 0.3251705
1.781672 0.9261971 0.3587494 0.2852917
1.476599 0.8980923 0.4617348 0.3388863
1.203079 0.5642128 0.2977066 0.1959972
1.821045 1.073421 0.4576263 0.31991
1.141348 0.6396332 0.3891268 0.2629786
1.873594 1.037811 0.426548 0.3504019
1.815243 1.097794 0.4537964 0.3327465
1.619051 0.649931 0.2838364 0.1960602
1.617407 0.6628265 0.3270493 0.2245865
1.538757 0.8679352 0.4154148 0.3209896
1.870911 0.9397926 0.3957005 0.2788887
1.91497 1.087919 0.4384594 0.3430824
1.433701 0.6976318 0.3547802 0.2490587
1.603905 0.7657471 0.366642 0.2868176
1.364693 0.7069893 0.4237804 0.2994728
1.947493 0.9204903 0.4124737 0.3045788
1.855537 0.8582726 0.4042282 0.3120346
1.796322 0.8131561 0.3710518 0.2859535
1.321749 0.6132469 0.3097286 0.2180271
1.262245 0.5645161 0.363018 0.1674805
1.092537 0.4636917 0.31036 0.1557007
2.005638 1.091717 0.4538212 0.3517628
1.910408 0.8704948 0.3996944 0.3408689
1.807753 0.902586 0.3753548 0.3246155
1.091173 0.5517502 0.3181934 0.2199955
1.793512 0.8646374 0.4371729 0.3580036
2.097868 1.059244 0.5101585 0.4148216
1.763622 0.8716526 0.3786077 0.2904444
1.125727 0.465559 0.2320976 0.07287407
1.699701 0.7473011 0.4185772 0.3074684
1.835171 1.033304 0.4497547 0.3277969
1.822285 1.038593 0.4262352 0.3278122
1.511625 1.021223 0.4314041 0.3019333
1.558611 0.6581974 0.312788 0.2095966
1.193792 0.6376247 0.3173122 0.1705379
1.965549 0.9957027 0.4191341 0.3324318
1.395748 0.7571468 0.3499336 0.2241783
1.368565 0.5852051 0.2814941 0.1783581
1.483192 0.6511116 0.3290663 0.1952972
1.179045 0.5559464 0.3313866 0.217741
1.625238 0.8514328 0.344368 0.3359776
1.860556 1.080164 0.4359703 0.352253
1.770939 1.074196 0.4107208 0.373106
0.8810081 0.3978806 0.3391533 0.07754135
1.849064 0.8700447 0.3898659 0.2838345
1.315916 0.5434361 0.3516121 0.2248039
0.880888 0.3922863 0.2994747 0.03982735
1.098558 0.7346764 0.3630886 0.2409878
1.600731 0.8048782 0.3974819 0.285223
1.857899 1.250963 0.4825592 0.2890263
1.868258 0.9458218 0.4529552 0.366066
1.693649 0.8843384 0.4356003 0.3407593
1.758394 0.786622 0.390976 0.2630978
1.907196 0.925766 0.4512768 0.3151569
1.773533 0.8291798 0.3909245 0.2935371
1.879375 0.9224911 0.4867954 0.3025398
1.047583 0.2719631 0.2793808 0.01398277
1.987101 1.011074 0.3921623 0.2980061
1.250404 0.7275772 0.3662033 0.1941242
1.989214 1.042339 0.4345398 0.3241081
2.084627 1.25209 0.4480381 0.3484745
1.396406 0.5208569 0.2139244 0.1509209
1.327757 0.7667961 0.3727627 0.3190403
1.830688 0.9087334 0.4015102 0.3065748
2.302654 0.9875622 0.3977642 0.339468
1.68446 0.7517757 0.3302689 0.2507401
1.115044 0.6506863 0.3429604 0.1607742
1.825184 0.9688892 0.4164028 0.3023052
0.9274731 0.3094215 0.2735023 0.04630852
1.378222 0.8444233 0.3996258 0.3340015
1.191252 0.5385227 0.3155556 0.1833305
1.282719 0.5731888 0.3122158 0.2442417
1.711647 1.123249 0.4588413 0.3331718
1.728416 0.8704128 0.4093285 0.2647038
1.899294 0.8297806 0.3928699 0.2815437
1.897734 1.080511 0.4365463 0.3325825
1.702345 0.9920807 0.5238018 0.3579865
1.758505 0.9447174 0.456171 0.3211212
1.322044 0.8920536 0.4236031 0.3853397
1.350727 0.6369038 0.3556633 0.2749672
1.718687 0.7622261 0.3475857 0.2881031
1.249046 0.5365639 0.3110485 0.1434269
1.360329 0.6171188 0.3062553 0.1298218
1.523148 0.7577686 0.3950195 0.304863
1.573437 0.6450596 0.3086386 0.2461338
1.347059 1.245096 0.3918934 0.2441235
1.334332 0.3294144 0.2374668 -0.01731873
1.650003 0.8864002 0.4112415 0.3408327
1.866589 1.00979 0.4421291 0.3233109
1.36104 0.977541 0.4702206 0.2913151
1.642948 1.218653 0.5660057 0.4139843
1.174129 0.7364769 0.389082 0.2843475
1.577225 0.9183216 0.4089451 0.34412
1.868998 0.875742 0.3959274 0.3111572
1.299644 0.8255615 0.4085236 0.2632551
1.379313 0.7443085 0.4636326 0.3177662
0.9233952 0.6971512 0.5047855 0.1977348
1.399157 0.9381409 0.4353714 0.2916279
1.947483 0.8522816 0.377737 0.2409039
1.623632 0.8843136 0.4029427 0.2990723
1.399541 0.5306311 0.3488293 0.1267948
1.945761 1.039743 0.4415188 0.3440189
1.342134 0.8814011 0.412859 0.2928219
0.9973907 0.5743504 0.3197842 0.1626129
1.355164 0.8460751 0.4107418 0.2965412
2.050039 1.170456 0.4675312 0.3763123
0.9852524 0.3593159 0.2722149 0.0006637573
1.307861 0.6211529 0.3492928 0.1754208
1.170906 0.338665 0.205595 0.140461
1.877321 0.9462509 0.412466 0.3322487
1.230127 0.4404793 0.3584099 0.04481697
0.9628983 0.4083977 0.4153557 0.07796478
1.657305 0.7600174 0.3934059 0.2798738
1.938955 1.315863 0.497324 0.3484459
1.639687 0.8085575 0.3045769 0.2281208
1.164093 0.6607189 0.3246307 0.2039566
1.338551 1.017363 0.4996185 0.3363667
1.052913 0.4402437 0.3013744 0.1906462
1.054596 0.401989 0.3197861 0.1465683
1.96048 1.122877 0.4620399 0.3118496
1.402977 0.9767323 0.4464226 0.3650723
1.130682 0.7859402 0.4184265 0.2176018
1.692997 0.8116169 0.3975468 0.2980061
1.942514 1.183397 0.4612064 0.3240757
1.416138 1.000948 0.4877167 0.2954025
1.821981 1.008596 0.3990307 0.3496017
1.895601 1.252197 0.4642506 0.339056
2.062847 1.038467 0.4123554 0.3907499
1.924036 1.034452 0.5105286 0.4581642
1.213736 0.4993782 0.2331085 0.1620369
1.441809 0.6543674 0.3195095 0.2606411
1.917818 1.074785 0.4055099 0.3655949
1.407539 0.4086781 0.2080936 0.103384
1.314301 0.8097115 0.4175415 0.3012104
1.882687 0.8676033 0.3950977 0.3063049
1.157846 0.4000721 0.2049828 0.1505909
1.861919 0.9193764 0.3777332 0.3231316
1.861143 1.0457 0.4172325 0.3097973
1.308252 0.4695778 0.2965412 0.1732769
1.811262 0.8886719 0.4131298 0.3311825
1.426006 0.8241615 0.4205685 0.2809906
0.914444 0.852108 0.4435349 0.2622604
1.802319 0.9301186 0.3627701 0.2732563
1.905918 0.9629135 0.4103756 0.328949
1.214184 0.5218668 0.3270168 0.2144775
1.081942 0.3165646 0.1880169 0.0664463
1.75552 0.8830547 0.3814507 0.2806587
1.90346 1.032425 0.4983482 0.3347206
1.98332 0.973856 0.3897514 0.3276501
1.476233 0.7566948 0.4360352 0.3110332
1.307621 0.5644255 0.3225269 0.232892
1.208471 0.4906273 0.2991982 0.1847134
1.831434 1.081724 0.4501438 0.3607464
1.664648 0.7367439 0.3464127 0.2725296
1.701183 0.967535 0.4142094 0.2875385
1.81599 1.067789 0.4393482 0.3389568
1.14533 0.4656734 0.2408562 0.2067108
1.266216 0.8566513 0.4135666 0.3361511
1.707005 0.7678699 0.3461466 0.2672873
0.8326378 0.6004391 0.3612938 0.2191658
1.770023 0.9204578 0.418642 0.324584
1.443571 0.8895092 0.3937149 0.2632332
1.367645 0.6390829 0.3346834 0.2316742
2.260033 1.234644 0.4802589 0.3312759
1.188988 0.4987974 0.269865 0.1836195
1.297136 0.5057144 0.2653427 0.1738968
1.894133 0.8767033 0.3953152 0.3080425
1.68022 1.165949 0.448782 0.3535213
2.370111 0.9657269 0.4462681 0.3066444
1.623728 1.292839 0.5001316 0.2940369
1.466064 0.9268093 0.4091454 0.2616272
1.372303 0.5537176 0.3061724 0.1913481
1.947119 0.9064064 0.4429359 0.2107105
0.8890953 0.5807285 0.3174305 0.2451591
1.39901 0.8070412 0.4039059 0.2963238
1.791967 0.750948 0.369503 0.2649555
1.076771 0.7959251 0.3549252 0.1828442
1.123085 0.5316906 0.3382683 0.1961079
1.740162 1.126184 0.452755 0.3678436
1.855011 1.15509 0.4367733 0.2956753
1.386158 1.171532 0.5185738 0.2963371
1.182894 0.6957645 0.3858776 0.2470341
1.123388 0.7351665 0.4052277 0.2871265
2.135054 1.166727 0.4920349 0.4222107
1.043537 0.2981453 0.1639462 0.1772404
1.075983 0.5350838 0.3474674 0.1564083
1.106819 0.7379112 0.3769703 0.2355137
1.341568 1.107676 0.5064983 0.3284245
1.482664 1.056845 0.4228706 0.3488483
1.289593 0.6766758 0.3611355 0.2772999
1.794811 0.927084 0.3938808 0.3245983
1.275248 0.6384144 0.3305817 0.2290764
1.225071 0.6121273 0.3663492 0.2311945
1.905773 0.8939304 0.3628197 0.2800598
2.102688 1.111877 0.4711857 0.3923092
1.16754 0.6037464 0.2710705 0.2451973
1.097479 0.580719 0.318531 0.2233105
1.740675 0.9717197 0.3934307 0.3417511
1.95524 0.9942627 0.4099293 0.3522243
1.03138 0.5085773 0.339201 0.2283707
1.027552 0.4095345 0.2195282 0.1443272
1.368742 0.4197083 0.2223282 0.1224556
1.754782 0.9289055 0.3833637 0.2706089
1.138683 0.6140976 0.4279671 0.2361736
1.879002 1.023216 0.4392509 0.3495693
1.622322 0.664938 0.290144 0.2178879
1.070948 0.5400772 0.3150063 0.1596584
1.712242 0.802309 0.3912802 0.2691154
1.47821 0.6837196 0.3559685 0.2391529
2.120554 1.027933 0.4869909 0.3490686
1.774439 0.8634224 0.4131794 0.3217068
1.71524 0.8384399 0.3973103 0.3280621
1.417692 0.9754353 0.4522285 0.2365093
1.294806 0.6572914 0.3942146 0.2431793
1.192846 0.684267 0.388401 0.2251434
1.610884 0.8978291 0.5077591 0.2856789
1.734735 0.9006004 0.4190617 0.2623882
1.325686 0.8160973 0.4086838 0.2178078
2.022299 1.03377 0.426096 0.3518925
1.971388 0.9323559 0.4098072 0.3113918
1.24486 0.6192455 0.3072758 0.1655483
2.153769 1.233419 0.4721737 0.317976
0.9978409 0.3165112 0.1639462 0.117281
1.557451 1.048145 0.2520618 0.3416615
0.908783 0.3315277 0.1833229 0.1463776
2.285866 0.9653358 0.3831654 0.3124933
6.505718 1.237947 0.4773693 0.3849487
1.872288 0.7347088 0.5954819 0.3455753
1.042318 0.4920292 0.3289394 0.1518383
2.556929 1.266459 0.4830399 0.3396759
2.205177 1.04767 0.4186974 0.3918056
1.71369 0.8224468 0.3700027 0.3066044
1.530449 0.8186703 0.4482975 0.3440876
0.9596062 0.363884 0.219532 0.1851616
1.543608 0.7414589 0.3958893 0.2643414
0.975872 0.6334801 0.3623466 0.2157784
1.414534 0.4869461 0.2796345 0.1758957
1.121971 0.5426369 0.2998266 0.2442455
1.719223 0.8789139 0.365571 0.2675896
1.773033 0.9830627 0.4194241 0.3284626
1.645056 0.77742 0.4103889 0.3160048
2.711449 0.9782085 0.4409657 0.3117924
1.866144 1.085157 0.4467468 0.3249588
1.540474 1.11591 0.4917221 0.3255005
1.087355 0.6394176 0.3525887 0.207365
1.041082 0.8766289 0.5036335 0.1641521
1.506159 0.6983814 0.3472185 0.1879463
1.885319 1.199289 0.5066948 0.3472061
1.824156 0.9264717 0.3460197 0.2874451
0.9822197 0.3532372 0.249773 0.08491516
1.597036 0.9290352 0.4516792 0.2797623
1.204809 0.6846161 0.3917065 0.2406998
1.790636 0.9746876 0.4109268 0.3244362
1.502354 0.7912273 0.3765774 0.2657738
1.543291 0.7509766 0.4243584 0.2994699
1.697754 0.7258434 0.3704309 0.2554617
1.589649 0.7185955 0.4035082 0.3019886
1.832487 1.115438 0.4395161 0.3636189
1.91857 1.137867 0.4852734 0.3203316
1.6388 0.8406887 0.3954258 0.2704916
1.664106 0.7470951 0.3058414 0.2516079
0.9718456 0.3148994 0.1920147 0.08823395
1.875198 1.029396 0.4236679 0.3603373
1.744751 1.061567 0.4477024 0.3281994
1.383736 0.4786654 0.2203169 0.1376047
1.842083 0.9500599 0.4271431 0.3614712
1.64576 1.057423 0.4182644 0.2674084
1.510872 0.8047047 0.3420792 0.2526455
0.9964962 0.3830643 0.3080196 0.1289196
1.696854 0.7489624 0.517498 0.2673111
1.627079 1.188848 0.4706211 0.3357906
2.531048 1.405279 0.5065689 0.3009548
1.725845 0.7770042 0.3612671 0.2732973
2.028982 1.320827 0.4476967 0.356308
2.085926 1.326332 0.4649639 0.3041401
1.328962 0.6299953 0.3406219 0.2340755
1.904104 1.182447 0.4390335 0.3131313
1.600183 1.025129 0.4678993 0.307106
1.735764 1.081722 0.4297924 0.3276806
1.364098 0.7111816 0.3383293 0.3117428
1.725685 0.8069649 0.3920288 0.3306656
1.916571 1.00054 0.4015293 0.3427505
1.083698 0.5558624 0.3364868 0.2015018
1.021898 0.5358353 0.3244076 0.2137032
1.772139 0.8524303 0.4331264 0.3464203
1.925817 0.9352951 0.4715614 0.3930359
1.35467 0.5366211 0.2982502 0.1024761
1.369226 0.5587778 0.2613831 0.2330894
2.133104 1.185953 0.4799633 0.3804379
0.8993683 0.2747593 0.1982632 0.09798813
1.194469 0.6240597 0.3267326 0.1818504
1.549627 0.8218384 0.4277935 0.3002996
1.705538 0.943285 0.4289131 0.3218422
1.80443 0.8328476 0.394249 0.2845917
1.945518 0.9738407 0.3985691 0.3395939
1.132305 0.5148869 0.3359814 0.2988987
1.886789 0.9323235 0.4388561 0.3222084
1.30286 0.5966816 0.343504 0.2365246
0.620924 0.7357368 1.018536 -0.4129963
1.96246 0.8801556 0.5998459 0.3244133
2.211613 1.363226 0.4743729 0.3547554
1.810596 1.199261 0.4584713 0.3230858
1.83069 1.110584 0.4575119 0.3068905
1.658035 0.8223476 0.467865 0.3870296
1.861874 0.8385429 0.4114971 0.3077936
1.948679 1.023119 0.4157543 0.3185043
1.654469 0.9021912 0.5253239 0.364809
1.768448 1.017502 0.4331341 0.3374577
1.231276 0.5109234 0.2765503 0.17733
1.712891 0.9619217 0.4865208 0.3325348
1.784101 1.273308 0.4570084 0.3417149
2.039318 1.124992 0.5019932 0.3890533
1.781853 0.9223633 0.4765625 0.3456173
1.406271 0.889904 0.3674164 0.2721386
1.631748 0.9399605 0.3720188 0.2662621
1.743124 0.8344288 0.3637276 0.2639799
2.044821 1.091288 0.4189758 0.3573341
1.681089 1.00651 0.407135 0.3124008
1.93787 1.125401 0.4450855 0.3561153
1.66799 0.7172184 0.3580856 0.2709332
1.635786 0.8202515 0.3967552 0.3301754
2.004074 1.001234 0.4240494 0.3400555
1.08951 0.353056 0.241209 0.131588
1.005346 0.3965282 0.1935329 0.1331158
1.025436 0.2930317 0.1061573 0.09475517
1.838888 0.8388157 0.365839 0.2850456
1.398966 0.8474579 0.4605865 0.2730999
1.282381 0.8559666 0.3616009 0.3284073
2.183382 1.110285 0.4389114 0.3503742
1.622412 1.05722 0.389204 0.3393803
1.082254 0.4326649 0.2670794 0.2305984
1.728918 0.7313309 0.3458958 0.2737141
1.790386 0.7883606 0.3713379 0.312048
1.655981 0.7097588 0.2965317 0.2566071
1.94873 0.9702206 0.4127827 0.2630482
1.242041 0.599184 0.3520241 0.2526665
1.093458 0.4774704 0.3725147 0.1615543
1.911764 1.23456 0.4812756 0.299799
1.829571 1.060883 0.4452 0.3334656
1.401546 0.5865097 0.3534374 0.2340336
1.413509 0.6555557 0.3060408 0.2761545
1.904036 0.9674149 0.4355621 0.3123608
1.978054 0.9055576 0.4536133 0.302043
1.254745 0.6645584 0.3760624 0.233923
1.703918 0.973217 0.4038773 0.330368
1.90406 1.052635 0.4312305 0.3523045
2.14304 0.8448658 0.426899 0.2962494
1.778994 0.8750515 0.3849201 0.3202477
1.335987 0.4974289 0.2742615 0.2262344
1.463911 0.8930244 0.4005833 0.2706146
1.650656 0.6662273 0.3711319 0.3013191
1.829834 0.8862839 0.4667587 0.3334904
1.394205 1.178007 0.4867935 0.3654633
1.862001 0.964138 0.4151535 0.3271046
1.180265 0.4662771 0.2998314 0.1617498
1.766785 0.8500805 0.3478832 0.2821198
1.901146 1.025242 0.4472313 0.3611851
0.8653851 0.8572407 0.4676743 0.2677956
1.085835 0.6507702 0.3865509 0.1976185
1.830374 0.9330845 0.4149742 0.3508396
1.452461 0.7606487 0.3666458 0.2905712
2.230133 1.041679 0.4692516 0.3215389
1.570776 0.8853073 0.4601326 0.3698425
1.340763 0.8340244 0.419117 0.2829189
1.970169 1.229752 0.4708271 0.3195362
1.507927 0.9487743 0.4450798 0.3704567
1.938046 1.084797 0.432848 0.3294735
0.9467831 0.6929951 0.3653564 0.2127647
1.801458 0.9881039 0.3826828 0.2993069
1.975756 0.9743233 0.4048634 0.3513412
1.745405 1.258545 0.4512272 0.3740253
1.289698 0.7402954 0.3981571 0.2923851
1.418419 0.6213474 0.3352242 0.2410364
1.495207 0.7235088 0.4079456 0.2820988
1.826391 1.138163 0.496336 0.3271389
1.202215 0.6121426 0.3669605 0.2356606
0.8849697 0.3486748 0.258152 0.1270819
1.927792 1.199995 0.494751 0.303936
1.121719 0.4786625 0.283083 0.1739044
1.850845 1.019949 0.4345875 0.2998085
1.84004 0.9140873 0.3884544 0.3540573
1.707262 0.7068729 0.3433323 0.246748
1.225126 0.5470943 0.3695621 0.1319065
1.513268 0.8826447 0.4545994 0.254528
1.422188 0.8665619 0.478899 0.3104343
1.914358 0.9889698 0.4350948 0.3623753
1.03266 0.3344707 0.1807232 0.1615219
1.569399 0.7216148 0.3284855 0.2404823
0.9244308 0.4006824 0.3306999 0.0996685
1.408251 0.6587334 0.3470135 0.2686691
1.576105 0.7685709 0.4053612 0.295289
1.86459 0.9036922 0.4265327 0.3189068
1.842741 0.8301754 0.3753462 0.2702169
1.359089 0.7427444 0.4048328 0.2652569
1.994631 0.896822 0.4187183 0.3431864
1.875694 0.9014282 0.3715 0.2557564
1.526667 0.9669113 0.4327545 0.3116703
1.839813 0.8332996 0.3817787 0.3224974
1.726042 0.8099651 0.342741 0.2986164
1.896599 0.9264793 0.3973904 0.2968292
1.573572 0.7746544 0.4337635 0.2694426
1.901958 1.034815 0.4340553 0.3625031
1.800055 0.8149395 0.357893 0.2885151
1.9244 1.232309 0.478487 0.3390675
1.915442 0.9414425 0.3800554 0.3299961
1.06069 0.4155483 0.2718506 0.1722393
1.664242 0.7419033 0.3111973 0.2823353
1.779129 1.393494 0.4727955 0.3295631
1.210066 0.5886059 0.2950897 0.189642
1.081602 0.3734379 0.2184505 -0.1087646
1.307495 0.5953674 0.3046513 0.2360783
1.720455 0.9074631 0.3773041 0.2917538
2.471676 0.6369438 0.255022 -0.2963371
1.726431 1.04896 0.4256687 0.357666
1.357601 0.7380886 0.3465748 0.225893
1.711914 0.8714314 0.433548 0.3581886
1.882755 1.111944 0.4480839 0.3459454
1.150534 0.5283566 0.3616619 0.245079
1.298162 0.6246357 0.43787 0.2643948
1.287025 0.4201412 0.04286003 0.01301193
1.30282 0.6456242 0.3796787 0.2672119
1.745207 1.189774 0.4822197 0.3789787
1.049971 0.713562 0.3612442 0.1535587
1.519577 0.7235336 0.467968 0.3237324
1.789333 1.011492 0.4025669 0.3321247
1.698681 0.6332893 0.3050632 0.3199253
1.273376 0.3985538 0.2010708 -0.0771904
1.12594 0.4782372 0.3122597 0.1880074
1.017954 0.3666096 0.2655678 -0.1734123
1.039326 0.4066944 0.2493896 0.1420994
1.379808 0.7999725 0.4758968 0.3156471
2.445087 1.310465 0.4666786 0.3021755
1.274858 0.5868225 0.3248463 0.2570648
2.054712 0.9975529 0.4327641 0.3377037
1.259556 0.4978848 0.3168736 0.213625
0.9551773 0.345789 0.224596 0.1729317
1.921995 1.15127 0.4344463 0.3477726
1.859287 0.9710007 0.4123993 0.3137951
2.580538 1.315573 0.5224075 0.3832779
2.171213 1.196585 0.4669266 0.3021393
1.053116 0.6215973 0.3654442 0.1388607
1.663561 0.9722614 0.4050789 0.315176
1.437651 0.74473 0.3607407 0.2402916
1.154999 0.577755 0.3252354 0.1432018
1.427126 0.8450489 0.4246273 0.2807503
1.382071 0.6069431 0.3706074 0.2960882
1.53112 0.7762642 0.345293 0.2480679
1.724075 0.834465 0.3792944 0.2799978
1.0937 0.4835243 0.2555161 0.1008568
1.72699 1.063019 0.4231796 0.3161831
1.827406 0.8881626 0.3964424 0.3261967
1.662621 1.118509 0.5009365 0.2036991
1.733921 0.8928318 0.3622456 0.252142
1.164356 0.5094738 0.3324375 0.190155
1.978224 0.9619884 0.434166 0.3341837
1.879957 0.9343681 0.3993149 0.3380756
2.054056 1.050663 0.4584579 0.3905153
1.447105 0.7408504 0.3860512 0.2759323
1.643438 0.7938004 0.4209232 0.2823639
1.78208 0.9455204 0.4206409 0.3858147
1.200609 0.4182491 0.2633476 0.04702377
1.014616 0.7051888 0.3639069 0.1081772
1.864166 1.126595 0.4841652 0.3669472
1.121534 0.5075588 0.3115578 0.1491528
1.317019 0.753315 0.36623 0.2614193
2.821766 1.240005 0.5057583 0.3370953
1.365475 0.5619183 0.3193932 0.2031803
4.529974 0.8364162 0.3890457 0.2770576
1.318628 0.6770477 0.3627605 0.2656898
1.343994 0.6192875 0.3462105 0.2172089
1.845892 0.9513683 0.3793011 0.3574448
1.987894 1.070183 0.4206486 0.3754253
1.247982 0.8178616 0.4327431 0.3268089
2.219091 1.408484 0.4851551 0.3634033
1.865396 1.045172 0.4331779 0.3218594
1.931877 1.223297 0.4841118 0.3444309
1.871346 1.032581 0.4319935 0.3267441
1.031538 0.5279312 0.2940578 0.185503
1.718708 1.200863 0.4878731 0.3127136
2.029392 0.9788437 0.4276066 0.3719978
2.310789 1.397966 0.4835148 0.3188457
1.506355 1.124788 0.534481 0.3241215
1.774706 0.8693352 0.3664684 0.2899246
1.775576 0.8065929 0.390007 0.2833958
1.859674 0.8489094 0.382328 0.2864161
1.97105 0.9482975 0.3843193 0.3217087
1.338093 0.7577648 0.4512978 0.2993164
1.554764 0.9295273 0.4384718 0.2542953
1.874321 1.104301 0.4342251 0.3665514
1.621891 0.9150429 0.4232883 0.3188
1.005981 0.4989967 0.3083057 0.1386013
1.422091 0.8169327 0.4072781 0.1950455
1.700165 0.7748537 0.1160841 0.6241093
1.050922 0.5777245 0.4209099 0.1923065
1.707687 0.7366734 0.4006405 0.2915325
0.9301586 0.2961941 0.2792721 -0.005868912
1.477177 0.6658096 0.3541317 0.2647219
1.916239 0.9795341 0.4055653 0.2993793
1.169986 0.401391 0.1656113 0.05239487
1.900591 0.9062328 0.4109249 0.3316479
1.979338 1.17667 0.4633484 0.3527699
1.346699 0.6723633 0.3446159 0.235508
1.880087 0.9338036 0.3690186 0.3757248
1.095831 0.5608654 0.4306812 0.1853638
1.061465 0.5761242 0.2780724 0.2720842
2.211103 1.347219 0.4560127 0.3821716
1.871784 0.8966389 0.4027004 0.3054333
1.949409 1.016565 0.4427128 0.3772736
1.054243 0.345192 0.2996216 0.1566925
1.070541 0.3725166 0.2534046 0.1297207
1.694208 0.964159 0.461935 0.3149643
1.970242 0.947382 0.4219837 0.3297815
1.398569 0.8591366 0.4534855 0.2926903
1.604959 0.7331295 0.4527397 0.266098
1.878698 0.9255371 0.4014072 0.301405
1.774332 0.8927784 0.5006676 0.3010235
1.077348 0.4433556 0.2284861 0.1084881
1.541967 0.8228989 0.4069328 0.2559853
1.746382 1.042555 0.4146366 0.3140297
1.252178 0.6731834 0.4059486 0.2632427
1.577391 0.7615891 0.3622704 0.1819115
1.31617 0.5203571 0.2458944 0.07796288
2.639015 1.319031 0.5265083 0.4146976
1.849957 0.8706112 0.3865204 0.3314095
1.987427 1.110619 0.4153671 0.3632622
1.872135 1.272406 0.5233059 0.3062916
1.625788 0.7117596 0.3581276 0.306881
1.584656 0.9101715 0.380785 0.2818298
2.838104 1.108088 0.4328899 0.3401794
1.920166 0.8441143 0.3677177 0.3072929
1.758881 1.133123 0.4741917 0.3112907
1.083757 0.4301891 0.320282 0.09335327
1.308641 0.6891689 0.381525 0.2396851
1.094809 0.6763897 0.3388863 0.2316647
1.697062 1.431402 0.4184856 0.2368412
2.165485 1.083925 0.4863777 0.1656551
1.310184 1.058887 0.461153 0.2932529
1.104773 0.3055439 0.2001858 0.1038094
2.334112 1.271006 0.4792404 0.3489571
1.909342 0.8689651 0.4447536 0.3729305
1.811527 1.148926 0.5036469 0.4548512
1.833914 0.8567333 0.4175644 0.2162991
0.9164619 0.4391518 0.2487774 0.1722736
1.937401 1.053556 0.4091339 0.3722801
1.072954 0.52841 0.4369736 0.1361408
1.258528 0.5011721 0.3176947 0.1668177
1.111698 0.7194252 0.4344482 0.2301884
1.169056 0.4630871 0.2689228 0.1981773
1.309956 0.556963 0.3620186 0.1889343
2.083492 1.07542 0.4834881 0.3468513
1.953163 0.8782196 0.3770504 0.2911682
2.015232 1.278791 0.429966 0.2906227
2.090807 1.344383 0.4408531 0.2699738
1.81045 1.032616 0.4031925 0.3386459
1.182081 0.4668789 0.2895832 0.1366253
1.331976 0.7476254 0.3679008 0.2794247
1.581564 0.8243904 0.4620705 0.312233
2.01733 0.8865223 0.6466007 0.4931898
1.287285 0.594471 0.3805847 0.2478018
1.910948 0.8796902 0.3889275 0.2924576
1.566195 0.7275066 0.3448305 0.2458744
2.353258 1.375729 0.491888 0.3346958
1.647947 0.914011 0.4414997 0.3319473
1.116596 0.5908356 0.3772869 0.200613
1.826658 0.937067 0.5318909 0.4755497
1.39019 0.7024994 0.3897076 0.2256756
1.12944 0.4574585 0.2356834 0.09603691
1.744257 0.8552971 0.3767624 0.2848854
2.055996 1.240978 0.4960384 0.3477936
1.888861 1.182465 0.4241505 0.3607616
1.284452 0.543932 0.3433762 0.1834259
1.955444 0.9593506 0.392704 0.3427601
1.573818 0.8978004 0.5076466 0.3756924
1.740561 0.9484673 0.4177513 0.3284588
1.673117 0.941864 0.4111958 0.2697601
2.068729 1.113264 0.4595165 0.3822784
1.165625 0.4629879 0.2798176 0.09580421
1.750616 0.7727394 0.411047 0.4180355
1.635214 0.6730824 0.3087692 0.2457752
1.663998 0.695466 0.337759 0.2641258
1.833389 0.9863491 0.399065 0.29496
1.600643 0.5166454 0.3266716 0.1504364
1.098862 0.8772392 0.4328518 0.2622566
1.859482 0.9491463 0.412775 0.3023195
1.353136 0.7487841 0.4063902 0.2824211
1.92643 0.9221897 0.4250555 0.3018484
1.318682 0.792038 0.359911 0.323597
1.897844 1.009657 0.4214506 0.3239012
1.643536 0.8211689 0.4403 0.3083735
2.378721 1.228058 0.4553337 0.2915535
0.8954639 0.3415756 0.1762409 0.1476212
1.287891 0.6756535 0.283905 0.1792412
1.277727 0.6767807 0.3967819 0.238472
1.961134 1.121965 0.523468 0.3965054
1.216869 0.710556 0.3861446 0.2067318
1.192921 0.4481602 0.3430099 0.1413364
1.367887 0.7540188 0.4017906 0.3165531
1.592356 0.8556576 0.427702 0.3207855
1.419373 0.770586 0.4351368 0.2830162
1.800545 1.055977 0.4386883 0.36479
1.835405 1.040068 0.4187088 0.3539095
1.477524 0.7226715 0.3875427 0.2776079
1.227118 0.5258484 0.3295326 0.2548084
1.260971 0.6795712 0.4191856 0.2754383
1.368885 0.795435 0.3820553 0.2993488
1.211052 0.4926796 0.3636379 0.1862946
1.100765 0.7617569 0.4748096 0.1618004
1.861643 0.9659367 0.4055176 0.35359
1.192886 0.4501839 0.2703438 0.02771187
1.208673 0.5888882 0.3660583 0.1898537
1.333143 0.630743 0.387043 0.2682419
1.758369 0.9221268 0.4412708 0.3001595
1.189009 0.6440563 0.4082985 0.2160244
1.52117 0.7543392 0.3952656 0.2757435
1.935339 0.9276676 0.4146938 0.3218231
0.9730778 0.4378948 0.1909733 0.0327549
1.098131 0.508194 0.3530807 0.1475754
1.954407 1.227779 0.5037479 0.32967
1.25758 0.6758099 0.3828993 0.2253056
1.699368 0.8350544 0.3454189 0.2807941
1.236786 0.6295547 0.3599033 0.205759
1.026712 0.4582577 0.3174973 0.1525202
0.8635883 0.3785038 0.2822018 0.0909977
1.211056 0.5776463 0.3583832 0.1938496
1.5522 0.7702713 0.4121761 0.2694759
1.785135 0.8355675 0.3708191 0.2815628
1.428881 0.487114 0.1888561 -0.01242256
1.097998 0.6479549 0.3616695 0.2223034
1.923777 1.255028 0.4935055 0.2933578
2.031557 1.073238 0.4464531 0.3022594
1.101986 0.4293146 0.2171869 0.199152
1.007687 0.1426239 0.2632027 -0.1057739
0.8985786 0.2954578 0.303194 0.04389191
1.507124 0.8185854 0.4404745 0.3072186
1.562412 0.7630005 0.4262218 0.2778091
1.75462 0.8936901 0.4152164 0.3175831
2.041786 0.994854 0.4376259 0.2633648
1.79401 0.9163456 0.3871002 0.2939281
1.075386 0.6211739 0.3489513 0.1869144
1.90769 1.054129 0.5682545 0.2995815
1.511435 1.008942 0.4075928 0.3270626
1.619232 0.8275013 0.3617783 0.2532444
1.732367 0.9397945 0.391634 0.3230572
1.215906 0.5706081 0.3241234 0.03330421
1.646517 0.8447113 0.3482761 0.3145294
1.476339 0.8429642 0.4124451 0.3009377
1.765738 0.8794861 0.3982162 0.3081417
1.90653 1.010965 0.4069805 0.343317
1.735964 0.8303337 0.4419022 0.3227673
1.822918 0.8418007 0.3809967 0.3045778
1.237011 0.3757896 0.237833 0.09392357
1.742748 1.065411 0.4898186 0.3218651
1.445036 0.6559467 0.348177 0.2704201
1.387493 1.051142 0.479351 0.2880077
1.750965 0.9235439 0.4944229 0.3459206
1.509495 1.040987 0.4934978 0.3443565
1.294636 0.5443516 0.3478336 0.1735449
1.0555 0.7942982 0.4217186 0.220459
1.677725 0.9199066 0.4010868 0.3113918
2.141781 1.16643 0.413311 0.3454971
1.619545 0.7137642 0.343564 0.2631006
1.579779 0.5076332 0.386776 0.07240868
1.355892 0.5457916 0.3100872 0.1866055
0.8839931 0.3717632 0.1573582 -0.190712
1.531948 0.7709293 0.4025288 0.3338184
1.145718 0.371767 0.2258606 0.1685066
1.683624 0.8180904 0.4791737 0.3415728
1.796833 1.196913 0.4243546 0.3369236
1.199429 0.5515823 0.2258549 0.1724844
1.941298 0.9090519 0.4148941 0.3218765
1.087322 0.4664669 0.3104191 0.1608582
1.426384 0.6996746 0.4405346 0.2498245
1.264427 0.7025661 0.3852539 0.2590542
1.953232 1.11722 0.4844284 0.3104706
1.969448 1.060005 0.4713707 0.2474003
1.83638 1.0488 0.4789276 0.3465176
1.6283 1.045183 0.4465599 0.2810268
1.496519 0.8429604 0.4423389 0.3395138
1.759323 0.8276653 0.3838902 0.2997704
1.221464 0.6769657 0.4397888 0.1714935
1.028337 0.4080257 0.2098742 0.1577291
1.399645 0.6875801 0.366478 0.2079277
1.235996 0.7207432 0.4454575 0.2566967
1.670776 0.7703505 0.3230381 0.2613497
1.304276 0.5400333 0.2976055 0.2281342
2.050251 1.006016 0.3919735 0.3710957
1.255854 0.7835808 0.4245148 0.2572784
1.986193 0.8949184 0.3781872 0.2833576
1.4902 0.7501945 0.4130058 0.2572699
0.2846603 0.1134434 0.3336029 1.089077
1.826515 0.8759193 0.4160728 0.2735138
1.426971 0.7516575 0.4166965 0.2842407
1.501753 0.8681583 0.3875141 0.2546177
1.945168 1.062963 0.4729042 0.3537102
1.22155 0.5415592 0.3137627 0.1995392
1.43465 0.6681557 0.3520222 0.4160557
2.051579 1.17067 0.4963474 0.2842693
1.766605 0.8169556 0.3922634 0.2723694
1.559233 0.6639194 0.3511438 0.2485285
1.297709 0.5670147 0.3453865 0.228838
1.107069 0.8027401 0.3369122 0.2608833
1.252548 0.4158916 0.270153 0.1876392
1.824522 0.8314247 0.3748093 0.280241
2.057333 0.9576073 0.4165478 0.3832455
0.8684254 0.4189358 0.3144779 0.08758736
1.251406 0.8768978 0.4121761 0.3283138
1.380959 0.8052101 0.3996296 0.3219833
2.012241 1.111462 0.493391 0.3327827
2.012638 1.201454 0.4414482 0.3397942
1.685514 1.098251 0.462019 0.2868233
1.278244 0.7054234 0.3652687 0.2948666
1.385624 0.5273418 0.2767992 0.04133129
1.488758 0.6539917 0.3579102 0.238905
1.615536 1.219522 0.3088226 0.316803
1.602247 0.9880981 0.4537392 0.2968407
1.443998 0.7032433 0.3224487 0.2688694
1.265173 0.7021275 0.3949471 0.2544098
1.710817 0.977663 0.4530716 0.3424053
1.851913 0.9842129 0.4387207 0.3718185
1.8339 1.136299 0.4533691 0.3450375
1.59931 0.9117355 0.4091034 0.3903275
1.701353 0.8186512 0.3885574 0.294096
1.220303 0.9608059 0.4620686 0.3169975
1.136627 0.7029819 0.3899899 0.232172
1.182041 0.5708675 0.3055973 0.2009602
1.717215 0.9332714 0.374876 0.3256645
1.718176 1.17049 0.4090595 0.311264
1.45422 0.8098125 0.4766312 0.2712574
1.091244 0.4572773 0.3557196 0.1281996
1.743454 1.06905 0.4262791 0.343029
1.711094 0.9328308 0.3963242 0.2886581
2.008856 1.2185 0.4805927 0.3262081
1.230024 0.55159 0.3541489 0.1936169
1.239067 0.5198135 0.3117809 0.1406975
0.5779362 0.9838352 0.8481293 -1.044992
1.623627 1.131451 0.4599094 0.3196278
1.566938 0.7729015 0.4329262 0.3285084
1.728296 0.8076038 0.3968334 0.2916775
1.890198 0.8509178 0.410326 0.3057976
1.647738 0.8213539 0.4425964 0.291605
1.013083 0.3106365 0.2536755 0.09366608
1.671219 0.8324738 0.328371 0.2760239
2.209894 1.228111 0.5014343 0.3293667
1.759562 0.765255 0.3491631 0.28722
1.002972 0.7467117 0.3902435 0.1902218
2.013918 1.187267 0.4483852 0.295023
1.55109 0.8478394 0.3896027 0.3012924
1.157482 0.6323833 0.3498058 0.1782608
1.954298 1.032568 0.4548912 0.3948097
1.15147 0.5721302 0.3518829 0.1740227
1.098051 0.8970737 0.4354019 0.3102188
1.486591 0.7334709 0.3477345 0.2140198
1.265387 0.5107937 0.3031769 0.1562176
1.25828 0.5998268 0.4015923 0.1887779
1.785095 0.8574238 0.3792381 0.2930946
1.285097 0.5441494 0.418211 0.1762772
1.580221 0.5313435 0.2929916 0.0950222
1.429426 1.000772 0.4593391 0.2718754
1.808353 1.112278 0.4805679 0.3817768
1.656351 0.788682 0.4301863 0.3328419
1.546329 0.7769289 0.3882084 0.2805605
1.673901 1.080975 0.5082169 0.3522129
1.525661 0.6845827 0.3386545 0.2846003
1.135933 0.537714 0.2636166 0.1696014
2.115067 1.042784 0.4469452 0.3997517
1.688574 1.244825 0.5226746 0.3823032
2.169548 1.084753 0.4235973 0.3933029
1.59004 0.8031082 0.3800716 0.3874073
1.871902 0.9124966 0.3730583 0.232935
1.932289 1.037212 0.4142208 0.4527245
1.813953 1.044273 0.4555645 0.3777142
1.530735 0.7507668 0.4111195 0.2713356
1.903635 1.00395 0.4103985 0.3499699
1.153225 0.8656693 0.4621601 0.2843094
1.695578 0.9057102 0.3808689 0.2631092
1.772106 0.8438816 0.3726101 0.2964001
1.641741 0.7352123 0.3812656 0.2473278
1.22604 0.4417191 0.291441 0.2136288
1.26454 0.803297 0.4012909 0.2784729
1.522263 0.7516966 0.378582 0.2984285
0.9204502 0.3088512 0.2535934 0.09923935
1.654863 0.8888741 0.4819107 0.3462353
2.123379 1.156914 0.4683075 0.3664207
1.626694 1.143429 0.4542809 0.4999046
1.765018 1.102474 0.4804611 0.3592415
1.94614 1.108625 0.3820934 0.3749275
1.408041 0.6369972 0.3447981 0.2379656
1.28356 0.5957947 0.3060455 0.2024269
1.773092 1.149881 0.4388142 0.3061676
1.905483 1.373739 0.4913082 0.3429394
1.385992 0.8216248 0.3978195 0.2912579
1.258087 0.5957718 0.3548574 0.2472191
1.932419 1.352339 0.4644871 0.3427792
1.273281 0.734066 0.348093 0.2506371
1.748829 0.830122 0.3734951 0.2856922
1.341711 0.6417847 0.3799839 0.2481403
1.747641 0.8458385 0.4169788 0.3539705
1.113871 0.6872597 0.4073524 0.2111244
1.038609 0.8044453 0.4375877 0.291584
1.481678 0.9257317 0.5068493 0.3893261
1.960121 1.108835 0.5009689 0.3533783
1.20199 0.4468327 0.294075 0.1295547
1.833218 0.9107857 0.4014788 0.3213568
1.565702 0.7128029 0.322876 0.2553349
1.759449 0.8475037 0.3869858 0.2929344
1.532345 0.8088169 0.429081 0.3032131
2.06275 1.147409 0.4450359 0.3618088
1.359098 0.7517891 0.3461857 0.3020267
1.863764 0.9199963 0.3846703 0.3019276
1.260719 0.6276283 0.3438053 0.2440987
1.913078 0.8369656 0.3891888 0.3041248
1.300327 0.5073814 0.3793488 0.1716728
2.251339 1.016966 0.4379864 0.3889198
1.209929 0.64291 0.3613415 0.1872921
2.223463 1.428251 0.4118404 0.2598095
0.8742676 0.2964344 0.1804943 0.08410263
2.064157 0.9711514 0.4901848 0.3200111
1.596636 0.7365646 0.4032402 0.2767
1.28783 0.719326 0.307457 0.1982021
1.540142 0.6911621 0.3421993 0.2261591
1.343208 0.4109516 0.2471581 0.1199913
1.217663 0.4353228 0.1998215 0.1590471
2.028751 1.128845 0.4455872 0.3291397
1.415365 0.9720478 0.4742661 0.2805042
2.11274 1.071793 0.4476948 0.3292618
1.998501 1.237253 0.4598484 0.3568954
1.93248 0.9060955 0.4208241 0.3399773
1.108383 0.3331089 0.2659607 0.1338177
1.986675 1.101942 0.4736156 0.3789921
1.069046 0.4536877 0.3388386 0.2054386
1.804619 0.8697529 0.3818169 0.3161163
1.121393 0.3130684 0.2189827 0.02295876
1.557278 0.9093285 0.4779434 0.2754326
0.9916515 0.7600498 0.437952 0.2136936
1.553421 0.8196888 0.4019203 0.3017483
2.225676 1.207685 0.4408035 0.3662014
1.706369 1.134125 0.4646816 0.3294067
1.238102 0.7716007 0.3777218 0.3097801
1.813087 1.169886 0.4569149 0.352396
1.836103 0.8697739 0.400938 0.3281689
1.425703 0.8578854 0.4262943 0.3366737
1.86101 0.9756813 0.4108009 0.3751526
1.773645 0.940731 0.3911133 0.2858257
1.847267 0.8790455 0.4056282 0.3228016
1.126326 0.434454 0.3727322 0.2309322
1.558939 1.120726 0.4605675 0.3528099
1.400269 0.8707752 0.4030704 0.2980156
1.049749 0.3775349 0.2300568 0.09598541
1.88983 0.9146652 0.3882122 0.3019047
1.003599 0.4028263 0.2994347 0.1538124
1.741144 0.8977013 0.3694897 0.312458
1.534864 0.7962532 0.3940773 0.3035765
1.276373 0.5802479 0.3188391 0.2199726
1.808266 1.029142 0.4236069 0.3260403
1.826267 0.9949188 0.3861256 0.3861275
1.820406 1.053442 0.475502 0.3174858
1.362787 1.020668 0.4483757 0.32234
1.317532 0.7868347 0.4319363 0.3037014
1.840584 1.178509 0.4615192 0.3368244
1.624352 0.8152981 0.4809475 0.3082256
1.775154 0.915781 0.3690052 0.3178177
0.9338989 0.3786821 0.1830721 0.1516323
0.9636917 0.4088001 0.2659855 0.1044292
1.158463 0.6776409 0.3570347 0.1558819
1.962032 0.9476681 0.3950367 0.3096867
0.9528942 0.3322182 0.1904087 -0.03949356
2.027969 1.192694 0.4849987 0.2820129
2.082556 1.199203 0.4798489 0.3770332
3.088064 0.9124613 -0.5211248 1.20943
1.059032 0.773859 0.1563606 0.1931953
1.773329 0.9801159 0.4747028 0.3813419
1.893476 1.117662 0.4568329 0.3752975
0.9739552 0.2542439 0.1973667 0.07767487
1.704966 0.8031445 0.3514881 0.272028
1.450035 0.6819248 0.3649292 0.1982594
1.121964 0.5181942 0.3197155 0.1606884
1.733065 1.105597 0.4446068 0.3093033
1.755892 0.8223591 0.3733521 0.2775478
1.901651 1.174294 0.4266376 0.3833885
0.9402637 0.3743992 0.23209 0.1593704
1.840134 1.232244 0.4880772 0.2988815
2.029896 0.9674091 0.4180737 0.3694324
2.077291 1.138538 0.4902382 0.3194523
2.240652 1.296795 0.4770927 0.3044739
0.9637928 0.4606342 0.3076477 0.1660995
1.203274 0.5458794 0.3374977 0.2513733
1.371365 0.8700314 0.397747 0.3264885
1.678141 0.9399319 0.4393711 0.3464737
1.766321 0.902195 0.4574013 0.3309193
1.969494 1.208513 0.47505 0.3440151
1.167274 0.7282562 0.3692818 0.217802
1.854582 1.091957 0.471653 0.3904572
1.855429 0.8614292 0.4013348 0.3248472
1.860664 1.00749 0.4385643 0.3629475
0.990387 0.3905582 0.311203 0.1076164
1.859091 1.091497 0.4406643 0.3505516
1.1803 0.4430771 0.2455044 0.1116047
1.327171 0.6136971 0.3589621 0.2331619
1.75976 1.058571 0.4985218 0.3620777
2.152136 1.160656 0.4629173 0.3507347
1.518499 1.018461 0.4608536 0.3339863
1.592924 0.819973 0.3838825 0.2331734
1.155495 0.59165 0.3947392 0.1530285
1.900581 1.007324 0.4304161 0.3111935
1.961023 1.206652 0.4619656 0.2854233
1.19628 0.5312443 0.33251 0.1654091
1.492359 0.9269905 0.4181347 0.285965
1.807377 0.8978996 0.4608364 0.2864552
1.41412 0.7057133 0.3494244 0.1850071
2.094706 1.03455 0.4372768 0.3137417
1.741287 1.023333 0.4514542 0.3214531
1.570435 1.101521 0.4038277 0.3342438
1.974579 1.173651 0.4813938 0.3068504
1.175545 0.7310143 0.3829117 0.2425194
1.323479 0.8404675 0.4060974 0.2753162
1.668659 1.03908 0.4282284 0.2655296
1.228117 0.561409 0.2889977 0.2035656
1.114904 0.6990585 0.3536224 0.2261925
1.93111 0.9461708 0.4153633 0.3160877
1.506237 0.8132763 0.4198875 0.2563362
1.995682 1.002789 0.4375038 0.3292599
1.106227 0.4344921 0.3238688 0.157712
1.512018 1.163012 0.5123005 0.3343239
1.686403 1.252872 0.2051983 0.3153458
1.827557 1.019098 0.4255714 0.3243198
0.9588966 0.4329128 0.2826519 0.1317005
1.997881 1.031631 0.4439011 0.3389473
1.355513 0.6916466 0.3069916 0.2547703
2.014391 0.9300709 0.4141026 0.3718338
1.116135 0.4185982 0.2208939 0.1916981
1.59185 0.8074722 0.42342 0.3570118
1.799892 0.88521 0.3721695 0.2909641
1.119974 0.807951 0.397028 0.2610531
1.870001 0.9854221 0.4115963 0.3354225
1.41556 0.6084423 0.3004589 0.2034359
1.914888 1.043516 0.4588299 0.3953018
1.774794 0.882246 0.3942471 0.3101597
1.040464 0.2839279 0.08624077 0.07888031
1.303293 0.4860535 0.258337 0.1832352
1.470295 0.7522221 0.4042721 0.2805824
1.428448 0.6357269 0.2624426 0.1122255
1.085075 0.4604492 0.283268 0.1652126
1.265905 0.8302917 0.4237499 0.2683887
1.0434 0.5269642 0.3322868 0.1594868
1.982275 0.9748802 0.4141426 0.2982655
1.733147 0.951952 0.3580017 0.3545437
1.843176 0.8863735 0.405345 0.3069429
1.717424 0.8033638 0.3232365 0.2435608
1.682934 0.8861427 0.3815002 0.2973366
1.684023 0.9196281 0.3978138 0.3214703
1.222874 0.5434532 0.3005924 0.2092304
1.280481 1.045717 0.4089069 0.2674274
1.874609 1.258318 0.5212154 0.4483204
1.619606 0.9974918 0.5189667 0.3555107
1.900412 1.140783 0.4282608 0.371706
1.901525 0.9979057 0.4318008 0.3341484
1.801184 0.823164 0.3493443 0.2534332
1.896236 1.195459 0.4328442 0.2752571
1.772842 1.030588 0.4627037 0.2692719
1.458666 0.8980808 0.3907795 0.2857094
1.713301 0.8481674 0.3980446 0.261364
1.086266 0.5685291 0.3109493 0.2349453
1.33585 0.5789795 0.3824644 0.2464504
1.646603 0.7776108 0.3804646 0.3009167
1.70146 1.229053 0.4902897 0.3112869
2.066143 1.136351 0.4410877 0.3373852
1.685539 0.8391647 0.3261757 0.2413578
1.741512 0.9129868 0.3713512 0.3188324
2.023565 1.119389 0.4530964 0.3058319
2.051329 0.9543152 0.3867493 0.3467503
1.138905 0.4327583 0.2987404 0.1810131
1.61524 0.7959213 0.4387274 0.3316278
1.313866 0.6012249 0.3524475 0.2260151
1.064669 0.3149681 0.2045078 0.2184753
1.907423 0.9197025 0.4289837 0.3676567
1.297155 0.5849705 0.310729 0.211729
1.514523 0.818676 0.4390659 0.2833271
1.127384 0.3932037 0.2871609 0.07074165
1.652557 0.8430977 0.4136429 0.293539
1.865305 0.8762398 0.3924503 0.3078117
1.354233 0.5891323 0.3742199 0.2555485
1.541756 0.7109108 0.3727455 0.2546291
1.835327 1.244484 0.5120373 0.3188896
1.573717 0.7878475 0.3966866 0.2929268
2.091522 1.138683 0.53619 0.3516693
1.716757 1.23912 0.4544811 0.3653412
1.910406 0.9384575 0.435276 0.2973385
1.184486 0.7214661 0.3949699 0.2345085
1.611544 0.9622383 0.4351368 0.3114319
0.8636398 0.4739628 0.3390045 0.1147785
1.654697 0.7650261 0.377615 0.3005161
1.988783 0.9968376 0.4399967 0.3638163
1.776529 0.7697906 0.3697453 0.2728071
1.576002 0.7226009 0.3697147 0.2905693
1.247053 0.5843086 0.3233738 0.2304764
1.836992 1.122183 0.4403076 0.3337727
1.846579 0.9686737 0.4579277 0.3292742
1.661711 0.7252407 0.3214321 0.2638922
2.077768 1.31064 0.464489 0.359705
1.116114 0.7426186 0.3960438 0.2674122
1.856199 1.049942 0.4155121 0.3093224
1.153402 0.6348629 0.3508606 0.2602558
1.493305 0.7701015 0.374279 0.2526894
1.794724 0.8564625 0.3690968 0.3104391
1.334991 0.7252522 0.4548149 0.3235931
1.045835 0.555994 0.3709507 0.1721306
1.725863 1.107611 0.4589653 0.2988205
2.356863 0.8729877 0.4362564 0.4170666
1.053314 0.5109272 0.3920898 0.1563873
1.908201 1.072662 0.4439678 0.345499
1.432644 0.7460918 0.3866234 0.2532024
1.462358 0.7837238 0.4107571 0.293211
1.415592 0.7040215 0.3731575 0.2902107
1.453266 0.8868313 0.4212189 0.3297443
1.298094 0.4080887 0.2550068 -0.05685997
0.3740025 0.9286747 0.4176254 0.3656998
1.792816 1.237057 0.5293369 0.2842636
1.144255 0.7805443 0.3705444 0.2565422
1.070944 0.6187973 0.3214283 0.2520752
1.206694 0.6677704 0.3518829 0.2125378
1.380264 0.6895428 0.3105688 0.2537222
2.213949 1.102972 0.453825 0.3077183
1.62871 1.059107 0.4671383 0.357542
1.199562 0.5648708 0.3073654 0.192915
1.005341 0.3709412 0.1671906 0.1011448
1.156549 0.4489822 0.2294025 0.2046509
1.105356 0.3564339 0.2151718 0.1046772
1.04034 0.466032 0.2104321 0.1650066
1.067808 0.4163971 0.2390919 0.1059685
2.102522 1.082623 0.4365082 0.3164253
1.710392 0.9594021 0.4188118 0.3231106
1.087137 0.536335 0.3451576 0.1314049
1.752768 1.023869 0.4145069 0.3078785
1.759895 0.834444 0.3689556 0.2864056
1.007685 0.3983212 0.2830524 0.1383209
1.33618 0.7966099 0.3916779 0.2704468
1.126261 0.6018982 0.3690662 0.1546001
1.919735 1.077524 0.4598579 0.3259182
1.411772 0.9443855 0.4487591 0.3119965
1.912455 0.9530487 0.4120502 0.3133278
1.741596 0.7662067 0.3658733 0.2425976
1.570585 0.7303829 0.3777504 0.2892103
1.790449 0.7722816 0.3623161 0.2744179
1.221725 0.6003418 0.3410034 0.1727085
1.408686 0.6672287 0.3260918 0.2885151
2.08477 0.9673672 0.412056 0.3214302
1.359707 1.19305 0.5019035 0.3649082
1.863039 1.039011 0.3952675 0.3134155
1.179249 0.5438461 0.2812748 0.2557182
1.577906 0.9432087 0.4883785 0.2806358
1.97748 1.170393 0.4145641 0.3305779
1.238321 0.5466766 0.336977 0.1938057
1.769308 0.9275169 0.4932289 0.3482399
1.252949 0.4716587 0.227354 0.1679249
1.811314 1.315329 0.5041313 0.315733
1.084444 0.5217133 0.3449726 0.287899
1.55401 0.9619865 0.4585743 0.369524
1.812447 0.8438969 0.4562664 0.3298473
1.865379 0.8975754 0.3851871 0.3034325
1.688705 1.117039 0.4984055 0.4158611
1.933369 1.139563 0.4562435 0.3321362
1.26656 0.5082245 0.3297005 0.1827793
1.898552 0.8562107 0.3994541 0.2891502
1.496969 0.7709007 0.417305 0.3292036
2.112362 1.039431 0.482523 0.4202585
1.419628 0.586256 0.33638 0.06132317
0.9470387 0.3910484 0.2256088 0.1718483
1.180952 0.4937706 0.2962627 0.1860437
1.658552 0.8560066 0.3869724 0.3321438
1.356169 0.4957638 0.3047066 0.1549492
1.888165 0.9227943 0.4264889 0.3345737
1.386311 0.9077492 0.4301147 0.2790947
1.430964 1.030224 0.3276539 0.2858906
1.764187 0.8611984 0.3990765 0.310482
1.831913 0.8732281 0.3747978 0.2875423
1.997782 0.959341 0.397789 0.3531246
1.783506 1.142334 0.4583073 0.2848434
1.110416 0.5546551 0.3614864 0.1917572
1.624681 1.05867 0.4754124 0.3344059
2.056786 1.121622 0.4940395 0.3128338
1.71443 0.813982 0.3697052 0.2658272
1.99917 1.07579 0.3978767 0.2500668
1.122171 0.3562508 0.1982708 0.07794762
1.153608 0.4644718 0.2994347 0.1710815
1.141155 0.6661797 0.3088379 0.2217083
1.500443 0.9213791 0.4029846 0.3266716
1.083374 0.286829 0.1728973 0.001167297
1.874275 0.9944725 0.4112167 0.322567
1.404318 0.6639977 0.3611345 0.2659454
1.186617 0.5256538 0.3295422 0.1873035
1.85675 0.9405689 0.4290104 0.3608398
1.202862 0.4295139 0.2247992 0.1171703
1.296707 0.5897808 0.3762894 0.1409187
1.718487 1.022995 0.4079399 0.3421192
1.744017 1.184334 0.4788837 0.3542824
1.733694 0.9052601 0.4536667 0.3221912
1.717157 1.000198 0.5160141 0.391449
1.812891 1.052181 0.4315567 0.3294277
1.903122 0.931776 0.4230404 0.3141842
1.364368 0.8093758 0.407774 0.2589741
1.233032 0.794836 0.3605556 0.2623634
1.841778 0.9933414 0.4390583 0.3214188
1.858246 0.833334 0.3958397 0.264328
1.669659 0.9493046 0.4918213 0.3517513
1.519655 0.9362202 0.4409637 0.3138008
1.836655 1.04458 0.4251671 0.258358
1.555784 0.807045 0.3439693 0.2696018
1.059961 0.7202721 0.4246101 0.24897
1.630037 0.7268028 0.3327351 0.2167149
